[0.285s] DEBUG:colcon:Command line arguments: ['/usr/bin/colcon', 'build']
[0.285s] DEBUG:colcon:Parsed command line arguments: Namespace(log_base=None, log_level=None, verb_name='build', build_base='build', install_base='install', merge_install=False, symlink_install=False, test_result_base=None, continue_on_error=False, executor='parallel', parallel_workers=4, event_handlers=None, ignore_user_meta=False, metas=['./colcon.meta'], base_paths=['.'], packages_ignore=None, packages_ignore_regex=None, paths=None, packages_up_to=None, packages_up_to_regex=None, packages_above=None, packages_above_and_dependencies=None, packages_above_depth=None, packages_select_by_dep=None, packages_skip_by_dep=None, packages_skip_up_to=None, packages_select_build_failed=False, packages_skip_build_finished=False, packages_select_test_failures=False, packages_skip_test_passed=False, packages_select=None, packages_skip=None, packages_select_regex=None, packages_skip_regex=None, packages_start=None, packages_end=None, allow_overriding=[], cmake_args=None, cmake_target=None, cmake_target_skip_unavailable=False, cmake_clean_cache=False, cmake_clean_first=False, cmake_force_configure=False, ament_cmake_args=None, catkin_cmake_args=None, catkin_skip_building_tests=False, verb_parser=<colcon_defaults.argument_parser.defaults.DefaultArgumentsDecorator object at 0x7f07d8af9e50>, verb_extension=<colcon_core.verb.build.BuildVerb object at 0x7f07d8af98e0>, main=<bound method BuildVerb.main of <colcon_core.verb.build.BuildVerb object at 0x7f07d8af98e0>>)
[0.422s] Level 1:colcon.colcon_core.package_discovery:discover_packages(colcon_meta) check parameters
[0.424s] Level 1:colcon.colcon_core.package_discovery:discover_packages(recursive) check parameters
[0.428s] Level 1:colcon.colcon_core.package_discovery:discover_packages(ignore) check parameters
[0.428s] Level 1:colcon.colcon_core.package_discovery:discover_packages(path) check parameters
[0.428s] Level 1:colcon.colcon_core.package_discovery:discover_packages(colcon_meta) discover
[0.428s] Level 1:colcon.colcon_core.package_discovery:discover_packages(recursive) discover
[0.428s] INFO:colcon.colcon_core.package_discovery:Crawling recursively for packages in '/root/workspaces/ros2_ws'
[0.429s] Level 1:colcon.colcon_core.package_identification:_identify(.) by extensions ['ignore', 'ignore_ament_install']
[0.433s] Level 1:colcon.colcon_core.package_identification:_identify(.) by extension 'ignore'
[0.440s] Level 1:colcon.colcon_core.package_identification:_identify(.) by extension 'ignore_ament_install'
[0.446s] Level 1:colcon.colcon_core.package_identification:_identify(.) by extensions ['colcon_pkg']
[0.447s] Level 1:colcon.colcon_core.package_identification:_identify(.) by extension 'colcon_pkg'
[0.454s] Level 1:colcon.colcon_core.package_identification:_identify(.) by extensions ['colcon_meta']
[0.456s] Level 1:colcon.colcon_core.package_identification:_identify(.) by extension 'colcon_meta'
[0.461s] Level 1:colcon.colcon_core.package_identification:_identify(.) by extensions ['ros']
[0.466s] Level 1:colcon.colcon_core.package_identification:_identify(.) by extension 'ros'
[0.544s] Level 1:colcon.colcon_core.package_identification:_identify(.) by extensions ['cmake', 'python']
[0.545s] Level 1:colcon.colcon_core.package_identification:_identify(.) by extension 'cmake'
[0.551s] Level 1:colcon.colcon_core.package_identification:_identify(.) by extension 'python'
[0.555s] Level 1:colcon.colcon_core.package_identification:_identify(.) by extensions ['python_setup_py']
[0.557s] Level 1:colcon.colcon_core.package_identification:_identify(.) by extension 'python_setup_py'
[0.562s] Level 1:colcon.colcon_core.package_identification:_identify(build) by extensions ['ignore', 'ignore_ament_install']
[0.566s] Level 1:colcon.colcon_core.package_identification:_identify(build) by extension 'ignore'
[0.572s] Level 1:colcon.colcon_core.package_identification:_identify(build) ignored
[0.578s] Level 1:colcon.colcon_core.package_identification:_identify(install) by extensions ['ignore', 'ignore_ament_install']
[0.582s] Level 1:colcon.colcon_core.package_identification:_identify(install) by extension 'ignore'
[0.597s] Level 1:colcon.colcon_core.package_identification:_identify(install) ignored
[0.613s] Level 1:colcon.colcon_core.package_identification:_identify(log) by extensions ['ignore', 'ignore_ament_install']
[0.613s] Level 1:colcon.colcon_core.package_identification:_identify(log) by extension 'ignore'
[0.618s] Level 1:colcon.colcon_core.package_identification:_identify(log) ignored
[0.623s] Level 1:colcon.colcon_core.package_identification:_identify(src) by extensions ['ignore', 'ignore_ament_install']
[0.627s] Level 1:colcon.colcon_core.package_identification:_identify(src) by extension 'ignore'
[0.632s] Level 1:colcon.colcon_core.package_identification:_identify(src) by extension 'ignore_ament_install'
[0.638s] Level 1:colcon.colcon_core.package_identification:_identify(src) by extensions ['colcon_pkg']
[0.639s] Level 1:colcon.colcon_core.package_identification:_identify(src) by extension 'colcon_pkg'
[0.646s] Level 1:colcon.colcon_core.package_identification:_identify(src) by extensions ['colcon_meta']
[0.649s] Level 1:colcon.colcon_core.package_identification:_identify(src) by extension 'colcon_meta'
[0.653s] Level 1:colcon.colcon_core.package_identification:_identify(src) by extensions ['ros']
[0.658s] Level 1:colcon.colcon_core.package_identification:_identify(src) by extension 'ros'
[0.672s] Level 1:colcon.colcon_core.package_identification:_identify(src) by extensions ['cmake', 'python']
[0.672s] Level 1:colcon.colcon_core.package_identification:_identify(src) by extension 'cmake'
[0.679s] Level 1:colcon.colcon_core.package_identification:_identify(src) by extension 'python'
[0.683s] Level 1:colcon.colcon_core.package_identification:_identify(src) by extensions ['python_setup_py']
[0.692s] Level 1:colcon.colcon_core.package_identification:_identify(src) by extension 'python_setup_py'
[0.698s] Level 1:colcon.colcon_core.package_identification:_identify(src/Gazebo_worlds) by extensions ['ignore', 'ignore_ament_install']
[0.701s] Level 1:colcon.colcon_core.package_identification:_identify(src/Gazebo_worlds) by extension 'ignore'
[0.708s] Level 1:colcon.colcon_core.package_identification:_identify(src/Gazebo_worlds) by extension 'ignore_ament_install'
[0.714s] Level 1:colcon.colcon_core.package_identification:_identify(src/Gazebo_worlds) by extensions ['colcon_pkg']
[0.718s] Level 1:colcon.colcon_core.package_identification:_identify(src/Gazebo_worlds) by extension 'colcon_pkg'
[0.724s] Level 1:colcon.colcon_core.package_identification:_identify(src/Gazebo_worlds) by extensions ['colcon_meta']
[0.726s] Level 1:colcon.colcon_core.package_identification:_identify(src/Gazebo_worlds) by extension 'colcon_meta'
[0.731s] Level 1:colcon.colcon_core.package_identification:_identify(src/Gazebo_worlds) by extensions ['ros']
[0.735s] Level 1:colcon.colcon_core.package_identification:_identify(src/Gazebo_worlds) by extension 'ros'
[0.746s] Level 1:colcon.colcon_core.package_identification:_identify(src/Gazebo_worlds) by extensions ['cmake', 'python']
[0.746s] Level 1:colcon.colcon_core.package_identification:_identify(src/Gazebo_worlds) by extension 'cmake'
[0.753s] Level 1:colcon.colcon_core.package_identification:_identify(src/Gazebo_worlds) by extension 'python'
[0.757s] Level 1:colcon.colcon_core.package_identification:_identify(src/Gazebo_worlds) by extensions ['python_setup_py']
[0.760s] Level 1:colcon.colcon_core.package_identification:_identify(src/Gazebo_worlds) by extension 'python_setup_py'
[0.767s] Level 1:colcon.colcon_core.package_identification:_identify(src/Gazebo_worlds/images) by extensions ['ignore', 'ignore_ament_install']
[0.774s] Level 1:colcon.colcon_core.package_identification:_identify(src/Gazebo_worlds/images) by extension 'ignore'
[0.781s] Level 1:colcon.colcon_core.package_identification:_identify(src/Gazebo_worlds/images) by extension 'ignore_ament_install'
[0.789s] Level 1:colcon.colcon_core.package_identification:_identify(src/Gazebo_worlds/images) by extensions ['colcon_pkg']
[0.793s] Level 1:colcon.colcon_core.package_identification:_identify(src/Gazebo_worlds/images) by extension 'colcon_pkg'
[0.795s] Level 1:colcon.colcon_core.package_identification:_identify(src/Gazebo_worlds/images) by extensions ['colcon_meta']
[0.800s] Level 1:colcon.colcon_core.package_identification:_identify(src/Gazebo_worlds/images) by extension 'colcon_meta'
[0.805s] Level 1:colcon.colcon_core.package_identification:_identify(src/Gazebo_worlds/images) by extensions ['ros']
[0.809s] Level 1:colcon.colcon_core.package_identification:_identify(src/Gazebo_worlds/images) by extension 'ros'
[0.821s] Level 1:colcon.colcon_core.package_identification:_identify(src/Gazebo_worlds/images) by extensions ['cmake', 'python']
[0.822s] Level 1:colcon.colcon_core.package_identification:_identify(src/Gazebo_worlds/images) by extension 'cmake'
[0.829s] Level 1:colcon.colcon_core.package_identification:_identify(src/Gazebo_worlds/images) by extension 'python'
[0.833s] Level 1:colcon.colcon_core.package_identification:_identify(src/Gazebo_worlds/images) by extensions ['python_setup_py']
[0.836s] Level 1:colcon.colcon_core.package_identification:_identify(src/Gazebo_worlds/images) by extension 'python_setup_py'
[0.842s] Level 1:colcon.colcon_core.package_identification:_identify(src/Gazebo_worlds/warehouse_worlds) by extensions ['ignore', 'ignore_ament_install']
[0.845s] Level 1:colcon.colcon_core.package_identification:_identify(src/Gazebo_worlds/warehouse_worlds) by extension 'ignore'
[0.852s] Level 1:colcon.colcon_core.package_identification:_identify(src/Gazebo_worlds/warehouse_worlds) by extension 'ignore_ament_install'
[0.859s] Level 1:colcon.colcon_core.package_identification:_identify(src/Gazebo_worlds/warehouse_worlds) by extensions ['colcon_pkg']
[0.859s] Level 1:colcon.colcon_core.package_identification:_identify(src/Gazebo_worlds/warehouse_worlds) by extension 'colcon_pkg'
[0.861s] Level 1:colcon.colcon_core.package_identification:_identify(src/Gazebo_worlds/warehouse_worlds) by extensions ['colcon_meta']
[0.864s] Level 1:colcon.colcon_core.package_identification:_identify(src/Gazebo_worlds/warehouse_worlds) by extension 'colcon_meta'
[0.864s] Level 1:colcon.colcon_core.package_identification:_identify(src/Gazebo_worlds/warehouse_worlds) by extensions ['ros']
[0.869s] Level 1:colcon.colcon_core.package_identification:_identify(src/Gazebo_worlds/warehouse_worlds) by extension 'ros'
[0.886s] DEBUG:colcon.colcon_core.package_identification:Package 'src/Gazebo_worlds/warehouse_worlds' with type 'ros.ament_cmake' and name 'warehouse_worlds'
[0.888s] Level 1:colcon.colcon_core.package_identification:_identify(src/ai-worker-sim) by extensions ['ignore', 'ignore_ament_install']
[0.891s] Level 1:colcon.colcon_core.package_identification:_identify(src/ai-worker-sim) by extension 'ignore'
[0.898s] Level 1:colcon.colcon_core.package_identification:_identify(src/ai-worker-sim) by extension 'ignore_ament_install'
[0.906s] Level 1:colcon.colcon_core.package_identification:_identify(src/ai-worker-sim) by extensions ['colcon_pkg']
[0.906s] Level 1:colcon.colcon_core.package_identification:_identify(src/ai-worker-sim) by extension 'colcon_pkg'
[0.913s] Level 1:colcon.colcon_core.package_identification:_identify(src/ai-worker-sim) by extensions ['colcon_meta']
[0.917s] Level 1:colcon.colcon_core.package_identification:_identify(src/ai-worker-sim) by extension 'colcon_meta'
[0.924s] Level 1:colcon.colcon_core.package_identification:_identify(src/ai-worker-sim) by extensions ['ros']
[0.928s] Level 1:colcon.colcon_core.package_identification:_identify(src/ai-worker-sim) by extension 'ros'
[0.938s] Level 1:colcon.colcon_core.package_identification:_identify(src/ai-worker-sim) by extensions ['cmake', 'python']
[0.938s] Level 1:colcon.colcon_core.package_identification:_identify(src/ai-worker-sim) by extension 'cmake'
[0.945s] Level 1:colcon.colcon_core.package_identification:_identify(src/ai-worker-sim) by extension 'python'
[0.950s] Level 1:colcon.colcon_core.package_identification:_identify(src/ai-worker-sim) by extensions ['python_setup_py']
[0.953s] Level 1:colcon.colcon_core.package_identification:_identify(src/ai-worker-sim) by extension 'python_setup_py'
[0.959s] Level 1:colcon.colcon_core.package_identification:_identify(src/ai-worker-sim/ffw_bringup) by extensions ['ignore', 'ignore_ament_install']
[0.964s] Level 1:colcon.colcon_core.package_identification:_identify(src/ai-worker-sim/ffw_bringup) by extension 'ignore'
[0.971s] Level 1:colcon.colcon_core.package_identification:_identify(src/ai-worker-sim/ffw_bringup) by extension 'ignore_ament_install'
[0.978s] Level 1:colcon.colcon_core.package_identification:_identify(src/ai-worker-sim/ffw_bringup) by extensions ['colcon_pkg']
[0.978s] Level 1:colcon.colcon_core.package_identification:_identify(src/ai-worker-sim/ffw_bringup) by extension 'colcon_pkg'
[0.985s] Level 1:colcon.colcon_core.package_identification:_identify(src/ai-worker-sim/ffw_bringup) by extensions ['colcon_meta']
[0.988s] Level 1:colcon.colcon_core.package_identification:_identify(src/ai-worker-sim/ffw_bringup) by extension 'colcon_meta'
[0.993s] Level 1:colcon.colcon_core.package_identification:_identify(src/ai-worker-sim/ffw_bringup) by extensions ['ros']
[0.999s] Level 1:colcon.colcon_core.package_identification:_identify(src/ai-worker-sim/ffw_bringup) by extension 'ros'
[1.016s] DEBUG:colcon.colcon_core.package_identification:Package 'src/ai-worker-sim/ffw_bringup' with type 'ros.ament_python' and name 'ffw_bringup'
[1.018s] Level 1:colcon.colcon_core.package_identification:_identify(src/ai-worker-sim/ffw_description) by extensions ['ignore', 'ignore_ament_install']
[1.025s] Level 1:colcon.colcon_core.package_identification:_identify(src/ai-worker-sim/ffw_description) by extension 'ignore'
[1.028s] Level 1:colcon.colcon_core.package_identification:_identify(src/ai-worker-sim/ffw_description) by extension 'ignore_ament_install'
[1.036s] Level 1:colcon.colcon_core.package_identification:_identify(src/ai-worker-sim/ffw_description) by extensions ['colcon_pkg']
[1.038s] Level 1:colcon.colcon_core.package_identification:_identify(src/ai-worker-sim/ffw_description) by extension 'colcon_pkg'
[1.044s] Level 1:colcon.colcon_core.package_identification:_identify(src/ai-worker-sim/ffw_description) by extensions ['colcon_meta']
[1.046s] Level 1:colcon.colcon_core.package_identification:_identify(src/ai-worker-sim/ffw_description) by extension 'colcon_meta'
[1.051s] Level 1:colcon.colcon_core.package_identification:_identify(src/ai-worker-sim/ffw_description) by extensions ['ros']
[1.056s] Level 1:colcon.colcon_core.package_identification:_identify(src/ai-worker-sim/ffw_description) by extension 'ros'
[1.073s] DEBUG:colcon.colcon_core.package_identification:Package 'src/ai-worker-sim/ffw_description' with type 'ros.ament_cmake' and name 'ffw_description'
[1.074s] Level 1:colcon.colcon_core.package_identification:_identify(src/ai-worker-sim/ffw_moveit_config) by extensions ['ignore', 'ignore_ament_install']
[1.079s] Level 1:colcon.colcon_core.package_identification:_identify(src/ai-worker-sim/ffw_moveit_config) by extension 'ignore'
[1.087s] Level 1:colcon.colcon_core.package_identification:_identify(src/ai-worker-sim/ffw_moveit_config) by extension 'ignore_ament_install'
[1.094s] Level 1:colcon.colcon_core.package_identification:_identify(src/ai-worker-sim/ffw_moveit_config) by extensions ['colcon_pkg']
[1.095s] Level 1:colcon.colcon_core.package_identification:_identify(src/ai-worker-sim/ffw_moveit_config) by extension 'colcon_pkg'
[1.101s] Level 1:colcon.colcon_core.package_identification:_identify(src/ai-worker-sim/ffw_moveit_config) by extensions ['colcon_meta']
[1.104s] Level 1:colcon.colcon_core.package_identification:_identify(src/ai-worker-sim/ffw_moveit_config) by extension 'colcon_meta'
[1.104s] Level 1:colcon.colcon_core.package_identification:_identify(src/ai-worker-sim/ffw_moveit_config) by extensions ['ros']
[1.104s] Level 1:colcon.colcon_core.package_identification:_identify(src/ai-worker-sim/ffw_moveit_config) by extension 'ros'
[1.113s] DEBUG:colcon.colcon_core.package_identification:Package 'src/ai-worker-sim/ffw_moveit_config' with type 'ros.ament_cmake' and name 'ffw_moveit_config'
[1.114s] Level 1:colcon.colcon_core.package_identification:_identify(src/ai-worker-sim/ffw_navigation) by extensions ['ignore', 'ignore_ament_install']
[1.120s] Level 1:colcon.colcon_core.package_identification:_identify(src/ai-worker-sim/ffw_navigation) by extension 'ignore'
[1.127s] Level 1:colcon.colcon_core.package_identification:_identify(src/ai-worker-sim/ffw_navigation) by extension 'ignore_ament_install'
[1.133s] Level 1:colcon.colcon_core.package_identification:_identify(src/ai-worker-sim/ffw_navigation) by extensions ['colcon_pkg']
[1.134s] Level 1:colcon.colcon_core.package_identification:_identify(src/ai-worker-sim/ffw_navigation) by extension 'colcon_pkg'
[1.136s] Level 1:colcon.colcon_core.package_identification:_identify(src/ai-worker-sim/ffw_navigation) by extensions ['colcon_meta']
[1.140s] Level 1:colcon.colcon_core.package_identification:_identify(src/ai-worker-sim/ffw_navigation) by extension 'colcon_meta'
[1.140s] Level 1:colcon.colcon_core.package_identification:_identify(src/ai-worker-sim/ffw_navigation) by extensions ['ros']
[1.140s] Level 1:colcon.colcon_core.package_identification:_identify(src/ai-worker-sim/ffw_navigation) by extension 'ros'
[1.148s] DEBUG:colcon.colcon_core.package_identification:Package 'src/ai-worker-sim/ffw_navigation' with type 'ros.ament_cmake' and name 'ffw_navigation'
[1.150s] Level 1:colcon.colcon_core.package_identification:_identify(src/ai-worker-sim/ffw_swerve_drive_controller) by extensions ['ignore', 'ignore_ament_install']
[1.154s] Level 1:colcon.colcon_core.package_identification:_identify(src/ai-worker-sim/ffw_swerve_drive_controller) by extension 'ignore'
[1.156s] Level 1:colcon.colcon_core.package_identification:_identify(src/ai-worker-sim/ffw_swerve_drive_controller) by extension 'ignore_ament_install'
[1.169s] Level 1:colcon.colcon_core.package_identification:_identify(src/ai-worker-sim/ffw_swerve_drive_controller) by extensions ['colcon_pkg']
[1.170s] Level 1:colcon.colcon_core.package_identification:_identify(src/ai-worker-sim/ffw_swerve_drive_controller) by extension 'colcon_pkg'
[1.173s] Level 1:colcon.colcon_core.package_identification:_identify(src/ai-worker-sim/ffw_swerve_drive_controller) by extensions ['colcon_meta']
[1.176s] Level 1:colcon.colcon_core.package_identification:_identify(src/ai-worker-sim/ffw_swerve_drive_controller) by extension 'colcon_meta'
[1.176s] Level 1:colcon.colcon_core.package_identification:_identify(src/ai-worker-sim/ffw_swerve_drive_controller) by extensions ['ros']
[1.182s] Level 1:colcon.colcon_core.package_identification:_identify(src/ai-worker-sim/ffw_swerve_drive_controller) by extension 'ros'
[1.200s] DEBUG:colcon.colcon_core.package_identification:Package 'src/ai-worker-sim/ffw_swerve_drive_controller' with type 'ros.ament_cmake' and name 'ffw_swerve_drive_controller'
[1.201s] Level 1:colcon.colcon_core.package_identification:_identify(src/ai-worker-sim/ffw_teleop) by extensions ['ignore', 'ignore_ament_install']
[1.205s] Level 1:colcon.colcon_core.package_identification:_identify(src/ai-worker-sim/ffw_teleop) by extension 'ignore'
[1.211s] Level 1:colcon.colcon_core.package_identification:_identify(src/ai-worker-sim/ffw_teleop) by extension 'ignore_ament_install'
[1.219s] Level 1:colcon.colcon_core.package_identification:_identify(src/ai-worker-sim/ffw_teleop) by extensions ['colcon_pkg']
[1.220s] Level 1:colcon.colcon_core.package_identification:_identify(src/ai-worker-sim/ffw_teleop) by extension 'colcon_pkg'
[1.227s] Level 1:colcon.colcon_core.package_identification:_identify(src/ai-worker-sim/ffw_teleop) by extensions ['colcon_meta']
[1.230s] Level 1:colcon.colcon_core.package_identification:_identify(src/ai-worker-sim/ffw_teleop) by extension 'colcon_meta'
[1.234s] Level 1:colcon.colcon_core.package_identification:_identify(src/ai-worker-sim/ffw_teleop) by extensions ['ros']
[1.239s] Level 1:colcon.colcon_core.package_identification:_identify(src/ai-worker-sim/ffw_teleop) by extension 'ros'
[1.258s] DEBUG:colcon.colcon_core.package_identification:Package 'src/ai-worker-sim/ffw_teleop' with type 'ros.ament_python' and name 'ffw_teleop'
[1.259s] Level 1:colcon.colcon_core.package_identification:_identify(src/ai-worker-sim/human_detector) by extensions ['ignore', 'ignore_ament_install']
[1.262s] Level 1:colcon.colcon_core.package_identification:_identify(src/ai-worker-sim/human_detector) by extension 'ignore'
[1.269s] Level 1:colcon.colcon_core.package_identification:_identify(src/ai-worker-sim/human_detector) by extension 'ignore_ament_install'
[1.277s] Level 1:colcon.colcon_core.package_identification:_identify(src/ai-worker-sim/human_detector) by extensions ['colcon_pkg']
[1.278s] Level 1:colcon.colcon_core.package_identification:_identify(src/ai-worker-sim/human_detector) by extension 'colcon_pkg'
[1.286s] Level 1:colcon.colcon_core.package_identification:_identify(src/ai-worker-sim/human_detector) by extensions ['colcon_meta']
[1.288s] Level 1:colcon.colcon_core.package_identification:_identify(src/ai-worker-sim/human_detector) by extension 'colcon_meta'
[1.293s] Level 1:colcon.colcon_core.package_identification:_identify(src/ai-worker-sim/human_detector) by extensions ['ros']
[1.298s] Level 1:colcon.colcon_core.package_identification:_identify(src/ai-worker-sim/human_detector) by extension 'ros'
[1.314s] DEBUG:colcon.colcon_core.package_identification:Package 'src/ai-worker-sim/human_detector' with type 'ros.ament_python' and name 'human_detector'
[1.317s] Level 1:colcon.colcon_core.package_identification:_identify(src/ai-worker-sim/library_world) by extensions ['ignore', 'ignore_ament_install']
[1.321s] Level 1:colcon.colcon_core.package_identification:_identify(src/ai-worker-sim/library_world) by extension 'ignore'
[1.328s] Level 1:colcon.colcon_core.package_identification:_identify(src/ai-worker-sim/library_world) by extension 'ignore_ament_install'
[1.334s] Level 1:colcon.colcon_core.package_identification:_identify(src/ai-worker-sim/library_world) by extensions ['colcon_pkg']
[1.335s] Level 1:colcon.colcon_core.package_identification:_identify(src/ai-worker-sim/library_world) by extension 'colcon_pkg'
[1.341s] Level 1:colcon.colcon_core.package_identification:_identify(src/ai-worker-sim/library_world) by extensions ['colcon_meta']
[1.345s] Level 1:colcon.colcon_core.package_identification:_identify(src/ai-worker-sim/library_world) by extension 'colcon_meta'
[1.350s] Level 1:colcon.colcon_core.package_identification:_identify(src/ai-worker-sim/library_world) by extensions ['ros']
[1.354s] Level 1:colcon.colcon_core.package_identification:_identify(src/ai-worker-sim/library_world) by extension 'ros'
[1.361s] DEBUG:colcon.colcon_core.package_identification:Package 'src/ai-worker-sim/library_world' with type 'ros.ament_cmake' and name 'library_world'
[1.361s] Level 1:colcon.colcon_core.package_discovery:discover_packages(recursive) using defaults
[1.366s] Level 1:colcon.colcon_core.package_discovery:discover_packages(ignore) discover
[1.371s] Level 1:colcon.colcon_core.package_discovery:discover_packages(ignore) using defaults
[1.378s] Level 1:colcon.colcon_core.package_discovery:discover_packages(path) discover
[1.383s] Level 1:colcon.colcon_core.package_discovery:discover_packages(path) using defaults
[1.474s] Level 1:colcon.colcon_core.package_discovery:discover_packages(prefix_path) check parameters
[1.475s] Level 1:colcon.colcon_core.package_discovery:discover_packages(prefix_path) discover
[1.482s] WARNING:colcon.colcon_core.prefix_path.colcon:The path '/root/workspaces/nawar_project/install' in the environment variable COLCON_PREFIX_PATH doesn't exist
[1.485s] WARNING:colcon.colcon_ros.prefix_path.ament:The path '/root/workspaces/nawar_project/install/library_world' in the environment variable AMENT_PREFIX_PATH doesn't exist
[1.490s] WARNING:colcon.colcon_ros.prefix_path.ament:The path '/root/workspaces/nawar_project/install/human_detector' in the environment variable AMENT_PREFIX_PATH doesn't exist
[1.495s] WARNING:colcon.colcon_ros.prefix_path.ament:The path '/root/workspaces/nawar_project/install/ffw_teleop' in the environment variable AMENT_PREFIX_PATH doesn't exist
[1.500s] WARNING:colcon.colcon_ros.prefix_path.ament:The path '/root/workspaces/nawar_project/install/ffw_swerve_drive_controller' in the environment variable AMENT_PREFIX_PATH doesn't exist
[1.504s] WARNING:colcon.colcon_ros.prefix_path.ament:The path '/root/workspaces/nawar_project/install/ffw_navigation' in the environment variable AMENT_PREFIX_PATH doesn't exist
[1.509s] WARNING:colcon.colcon_ros.prefix_path.ament:The path '/root/workspaces/nawar_project/install/ffw_moveit_config' in the environment variable AMENT_PREFIX_PATH doesn't exist
[1.514s] WARNING:colcon.colcon_ros.prefix_path.ament:The path '/root/workspaces/nawar_project/install/ffw_bringup' in the environment variable AMENT_PREFIX_PATH doesn't exist
[1.519s] WARNING:colcon.colcon_ros.prefix_path.ament:The path '/root/workspaces/nawar_project/install/ffw_description' in the environment variable AMENT_PREFIX_PATH doesn't exist
[1.562s] WARNING:colcon.colcon_ros.prefix_path.catkin:The path '/root/workspaces/nawar_project/install/library_world' in the environment variable CMAKE_PREFIX_PATH doesn't exist
[1.563s] WARNING:colcon.colcon_ros.prefix_path.catkin:The path '/root/workspaces/nawar_project/install/ffw_swerve_drive_controller' in the environment variable CMAKE_PREFIX_PATH doesn't exist
[1.568s] WARNING:colcon.colcon_ros.prefix_path.catkin:The path '/root/workspaces/nawar_project/install/ffw_navigation' in the environment variable CMAKE_PREFIX_PATH doesn't exist
[1.573s] WARNING:colcon.colcon_ros.prefix_path.catkin:The path '/root/workspaces/nawar_project/install/ffw_moveit_config' in the environment variable CMAKE_PREFIX_PATH doesn't exist
[1.578s] WARNING:colcon.colcon_ros.prefix_path.catkin:The path '/root/workspaces/nawar_project/install/ffw_description' in the environment variable CMAKE_PREFIX_PATH doesn't exist
[1.590s] DEBUG:colcon.colcon_installed_package_information.package_discovery:Found 10 installed packages in /root/workspaces/ros2_ws/install
[1.609s] DEBUG:colcon.colcon_installed_package_information.package_discovery:Found 3 installed packages in /root/workspaces/turtlebot_ws/install
[1.615s] DEBUG:colcon.colcon_installed_package_information.package_discovery:Found 453 installed packages in /opt/ros/jazzy
[1.620s] Level 1:colcon.colcon_core.package_discovery:discover_packages(prefix_path) using defaults
[1.836s] Level 5:colcon.colcon_core.verb:set package 'ffw_description' build argument 'cmake_args' from command line to 'None'
[1.837s] Level 5:colcon.colcon_core.verb:set package 'ffw_description' build argument 'cmake_target' from command line to 'None'
[1.842s] Level 5:colcon.colcon_core.verb:set package 'ffw_description' build argument 'cmake_target_skip_unavailable' from command line to 'False'
[1.846s] Level 5:colcon.colcon_core.verb:set package 'ffw_description' build argument 'cmake_clean_cache' from command line to 'False'
[1.851s] Level 5:colcon.colcon_core.verb:set package 'ffw_description' build argument 'cmake_clean_first' from command line to 'False'
[1.855s] Level 5:colcon.colcon_core.verb:set package 'ffw_description' build argument 'cmake_force_configure' from command line to 'False'
[1.870s] Level 5:colcon.colcon_core.verb:set package 'ffw_description' build argument 'ament_cmake_args' from command line to 'None'
[1.877s] Level 5:colcon.colcon_core.verb:set package 'ffw_description' build argument 'catkin_cmake_args' from command line to 'None'
[1.882s] Level 5:colcon.colcon_core.verb:set package 'ffw_description' build argument 'catkin_skip_building_tests' from command line to 'False'
[1.886s] DEBUG:colcon.colcon_core.verb:Building package 'ffw_description' with the following arguments: {'ament_cmake_args': None, 'build_base': '/root/workspaces/ros2_ws/build/ffw_description', 'catkin_cmake_args': None, 'catkin_skip_building_tests': False, 'cmake_args': None, 'cmake_clean_cache': False, 'cmake_clean_first': False, 'cmake_force_configure': False, 'cmake_target': None, 'cmake_target_skip_unavailable': False, 'install_base': '/root/workspaces/ros2_ws/install/ffw_description', 'merge_install': False, 'path': '/root/workspaces/ros2_ws/src/ai-worker-sim/ffw_description', 'symlink_install': False, 'test_result_base': None}
[1.893s] Level 5:colcon.colcon_core.verb:set package 'ffw_moveit_config' build argument 'cmake_args' from command line to 'None'
[1.897s] Level 5:colcon.colcon_core.verb:set package 'ffw_moveit_config' build argument 'cmake_target' from command line to 'None'
[1.905s] Level 5:colcon.colcon_core.verb:set package 'ffw_moveit_config' build argument 'cmake_target_skip_unavailable' from command line to 'False'
[1.911s] Level 5:colcon.colcon_core.verb:set package 'ffw_moveit_config' build argument 'cmake_clean_cache' from command line to 'False'
[1.916s] Level 5:colcon.colcon_core.verb:set package 'ffw_moveit_config' build argument 'cmake_clean_first' from command line to 'False'
[1.921s] Level 5:colcon.colcon_core.verb:set package 'ffw_moveit_config' build argument 'cmake_force_configure' from command line to 'False'
[1.926s] Level 5:colcon.colcon_core.verb:set package 'ffw_moveit_config' build argument 'ament_cmake_args' from command line to 'None'
[1.937s] Level 5:colcon.colcon_core.verb:set package 'ffw_moveit_config' build argument 'catkin_cmake_args' from command line to 'None'
[1.942s] Level 5:colcon.colcon_core.verb:set package 'ffw_moveit_config' build argument 'catkin_skip_building_tests' from command line to 'False'
[1.947s] DEBUG:colcon.colcon_core.verb:Building package 'ffw_moveit_config' with the following arguments: {'ament_cmake_args': None, 'build_base': '/root/workspaces/ros2_ws/build/ffw_moveit_config', 'catkin_cmake_args': None, 'catkin_skip_building_tests': False, 'cmake_args': None, 'cmake_clean_cache': False, 'cmake_clean_first': False, 'cmake_force_configure': False, 'cmake_target': None, 'cmake_target_skip_unavailable': False, 'install_base': '/root/workspaces/ros2_ws/install/ffw_moveit_config', 'merge_install': False, 'path': '/root/workspaces/ros2_ws/src/ai-worker-sim/ffw_moveit_config', 'symlink_install': False, 'test_result_base': None}
[1.957s] Level 5:colcon.colcon_core.verb:set package 'ffw_navigation' build argument 'cmake_args' from command line to 'None'
[1.962s] Level 5:colcon.colcon_core.verb:set package 'ffw_navigation' build argument 'cmake_target' from command line to 'None'
[1.967s] Level 5:colcon.colcon_core.verb:set package 'ffw_navigation' build argument 'cmake_target_skip_unavailable' from command line to 'False'
[1.972s] Level 5:colcon.colcon_core.verb:set package 'ffw_navigation' build argument 'cmake_clean_cache' from command line to 'False'
[1.977s] Level 5:colcon.colcon_core.verb:set package 'ffw_navigation' build argument 'cmake_clean_first' from command line to 'False'
[1.982s] Level 5:colcon.colcon_core.verb:set package 'ffw_navigation' build argument 'cmake_force_configure' from command line to 'False'
[1.986s] Level 5:colcon.colcon_core.verb:set package 'ffw_navigation' build argument 'ament_cmake_args' from command line to 'None'
[1.991s] Level 5:colcon.colcon_core.verb:set package 'ffw_navigation' build argument 'catkin_cmake_args' from command line to 'None'
[1.996s] Level 5:colcon.colcon_core.verb:set package 'ffw_navigation' build argument 'catkin_skip_building_tests' from command line to 'False'
[2.002s] DEBUG:colcon.colcon_core.verb:Building package 'ffw_navigation' with the following arguments: {'ament_cmake_args': None, 'build_base': '/root/workspaces/ros2_ws/build/ffw_navigation', 'catkin_cmake_args': None, 'catkin_skip_building_tests': False, 'cmake_args': None, 'cmake_clean_cache': False, 'cmake_clean_first': False, 'cmake_force_configure': False, 'cmake_target': None, 'cmake_target_skip_unavailable': False, 'install_base': '/root/workspaces/ros2_ws/install/ffw_navigation', 'merge_install': False, 'path': '/root/workspaces/ros2_ws/src/ai-worker-sim/ffw_navigation', 'symlink_install': False, 'test_result_base': None}
[2.008s] Level 5:colcon.colcon_core.verb:set package 'ffw_swerve_drive_controller' build argument 'cmake_args' from command line to 'None'
[2.013s] Level 5:colcon.colcon_core.verb:set package 'ffw_swerve_drive_controller' build argument 'cmake_target' from command line to 'None'
[2.019s] Level 5:colcon.colcon_core.verb:set package 'ffw_swerve_drive_controller' build argument 'cmake_target_skip_unavailable' from command line to 'False'
[2.026s] Level 5:colcon.colcon_core.verb:set package 'ffw_swerve_drive_controller' build argument 'cmake_clean_cache' from command line to 'False'
[2.032s] Level 5:colcon.colcon_core.verb:set package 'ffw_swerve_drive_controller' build argument 'cmake_clean_first' from command line to 'False'
[2.039s] Level 5:colcon.colcon_core.verb:set package 'ffw_swerve_drive_controller' build argument 'cmake_force_configure' from command line to 'False'
[2.043s] Level 5:colcon.colcon_core.verb:set package 'ffw_swerve_drive_controller' build argument 'ament_cmake_args' from command line to 'None'
[2.047s] Level 5:colcon.colcon_core.verb:set package 'ffw_swerve_drive_controller' build argument 'catkin_cmake_args' from command line to 'None'
[2.052s] Level 5:colcon.colcon_core.verb:set package 'ffw_swerve_drive_controller' build argument 'catkin_skip_building_tests' from command line to 'False'
[2.059s] DEBUG:colcon.colcon_core.verb:Building package 'ffw_swerve_drive_controller' with the following arguments: {'ament_cmake_args': None, 'build_base': '/root/workspaces/ros2_ws/build/ffw_swerve_drive_controller', 'catkin_cmake_args': None, 'catkin_skip_building_tests': False, 'cmake_args': None, 'cmake_clean_cache': False, 'cmake_clean_first': False, 'cmake_force_configure': False, 'cmake_target': None, 'cmake_target_skip_unavailable': False, 'install_base': '/root/workspaces/ros2_ws/install/ffw_swerve_drive_controller', 'merge_install': False, 'path': '/root/workspaces/ros2_ws/src/ai-worker-sim/ffw_swerve_drive_controller', 'symlink_install': False, 'test_result_base': None}
[2.078s] Level 5:colcon.colcon_core.verb:set package 'ffw_teleop' build argument 'cmake_args' from command line to 'None'
[2.082s] Level 5:colcon.colcon_core.verb:set package 'ffw_teleop' build argument 'cmake_target' from command line to 'None'
[2.088s] Level 5:colcon.colcon_core.verb:set package 'ffw_teleop' build argument 'cmake_target_skip_unavailable' from command line to 'False'
[2.093s] Level 5:colcon.colcon_core.verb:set package 'ffw_teleop' build argument 'cmake_clean_cache' from command line to 'False'
[2.098s] Level 5:colcon.colcon_core.verb:set package 'ffw_teleop' build argument 'cmake_clean_first' from command line to 'False'
[2.103s] Level 5:colcon.colcon_core.verb:set package 'ffw_teleop' build argument 'cmake_force_configure' from command line to 'False'
[2.109s] Level 5:colcon.colcon_core.verb:set package 'ffw_teleop' build argument 'ament_cmake_args' from command line to 'None'
[2.114s] Level 5:colcon.colcon_core.verb:set package 'ffw_teleop' build argument 'catkin_cmake_args' from command line to 'None'
[2.121s] Level 5:colcon.colcon_core.verb:set package 'ffw_teleop' build argument 'catkin_skip_building_tests' from command line to 'False'
[2.126s] DEBUG:colcon.colcon_core.verb:Building package 'ffw_teleop' with the following arguments: {'ament_cmake_args': None, 'build_base': '/root/workspaces/ros2_ws/build/ffw_teleop', 'catkin_cmake_args': None, 'catkin_skip_building_tests': False, 'cmake_args': None, 'cmake_clean_cache': False, 'cmake_clean_first': False, 'cmake_force_configure': False, 'cmake_target': None, 'cmake_target_skip_unavailable': False, 'install_base': '/root/workspaces/ros2_ws/install/ffw_teleop', 'merge_install': False, 'path': '/root/workspaces/ros2_ws/src/ai-worker-sim/ffw_teleop', 'symlink_install': False, 'test_result_base': None}
[2.132s] Level 5:colcon.colcon_core.verb:set package 'human_detector' build argument 'cmake_args' from command line to 'None'
[2.136s] Level 5:colcon.colcon_core.verb:set package 'human_detector' build argument 'cmake_target' from command line to 'None'
[2.141s] Level 5:colcon.colcon_core.verb:set package 'human_detector' build argument 'cmake_target_skip_unavailable' from command line to 'False'
[2.145s] Level 5:colcon.colcon_core.verb:set package 'human_detector' build argument 'cmake_clean_cache' from command line to 'False'
[2.150s] Level 5:colcon.colcon_core.verb:set package 'human_detector' build argument 'cmake_clean_first' from command line to 'False'
[2.154s] Level 5:colcon.colcon_core.verb:set package 'human_detector' build argument 'cmake_force_configure' from command line to 'False'
[2.159s] Level 5:colcon.colcon_core.verb:set package 'human_detector' build argument 'ament_cmake_args' from command line to 'None'
[2.164s] Level 5:colcon.colcon_core.verb:set package 'human_detector' build argument 'catkin_cmake_args' from command line to 'None'
[2.169s] Level 5:colcon.colcon_core.verb:set package 'human_detector' build argument 'catkin_skip_building_tests' from command line to 'False'
[2.174s] DEBUG:colcon.colcon_core.verb:Building package 'human_detector' with the following arguments: {'ament_cmake_args': None, 'build_base': '/root/workspaces/ros2_ws/build/human_detector', 'catkin_cmake_args': None, 'catkin_skip_building_tests': False, 'cmake_args': None, 'cmake_clean_cache': False, 'cmake_clean_first': False, 'cmake_force_configure': False, 'cmake_target': None, 'cmake_target_skip_unavailable': False, 'install_base': '/root/workspaces/ros2_ws/install/human_detector', 'merge_install': False, 'path': '/root/workspaces/ros2_ws/src/ai-worker-sim/human_detector', 'symlink_install': False, 'test_result_base': None}
[2.175s] Level 5:colcon.colcon_core.verb:set package 'library_world' build argument 'cmake_args' from command line to 'None'
[2.181s] Level 5:colcon.colcon_core.verb:set package 'library_world' build argument 'cmake_target' from command line to 'None'
[2.185s] Level 5:colcon.colcon_core.verb:set package 'library_world' build argument 'cmake_target_skip_unavailable' from command line to 'False'
[2.191s] Level 5:colcon.colcon_core.verb:set package 'library_world' build argument 'cmake_clean_cache' from command line to 'False'
[2.195s] Level 5:colcon.colcon_core.verb:set package 'library_world' build argument 'cmake_clean_first' from command line to 'False'
[2.201s] Level 5:colcon.colcon_core.verb:set package 'library_world' build argument 'cmake_force_configure' from command line to 'False'
[2.206s] Level 5:colcon.colcon_core.verb:set package 'library_world' build argument 'ament_cmake_args' from command line to 'None'
[2.206s] Level 5:colcon.colcon_core.verb:set package 'library_world' build argument 'catkin_cmake_args' from command line to 'None'
[2.210s] Level 5:colcon.colcon_core.verb:set package 'library_world' build argument 'catkin_skip_building_tests' from command line to 'False'
[2.215s] DEBUG:colcon.colcon_core.verb:Building package 'library_world' with the following arguments: {'ament_cmake_args': None, 'build_base': '/root/workspaces/ros2_ws/build/library_world', 'catkin_cmake_args': None, 'catkin_skip_building_tests': False, 'cmake_args': None, 'cmake_clean_cache': False, 'cmake_clean_first': False, 'cmake_force_configure': False, 'cmake_target': None, 'cmake_target_skip_unavailable': False, 'install_base': '/root/workspaces/ros2_ws/install/library_world', 'merge_install': False, 'path': '/root/workspaces/ros2_ws/src/ai-worker-sim/library_world', 'symlink_install': False, 'test_result_base': None}
[2.221s] Level 5:colcon.colcon_core.verb:set package 'warehouse_worlds' build argument 'cmake_args' from command line to 'None'
[2.225s] Level 5:colcon.colcon_core.verb:set package 'warehouse_worlds' build argument 'cmake_target' from command line to 'None'
[2.230s] Level 5:colcon.colcon_core.verb:set package 'warehouse_worlds' build argument 'cmake_target_skip_unavailable' from command line to 'False'
[2.235s] Level 5:colcon.colcon_core.verb:set package 'warehouse_worlds' build argument 'cmake_clean_cache' from command line to 'False'
[2.241s] Level 5:colcon.colcon_core.verb:set package 'warehouse_worlds' build argument 'cmake_clean_first' from command line to 'False'
[2.251s] Level 5:colcon.colcon_core.verb:set package 'warehouse_worlds' build argument 'cmake_force_configure' from command line to 'False'
[2.256s] Level 5:colcon.colcon_core.verb:set package 'warehouse_worlds' build argument 'ament_cmake_args' from command line to 'None'
[2.261s] Level 5:colcon.colcon_core.verb:set package 'warehouse_worlds' build argument 'catkin_cmake_args' from command line to 'None'
[2.267s] Level 5:colcon.colcon_core.verb:set package 'warehouse_worlds' build argument 'catkin_skip_building_tests' from command line to 'False'
[2.272s] DEBUG:colcon.colcon_core.verb:Building package 'warehouse_worlds' with the following arguments: {'ament_cmake_args': None, 'build_base': '/root/workspaces/ros2_ws/build/warehouse_worlds', 'catkin_cmake_args': None, 'catkin_skip_building_tests': False, 'cmake_args': None, 'cmake_clean_cache': False, 'cmake_clean_first': False, 'cmake_force_configure': False, 'cmake_target': None, 'cmake_target_skip_unavailable': False, 'install_base': '/root/workspaces/ros2_ws/install/warehouse_worlds', 'merge_install': False, 'path': '/root/workspaces/ros2_ws/src/Gazebo_worlds/warehouse_worlds', 'symlink_install': False, 'test_result_base': None}
[2.278s] Level 5:colcon.colcon_core.verb:set package 'ffw_bringup' build argument 'cmake_args' from command line to 'None'
[2.282s] Level 5:colcon.colcon_core.verb:set package 'ffw_bringup' build argument 'cmake_target' from command line to 'None'
[2.287s] Level 5:colcon.colcon_core.verb:set package 'ffw_bringup' build argument 'cmake_target_skip_unavailable' from command line to 'False'
[2.292s] Level 5:colcon.colcon_core.verb:set package 'ffw_bringup' build argument 'cmake_clean_cache' from command line to 'False'
[2.298s] Level 5:colcon.colcon_core.verb:set package 'ffw_bringup' build argument 'cmake_clean_first' from command line to 'False'
[2.301s] Level 5:colcon.colcon_core.verb:set package 'ffw_bringup' build argument 'cmake_force_configure' from command line to 'False'
[2.307s] Level 5:colcon.colcon_core.verb:set package 'ffw_bringup' build argument 'ament_cmake_args' from command line to 'None'
[2.312s] Level 5:colcon.colcon_core.verb:set package 'ffw_bringup' build argument 'catkin_cmake_args' from command line to 'None'
[2.317s] Level 5:colcon.colcon_core.verb:set package 'ffw_bringup' build argument 'catkin_skip_building_tests' from command line to 'False'
[2.322s] DEBUG:colcon.colcon_core.verb:Building package 'ffw_bringup' with the following arguments: {'ament_cmake_args': None, 'build_base': '/root/workspaces/ros2_ws/build/ffw_bringup', 'catkin_cmake_args': None, 'catkin_skip_building_tests': False, 'cmake_args': None, 'cmake_clean_cache': False, 'cmake_clean_first': False, 'cmake_force_configure': False, 'cmake_target': None, 'cmake_target_skip_unavailable': False, 'install_base': '/root/workspaces/ros2_ws/install/ffw_bringup', 'merge_install': False, 'path': '/root/workspaces/ros2_ws/src/ai-worker-sim/ffw_bringup', 'symlink_install': False, 'test_result_base': None}
[2.327s] INFO:colcon.colcon_core.executor:Executing jobs using 'parallel' executor
[2.337s] DEBUG:colcon.colcon_parallel_executor.executor.parallel:run_until_complete
[2.338s] INFO:colcon.colcon_ros.task.ament_cmake.build:Building ROS package in '/root/workspaces/ros2_ws/src/ai-worker-sim/ffw_description' with build type 'ament_cmake'
[2.342s] INFO:colcon.colcon_cmake.task.cmake.build:Building CMake package in '/root/workspaces/ros2_ws/src/ai-worker-sim/ffw_description'
[2.351s] INFO:colcon.colcon_core.plugin_system:Skipping extension 'colcon_core.shell.bat': Not used on non-Windows systems
[2.351s] INFO:colcon.colcon_core.shell:Skip shell extension 'powershell' for command environment: Not usable outside of PowerShell
[2.351s] DEBUG:colcon.colcon_core.shell:Skip shell extension 'dsv' for command environment
[2.429s] INFO:colcon.colcon_ros.task.ament_cmake.build:Building ROS package in '/root/workspaces/ros2_ws/src/ai-worker-sim/ffw_moveit_config' with build type 'ament_cmake'
[2.431s] INFO:colcon.colcon_cmake.task.cmake.build:Building CMake package in '/root/workspaces/ros2_ws/src/ai-worker-sim/ffw_moveit_config'
[2.435s] INFO:colcon.colcon_core.shell:Skip shell extension 'powershell' for command environment: Not usable outside of PowerShell
[2.435s] DEBUG:colcon.colcon_core.shell:Skip shell extension 'dsv' for command environment
[2.523s] INFO:colcon.colcon_ros.task.ament_cmake.build:Building ROS package in '/root/workspaces/ros2_ws/src/ai-worker-sim/ffw_navigation' with build type 'ament_cmake'
[2.523s] INFO:colcon.colcon_cmake.task.cmake.build:Building CMake package in '/root/workspaces/ros2_ws/src/ai-worker-sim/ffw_navigation'
[2.530s] INFO:colcon.colcon_core.shell:Skip shell extension 'powershell' for command environment: Not usable outside of PowerShell
[2.530s] DEBUG:colcon.colcon_core.shell:Skip shell extension 'dsv' for command environment
[2.604s] INFO:colcon.colcon_ros.task.ament_cmake.build:Building ROS package in '/root/workspaces/ros2_ws/src/ai-worker-sim/ffw_swerve_drive_controller' with build type 'ament_cmake'
[2.604s] INFO:colcon.colcon_cmake.task.cmake.build:Building CMake package in '/root/workspaces/ros2_ws/src/ai-worker-sim/ffw_swerve_drive_controller'
[2.609s] INFO:colcon.colcon_core.shell:Skip shell extension 'powershell' for command environment: Not usable outside of PowerShell
[2.609s] DEBUG:colcon.colcon_core.shell:Skip shell extension 'dsv' for command environment
[2.802s] DEBUG:colcon.colcon_core.event_handler.log_command:Invoking command in '/root/workspaces/ros2_ws/build/ffw_description': CMAKE_PREFIX_PATH=${CMAKE_PREFIX_PATH}:/root/workspaces/nawar_project/install/human_detector:/root/workspaces/nawar_project/install/ffw_teleop:/root/workspaces/nawar_project/install/ffw_bringup:/root/workspaces/ros2_ws/install/human_detector:/root/workspaces/ros2_ws/install/ffw_teleop:/root/workspaces/ros2_ws/install/ffw_bringup:/opt/ros/jazzy /usr/bin/cmake --build /root/workspaces/ros2_ws/build/ffw_description -- -j4 -l4
[2.857s] DEBUG:colcon.colcon_core.event_handler.log_command:Invoking command in '/root/workspaces/ros2_ws/build/ffw_moveit_config': CMAKE_PREFIX_PATH=${CMAKE_PREFIX_PATH}:/root/workspaces/nawar_project/install/human_detector:/root/workspaces/nawar_project/install/ffw_teleop:/root/workspaces/nawar_project/install/ffw_bringup:/root/workspaces/ros2_ws/install/human_detector:/root/workspaces/ros2_ws/install/ffw_teleop:/root/workspaces/ros2_ws/install/ffw_bringup:/opt/ros/jazzy /usr/bin/cmake --build /root/workspaces/ros2_ws/build/ffw_moveit_config -- -j4 -l4
[2.963s] DEBUG:colcon.colcon_core.event_handler.log_command:Invoking command in '/root/workspaces/ros2_ws/build/ffw_navigation': CMAKE_PREFIX_PATH=${CMAKE_PREFIX_PATH}:/root/workspaces/nawar_project/install/human_detector:/root/workspaces/nawar_project/install/ffw_teleop:/root/workspaces/nawar_project/install/ffw_bringup:/root/workspaces/ros2_ws/install/human_detector:/root/workspaces/ros2_ws/install/ffw_teleop:/root/workspaces/ros2_ws/install/ffw_bringup:/opt/ros/jazzy /usr/bin/cmake --build /root/workspaces/ros2_ws/build/ffw_navigation -- -j4 -l4
[3.049s] DEBUG:colcon.colcon_core.event_handler.log_command:Invoking command in '/root/workspaces/ros2_ws/build/ffw_swerve_drive_controller': CMAKE_PREFIX_PATH=${CMAKE_PREFIX_PATH}:/root/workspaces/nawar_project/install/human_detector:/root/workspaces/nawar_project/install/ffw_teleop:/root/workspaces/nawar_project/install/ffw_bringup:/root/workspaces/ros2_ws/install/human_detector:/root/workspaces/ros2_ws/install/ffw_teleop:/root/workspaces/ros2_ws/install/ffw_bringup:/opt/ros/jazzy /usr/bin/cmake --build /root/workspaces/ros2_ws/build/ffw_swerve_drive_controller -- -j4 -l4
[3.051s] DEBUG:colcon.colcon_core.event_handler.log_command:Invoked command in '/root/workspaces/ros2_ws/build/ffw_description' returned '0': CMAKE_PREFIX_PATH=${CMAKE_PREFIX_PATH}:/root/workspaces/nawar_project/install/human_detector:/root/workspaces/nawar_project/install/ffw_teleop:/root/workspaces/nawar_project/install/ffw_bringup:/root/workspaces/ros2_ws/install/human_detector:/root/workspaces/ros2_ws/install/ffw_teleop:/root/workspaces/ros2_ws/install/ffw_bringup:/opt/ros/jazzy /usr/bin/cmake --build /root/workspaces/ros2_ws/build/ffw_description -- -j4 -l4
[3.061s] DEBUG:colcon.colcon_core.event_handler.log_command:Invoking command in '/root/workspaces/ros2_ws/build/ffw_description': CMAKE_PREFIX_PATH=${CMAKE_PREFIX_PATH}:/root/workspaces/nawar_project/install/human_detector:/root/workspaces/nawar_project/install/ffw_teleop:/root/workspaces/nawar_project/install/ffw_bringup:/root/workspaces/ros2_ws/install/human_detector:/root/workspaces/ros2_ws/install/ffw_teleop:/root/workspaces/ros2_ws/install/ffw_bringup:/opt/ros/jazzy /usr/bin/cmake --install /root/workspaces/ros2_ws/build/ffw_description
[3.098s] DEBUG:colcon.colcon_core.event_handler.log_command:Invoked command in '/root/workspaces/ros2_ws/build/ffw_moveit_config' returned '0': CMAKE_PREFIX_PATH=${CMAKE_PREFIX_PATH}:/root/workspaces/nawar_project/install/human_detector:/root/workspaces/nawar_project/install/ffw_teleop:/root/workspaces/nawar_project/install/ffw_bringup:/root/workspaces/ros2_ws/install/human_detector:/root/workspaces/ros2_ws/install/ffw_teleop:/root/workspaces/ros2_ws/install/ffw_bringup:/opt/ros/jazzy /usr/bin/cmake --build /root/workspaces/ros2_ws/build/ffw_moveit_config -- -j4 -l4
[3.118s] DEBUG:colcon.colcon_core.event_handler.log_command:Invoking command in '/root/workspaces/ros2_ws/build/ffw_moveit_config': CMAKE_PREFIX_PATH=${CMAKE_PREFIX_PATH}:/root/workspaces/nawar_project/install/human_detector:/root/workspaces/nawar_project/install/ffw_teleop:/root/workspaces/nawar_project/install/ffw_bringup:/root/workspaces/ros2_ws/install/human_detector:/root/workspaces/ros2_ws/install/ffw_teleop:/root/workspaces/ros2_ws/install/ffw_bringup:/opt/ros/jazzy /usr/bin/cmake --install /root/workspaces/ros2_ws/build/ffw_moveit_config
[3.394s] DEBUG:colcon.colcon_core.event_handler.log_command:Invoked command in '/root/workspaces/ros2_ws/build/ffw_navigation' returned '0': CMAKE_PREFIX_PATH=${CMAKE_PREFIX_PATH}:/root/workspaces/nawar_project/install/human_detector:/root/workspaces/nawar_project/install/ffw_teleop:/root/workspaces/nawar_project/install/ffw_bringup:/root/workspaces/ros2_ws/install/human_detector:/root/workspaces/ros2_ws/install/ffw_teleop:/root/workspaces/ros2_ws/install/ffw_bringup:/opt/ros/jazzy /usr/bin/cmake --build /root/workspaces/ros2_ws/build/ffw_navigation -- -j4 -l4
[3.453s] DEBUG:colcon.colcon_core.event_handler.log_command:Invoking command in '/root/workspaces/ros2_ws/build/ffw_navigation': CMAKE_PREFIX_PATH=${CMAKE_PREFIX_PATH}:/root/workspaces/nawar_project/install/human_detector:/root/workspaces/nawar_project/install/ffw_teleop:/root/workspaces/nawar_project/install/ffw_bringup:/root/workspaces/ros2_ws/install/human_detector:/root/workspaces/ros2_ws/install/ffw_teleop:/root/workspaces/ros2_ws/install/ffw_bringup:/opt/ros/jazzy /usr/bin/cmake --install /root/workspaces/ros2_ws/build/ffw_navigation
[3.503s] Level 1:colcon.colcon_core.environment:create_environment_scripts_only(ffw_moveit_config)
[3.507s] Level 1:colcon.colcon_core.environment:checking '/root/workspaces/ros2_ws/install/ffw_moveit_config' for CMake module files
[3.520s] Level 1:colcon.colcon_core.environment:checking '/root/workspaces/ros2_ws/install/ffw_moveit_config' for CMake config files
[3.532s] Level 1:colcon.colcon_core.shell:create_environment_hook('ffw_moveit_config', 'cmake_prefix_path')
[3.533s] INFO:colcon.colcon_core.shell:Creating environment hook '/root/workspaces/ros2_ws/install/ffw_moveit_config/share/ffw_moveit_config/hook/cmake_prefix_path.ps1'
[3.548s] INFO:colcon.colcon_core.shell:Creating environment descriptor '/root/workspaces/ros2_ws/install/ffw_moveit_config/share/ffw_moveit_config/hook/cmake_prefix_path.dsv'
[3.565s] INFO:colcon.colcon_core.shell:Creating environment hook '/root/workspaces/ros2_ws/install/ffw_moveit_config/share/ffw_moveit_config/hook/cmake_prefix_path.sh'
[3.584s] Level 1:colcon.colcon_core.environment:checking '/root/workspaces/ros2_ws/install/ffw_moveit_config/bin'
[3.585s] Level 1:colcon.colcon_core.environment:checking '/root/workspaces/ros2_ws/install/ffw_moveit_config/lib/pkgconfig/ffw_moveit_config.pc'
[3.585s] Level 1:colcon.colcon_core.environment:checking '/root/workspaces/ros2_ws/install/ffw_moveit_config/lib/python3.12/site-packages'
[3.586s] Level 1:colcon.colcon_core.environment:checking '/root/workspaces/ros2_ws/install/ffw_moveit_config/bin'
[3.586s] INFO:colcon.colcon_core.shell:Creating package script '/root/workspaces/ros2_ws/install/ffw_moveit_config/share/ffw_moveit_config/package.ps1'
[3.605s] INFO:colcon.colcon_core.shell:Creating package descriptor '/root/workspaces/ros2_ws/install/ffw_moveit_config/share/ffw_moveit_config/package.dsv'
[3.625s] INFO:colcon.colcon_core.shell:Creating package script '/root/workspaces/ros2_ws/install/ffw_moveit_config/share/ffw_moveit_config/package.sh'
[3.629s] DEBUG:colcon.colcon_core.event_handler.log_command:Invoked command in '/root/workspaces/ros2_ws/build/ffw_moveit_config' returned '0': CMAKE_PREFIX_PATH=${CMAKE_PREFIX_PATH}:/root/workspaces/nawar_project/install/human_detector:/root/workspaces/nawar_project/install/ffw_teleop:/root/workspaces/nawar_project/install/ffw_bringup:/root/workspaces/ros2_ws/install/human_detector:/root/workspaces/ros2_ws/install/ffw_teleop:/root/workspaces/ros2_ws/install/ffw_bringup:/opt/ros/jazzy /usr/bin/cmake --install /root/workspaces/ros2_ws/build/ffw_moveit_config
[3.644s] INFO:colcon.colcon_core.shell:Creating package script '/root/workspaces/ros2_ws/install/ffw_moveit_config/share/ffw_moveit_config/package.bash'
[3.661s] INFO:colcon.colcon_core.shell:Creating package script '/root/workspaces/ros2_ws/install/ffw_moveit_config/share/ffw_moveit_config/package.zsh'
[3.688s] Level 1:colcon.colcon_core.environment:create_file_with_runtime_dependencies(/root/workspaces/ros2_ws/install/ffw_moveit_config/share/colcon-core/packages/ffw_moveit_config)
[3.710s] Level 1:colcon.colcon_core.environment:create_environment_scripts_only(ffw_moveit_config)
[3.710s] Level 1:colcon.colcon_core.environment:checking '/root/workspaces/ros2_ws/install/ffw_moveit_config' for CMake module files
[3.717s] Level 1:colcon.colcon_core.environment:checking '/root/workspaces/ros2_ws/install/ffw_moveit_config' for CMake config files
[3.731s] Level 1:colcon.colcon_core.shell:create_environment_hook('ffw_moveit_config', 'cmake_prefix_path')
[3.732s] INFO:colcon.colcon_core.shell:Creating environment hook '/root/workspaces/ros2_ws/install/ffw_moveit_config/share/ffw_moveit_config/hook/cmake_prefix_path.ps1'
[3.752s] INFO:colcon.colcon_core.shell:Creating environment descriptor '/root/workspaces/ros2_ws/install/ffw_moveit_config/share/ffw_moveit_config/hook/cmake_prefix_path.dsv'
[3.769s] INFO:colcon.colcon_core.shell:Creating environment hook '/root/workspaces/ros2_ws/install/ffw_moveit_config/share/ffw_moveit_config/hook/cmake_prefix_path.sh'
[3.787s] Level 1:colcon.colcon_core.environment:checking '/root/workspaces/ros2_ws/install/ffw_moveit_config/bin'
[3.787s] Level 1:colcon.colcon_core.environment:checking '/root/workspaces/ros2_ws/install/ffw_moveit_config/lib/pkgconfig/ffw_moveit_config.pc'
[3.788s] Level 1:colcon.colcon_core.environment:checking '/root/workspaces/ros2_ws/install/ffw_moveit_config/lib/python3.12/site-packages'
[3.789s] Level 1:colcon.colcon_core.environment:checking '/root/workspaces/ros2_ws/install/ffw_moveit_config/bin'
[3.790s] INFO:colcon.colcon_core.shell:Creating package script '/root/workspaces/ros2_ws/install/ffw_moveit_config/share/ffw_moveit_config/package.ps1'
[3.807s] INFO:colcon.colcon_core.shell:Creating package descriptor '/root/workspaces/ros2_ws/install/ffw_moveit_config/share/ffw_moveit_config/package.dsv'
[3.823s] INFO:colcon.colcon_core.shell:Creating package script '/root/workspaces/ros2_ws/install/ffw_moveit_config/share/ffw_moveit_config/package.sh'
[3.841s] INFO:colcon.colcon_core.shell:Creating package script '/root/workspaces/ros2_ws/install/ffw_moveit_config/share/ffw_moveit_config/package.bash'
[3.857s] INFO:colcon.colcon_core.shell:Creating package script '/root/workspaces/ros2_ws/install/ffw_moveit_config/share/ffw_moveit_config/package.zsh'
[3.874s] Level 1:colcon.colcon_core.environment:create_file_with_runtime_dependencies(/root/workspaces/ros2_ws/install/ffw_moveit_config/share/colcon-core/packages/ffw_moveit_config)
[3.891s] INFO:colcon.colcon_ros.task.ament_python.build:Building ROS package in '/root/workspaces/ros2_ws/src/ai-worker-sim/ffw_teleop' with build type 'ament_python'
[3.891s] Level 1:colcon.colcon_core.shell:create_environment_hook('ffw_teleop', 'ament_prefix_path')
[3.892s] INFO:colcon.colcon_core.shell:Creating environment hook '/root/workspaces/ros2_ws/install/ffw_teleop/share/ffw_teleop/hook/ament_prefix_path.ps1'
[3.909s] INFO:colcon.colcon_core.shell:Creating environment descriptor '/root/workspaces/ros2_ws/install/ffw_teleop/share/ffw_teleop/hook/ament_prefix_path.dsv'
[3.924s] INFO:colcon.colcon_core.shell:Creating environment hook '/root/workspaces/ros2_ws/install/ffw_teleop/share/ffw_teleop/hook/ament_prefix_path.sh'
[3.939s] INFO:colcon.colcon_core.shell:Skip shell extension 'powershell' for command environment: Not usable outside of PowerShell
[3.939s] DEBUG:colcon.colcon_core.shell:Skip shell extension 'dsv' for command environment
[4.073s] Level 1:colcon.colcon_core.environment:create_environment_scripts_only(ffw_description)
[4.074s] Level 1:colcon.colcon_core.environment:checking '/root/workspaces/ros2_ws/install/ffw_description' for CMake module files
[4.086s] Level 1:colcon.colcon_core.environment:checking '/root/workspaces/ros2_ws/install/ffw_description' for CMake config files
[4.109s] Level 1:colcon.colcon_core.shell:create_environment_hook('ffw_description', 'cmake_prefix_path')
[4.109s] INFO:colcon.colcon_core.shell:Creating environment hook '/root/workspaces/ros2_ws/install/ffw_description/share/ffw_description/hook/cmake_prefix_path.ps1'
[4.128s] INFO:colcon.colcon_core.shell:Creating environment descriptor '/root/workspaces/ros2_ws/install/ffw_description/share/ffw_description/hook/cmake_prefix_path.dsv'
[4.146s] INFO:colcon.colcon_core.shell:Creating environment hook '/root/workspaces/ros2_ws/install/ffw_description/share/ffw_description/hook/cmake_prefix_path.sh'
[4.164s] Level 1:colcon.colcon_core.environment:checking '/root/workspaces/ros2_ws/install/ffw_description/bin'
[4.165s] Level 1:colcon.colcon_core.environment:checking '/root/workspaces/ros2_ws/install/ffw_description/lib/pkgconfig/ffw_description.pc'
[4.165s] Level 1:colcon.colcon_core.environment:checking '/root/workspaces/ros2_ws/install/ffw_description/lib/python3.12/site-packages'
[4.166s] Level 1:colcon.colcon_core.environment:checking '/root/workspaces/ros2_ws/install/ffw_description/bin'
[4.167s] INFO:colcon.colcon_core.shell:Creating package script '/root/workspaces/ros2_ws/install/ffw_description/share/ffw_description/package.ps1'
[4.192s] INFO:colcon.colcon_core.shell:Creating package descriptor '/root/workspaces/ros2_ws/install/ffw_description/share/ffw_description/package.dsv'
[4.218s] INFO:colcon.colcon_core.shell:Creating package script '/root/workspaces/ros2_ws/install/ffw_description/share/ffw_description/package.sh'
[4.233s] INFO:colcon.colcon_core.shell:Creating package script '/root/workspaces/ros2_ws/install/ffw_description/share/ffw_description/package.bash'
[4.249s] INFO:colcon.colcon_core.shell:Creating package script '/root/workspaces/ros2_ws/install/ffw_description/share/ffw_description/package.zsh'
[4.264s] Level 1:colcon.colcon_core.environment:create_file_with_runtime_dependencies(/root/workspaces/ros2_ws/install/ffw_description/share/colcon-core/packages/ffw_description)
[4.275s] DEBUG:colcon.colcon_core.event_handler.log_command:Invoked command in '/root/workspaces/ros2_ws/build/ffw_description' returned '0': CMAKE_PREFIX_PATH=${CMAKE_PREFIX_PATH}:/root/workspaces/nawar_project/install/human_detector:/root/workspaces/nawar_project/install/ffw_teleop:/root/workspaces/nawar_project/install/ffw_bringup:/root/workspaces/ros2_ws/install/human_detector:/root/workspaces/ros2_ws/install/ffw_teleop:/root/workspaces/ros2_ws/install/ffw_bringup:/opt/ros/jazzy /usr/bin/cmake --install /root/workspaces/ros2_ws/build/ffw_description
[4.284s] Level 1:colcon.colcon_core.environment:create_environment_scripts_only(ffw_description)
[4.284s] Level 1:colcon.colcon_core.environment:checking '/root/workspaces/ros2_ws/install/ffw_description' for CMake module files
[4.289s] Level 1:colcon.colcon_core.environment:checking '/root/workspaces/ros2_ws/install/ffw_description' for CMake config files
[4.313s] Level 1:colcon.colcon_core.shell:create_environment_hook('ffw_description', 'cmake_prefix_path')
[4.313s] INFO:colcon.colcon_core.shell:Creating environment hook '/root/workspaces/ros2_ws/install/ffw_description/share/ffw_description/hook/cmake_prefix_path.ps1'
[4.331s] INFO:colcon.colcon_core.shell:Creating environment descriptor '/root/workspaces/ros2_ws/install/ffw_description/share/ffw_description/hook/cmake_prefix_path.dsv'
[4.350s] INFO:colcon.colcon_core.shell:Creating environment hook '/root/workspaces/ros2_ws/install/ffw_description/share/ffw_description/hook/cmake_prefix_path.sh'
[4.369s] Level 1:colcon.colcon_core.environment:checking '/root/workspaces/ros2_ws/install/ffw_description/bin'
[4.369s] Level 1:colcon.colcon_core.environment:checking '/root/workspaces/ros2_ws/install/ffw_description/lib/pkgconfig/ffw_description.pc'
[4.374s] Level 1:colcon.colcon_core.environment:checking '/root/workspaces/ros2_ws/install/ffw_description/lib/python3.12/site-packages'
[4.375s] Level 1:colcon.colcon_core.environment:checking '/root/workspaces/ros2_ws/install/ffw_description/bin'
[4.381s] INFO:colcon.colcon_core.shell:Creating package script '/root/workspaces/ros2_ws/install/ffw_description/share/ffw_description/package.ps1'
[4.401s] INFO:colcon.colcon_core.shell:Creating package descriptor '/root/workspaces/ros2_ws/install/ffw_description/share/ffw_description/package.dsv'
[4.417s] INFO:colcon.colcon_core.shell:Creating package script '/root/workspaces/ros2_ws/install/ffw_description/share/ffw_description/package.sh'
[4.435s] INFO:colcon.colcon_core.shell:Creating package script '/root/workspaces/ros2_ws/install/ffw_description/share/ffw_description/package.bash'
[4.453s] INFO:colcon.colcon_core.shell:Creating package script '/root/workspaces/ros2_ws/install/ffw_description/share/ffw_description/package.zsh'
[4.470s] Level 1:colcon.colcon_core.environment:create_file_with_runtime_dependencies(/root/workspaces/ros2_ws/install/ffw_description/share/colcon-core/packages/ffw_description)
[4.486s] Level 1:colcon.colcon_core.environment:create_environment_scripts_only(ffw_navigation)
[4.487s] Level 1:colcon.colcon_core.environment:checking '/root/workspaces/ros2_ws/install/ffw_navigation' for CMake module files
[4.502s] Level 1:colcon.colcon_core.environment:checking '/root/workspaces/ros2_ws/install/ffw_navigation' for CMake config files
[4.507s] DEBUG:colcon.colcon_core.event_handler.log_command:Invoked command in '/root/workspaces/ros2_ws/build/ffw_navigation' returned '0': CMAKE_PREFIX_PATH=${CMAKE_PREFIX_PATH}:/root/workspaces/nawar_project/install/human_detector:/root/workspaces/nawar_project/install/ffw_teleop:/root/workspaces/nawar_project/install/ffw_bringup:/root/workspaces/ros2_ws/install/human_detector:/root/workspaces/ros2_ws/install/ffw_teleop:/root/workspaces/ros2_ws/install/ffw_bringup:/opt/ros/jazzy /usr/bin/cmake --install /root/workspaces/ros2_ws/build/ffw_navigation
[4.515s] Level 1:colcon.colcon_core.shell:create_environment_hook('ffw_navigation', 'cmake_prefix_path')
[4.515s] INFO:colcon.colcon_core.shell:Creating environment hook '/root/workspaces/ros2_ws/install/ffw_navigation/share/ffw_navigation/hook/cmake_prefix_path.ps1'
[4.535s] INFO:colcon.colcon_core.shell:Creating environment descriptor '/root/workspaces/ros2_ws/install/ffw_navigation/share/ffw_navigation/hook/cmake_prefix_path.dsv'
[4.552s] INFO:colcon.colcon_core.shell:Creating environment hook '/root/workspaces/ros2_ws/install/ffw_navigation/share/ffw_navigation/hook/cmake_prefix_path.sh'
[4.568s] Level 1:colcon.colcon_core.environment:checking '/root/workspaces/ros2_ws/install/ffw_navigation/lib'
[4.570s] Level 1:colcon.colcon_core.shell:create_environment_hook('ffw_navigation', 'ld_library_path_lib')
[4.573s] INFO:colcon.colcon_core.shell:Creating environment hook '/root/workspaces/ros2_ws/install/ffw_navigation/share/ffw_navigation/hook/ld_library_path_lib.ps1'
[4.588s] INFO:colcon.colcon_core.shell:Creating environment descriptor '/root/workspaces/ros2_ws/install/ffw_navigation/share/ffw_navigation/hook/ld_library_path_lib.dsv'
[4.605s] INFO:colcon.colcon_core.shell:Creating environment hook '/root/workspaces/ros2_ws/install/ffw_navigation/share/ffw_navigation/hook/ld_library_path_lib.sh'
[4.626s] Level 1:colcon.colcon_core.environment:checking '/root/workspaces/ros2_ws/install/ffw_navigation/bin'
[4.626s] Level 1:colcon.colcon_core.environment:checking '/root/workspaces/ros2_ws/install/ffw_navigation/lib/pkgconfig/ffw_navigation.pc'
[4.637s] Level 1:colcon.colcon_core.environment:checking '/root/workspaces/ros2_ws/install/ffw_navigation/lib/python3.12/site-packages'
[4.640s] Level 1:colcon.colcon_core.environment:checking '/root/workspaces/ros2_ws/install/ffw_navigation/bin'
[4.640s] INFO:colcon.colcon_core.shell:Creating package script '/root/workspaces/ros2_ws/install/ffw_navigation/share/ffw_navigation/package.ps1'
[4.665s] INFO:colcon.colcon_core.shell:Creating package descriptor '/root/workspaces/ros2_ws/install/ffw_navigation/share/ffw_navigation/package.dsv'
[4.691s] INFO:colcon.colcon_core.shell:Creating package script '/root/workspaces/ros2_ws/install/ffw_navigation/share/ffw_navigation/package.sh'
[4.707s] INFO:colcon.colcon_core.shell:Creating package script '/root/workspaces/ros2_ws/install/ffw_navigation/share/ffw_navigation/package.bash'
[4.723s] INFO:colcon.colcon_core.shell:Creating package script '/root/workspaces/ros2_ws/install/ffw_navigation/share/ffw_navigation/package.zsh'
[4.738s] Level 1:colcon.colcon_core.environment:create_file_with_runtime_dependencies(/root/workspaces/ros2_ws/install/ffw_navigation/share/colcon-core/packages/ffw_navigation)
[4.760s] Level 1:colcon.colcon_core.environment:create_environment_scripts_only(ffw_navigation)
[4.760s] Level 1:colcon.colcon_core.environment:checking '/root/workspaces/ros2_ws/install/ffw_navigation' for CMake module files
[4.775s] Level 1:colcon.colcon_core.environment:checking '/root/workspaces/ros2_ws/install/ffw_navigation' for CMake config files
[4.792s] Level 1:colcon.colcon_core.shell:create_environment_hook('ffw_navigation', 'cmake_prefix_path')
[4.792s] INFO:colcon.colcon_core.shell:Creating environment hook '/root/workspaces/ros2_ws/install/ffw_navigation/share/ffw_navigation/hook/cmake_prefix_path.ps1'
[4.820s] INFO:colcon.colcon_core.shell:Creating environment descriptor '/root/workspaces/ros2_ws/install/ffw_navigation/share/ffw_navigation/hook/cmake_prefix_path.dsv'
[4.838s] INFO:colcon.colcon_core.shell:Creating environment hook '/root/workspaces/ros2_ws/install/ffw_navigation/share/ffw_navigation/hook/cmake_prefix_path.sh'
[4.855s] Level 1:colcon.colcon_core.environment:checking '/root/workspaces/ros2_ws/install/ffw_navigation/lib'
[4.856s] Level 1:colcon.colcon_core.shell:create_environment_hook('ffw_navigation', 'ld_library_path_lib')
[4.864s] INFO:colcon.colcon_core.shell:Creating environment hook '/root/workspaces/ros2_ws/install/ffw_navigation/share/ffw_navigation/hook/ld_library_path_lib.ps1'
[4.889s] INFO:colcon.colcon_core.shell:Creating environment descriptor '/root/workspaces/ros2_ws/install/ffw_navigation/share/ffw_navigation/hook/ld_library_path_lib.dsv'
[4.906s] INFO:colcon.colcon_core.shell:Creating environment hook '/root/workspaces/ros2_ws/install/ffw_navigation/share/ffw_navigation/hook/ld_library_path_lib.sh'
[4.923s] Level 1:colcon.colcon_core.environment:checking '/root/workspaces/ros2_ws/install/ffw_navigation/bin'
[4.923s] Level 1:colcon.colcon_core.environment:checking '/root/workspaces/ros2_ws/install/ffw_navigation/lib/pkgconfig/ffw_navigation.pc'
[4.933s] Level 1:colcon.colcon_core.environment:checking '/root/workspaces/ros2_ws/install/ffw_navigation/lib/python3.12/site-packages'
[4.933s] Level 1:colcon.colcon_core.environment:checking '/root/workspaces/ros2_ws/install/ffw_navigation/bin'
[4.934s] INFO:colcon.colcon_core.shell:Creating package script '/root/workspaces/ros2_ws/install/ffw_navigation/share/ffw_navigation/package.ps1'
[4.950s] INFO:colcon.colcon_core.shell:Creating package descriptor '/root/workspaces/ros2_ws/install/ffw_navigation/share/ffw_navigation/package.dsv'
[4.967s] INFO:colcon.colcon_core.shell:Creating package script '/root/workspaces/ros2_ws/install/ffw_navigation/share/ffw_navigation/package.sh'
[4.984s] INFO:colcon.colcon_core.shell:Creating package script '/root/workspaces/ros2_ws/install/ffw_navigation/share/ffw_navigation/package.bash'
[5.002s] INFO:colcon.colcon_core.shell:Creating package script '/root/workspaces/ros2_ws/install/ffw_navigation/share/ffw_navigation/package.zsh'
[5.020s] Level 1:colcon.colcon_core.environment:create_file_with_runtime_dependencies(/root/workspaces/ros2_ws/install/ffw_navigation/share/colcon-core/packages/ffw_navigation)
[5.055s] INFO:colcon.colcon_ros.task.ament_python.build:Building ROS package in '/root/workspaces/ros2_ws/src/ai-worker-sim/human_detector' with build type 'ament_python'
[5.055s] Level 1:colcon.colcon_core.shell:create_environment_hook('human_detector', 'ament_prefix_path')
[5.065s] INFO:colcon.colcon_core.shell:Creating environment hook '/root/workspaces/ros2_ws/install/human_detector/share/human_detector/hook/ament_prefix_path.ps1'
[5.067s] DEBUG:colcon.colcon_core.event_handler.log_command:Invoked command in '/root/workspaces/ros2_ws/build/ffw_swerve_drive_controller' returned '0': CMAKE_PREFIX_PATH=${CMAKE_PREFIX_PATH}:/root/workspaces/nawar_project/install/human_detector:/root/workspaces/nawar_project/install/ffw_teleop:/root/workspaces/nawar_project/install/ffw_bringup:/root/workspaces/ros2_ws/install/human_detector:/root/workspaces/ros2_ws/install/ffw_teleop:/root/workspaces/ros2_ws/install/ffw_bringup:/opt/ros/jazzy /usr/bin/cmake --build /root/workspaces/ros2_ws/build/ffw_swerve_drive_controller -- -j4 -l4
[5.082s] INFO:colcon.colcon_core.shell:Creating environment descriptor '/root/workspaces/ros2_ws/install/human_detector/share/human_detector/hook/ament_prefix_path.dsv'
[5.093s] DEBUG:colcon.colcon_core.event_handler.log_command:Invoking command in '/root/workspaces/ros2_ws/build/ffw_swerve_drive_controller': CMAKE_PREFIX_PATH=${CMAKE_PREFIX_PATH}:/root/workspaces/nawar_project/install/human_detector:/root/workspaces/nawar_project/install/ffw_teleop:/root/workspaces/nawar_project/install/ffw_bringup:/root/workspaces/ros2_ws/install/human_detector:/root/workspaces/ros2_ws/install/ffw_teleop:/root/workspaces/ros2_ws/install/ffw_bringup:/opt/ros/jazzy /usr/bin/cmake --install /root/workspaces/ros2_ws/build/ffw_swerve_drive_controller
[5.098s] INFO:colcon.colcon_core.shell:Creating environment hook '/root/workspaces/ros2_ws/install/human_detector/share/human_detector/hook/ament_prefix_path.sh'
[5.133s] INFO:colcon.colcon_core.shell:Skip shell extension 'powershell' for command environment: Not usable outside of PowerShell
[5.138s] DEBUG:colcon.colcon_core.shell:Skip shell extension 'dsv' for command environment
[5.231s] INFO:colcon.colcon_ros.task.ament_cmake.build:Building ROS package in '/root/workspaces/ros2_ws/src/ai-worker-sim/library_world' with build type 'ament_cmake'
[5.231s] INFO:colcon.colcon_cmake.task.cmake.build:Building CMake package in '/root/workspaces/ros2_ws/src/ai-worker-sim/library_world'
[5.241s] INFO:colcon.colcon_core.shell:Skip shell extension 'powershell' for command environment: Not usable outside of PowerShell
[5.242s] DEBUG:colcon.colcon_core.shell:Skip shell extension 'dsv' for command environment
[6.254s] INFO:colcon.colcon_core.task.python.build:Building Python package in '/root/workspaces/ros2_ws/src/ai-worker-sim/ffw_teleop'
[6.255s] INFO:colcon.colcon_core.shell:Skip shell extension 'powershell' for command environment: Not usable outside of PowerShell
[6.255s] DEBUG:colcon.colcon_core.shell:Skip shell extension 'dsv' for command environment
[7.148s] INFO:colcon.colcon_core.task.python.build:Building Python package in '/root/workspaces/ros2_ws/src/ai-worker-sim/human_detector'
[7.149s] INFO:colcon.colcon_core.shell:Skip shell extension 'powershell' for command environment: Not usable outside of PowerShell
[7.159s] DEBUG:colcon.colcon_core.shell:Skip shell extension 'dsv' for command environment
[7.318s] Level 1:colcon.colcon_core.environment:create_environment_scripts_only(ffw_swerve_drive_controller)
[7.319s] Level 1:colcon.colcon_core.environment:checking '/root/workspaces/ros2_ws/install/ffw_swerve_drive_controller' for CMake module files
[7.331s] Level 1:colcon.colcon_core.environment:checking '/root/workspaces/ros2_ws/install/ffw_swerve_drive_controller' for CMake config files
[7.350s] Level 1:colcon.colcon_core.shell:create_environment_hook('ffw_swerve_drive_controller', 'cmake_prefix_path')
[7.351s] INFO:colcon.colcon_core.shell:Creating environment hook '/root/workspaces/ros2_ws/install/ffw_swerve_drive_controller/share/ffw_swerve_drive_controller/hook/cmake_prefix_path.ps1'
[7.375s] DEBUG:colcon.colcon_core.event_handler.log_command:Invoking command in '/root/workspaces/ros2_ws/build/library_world': CMAKE_PREFIX_PATH=${CMAKE_PREFIX_PATH}:/root/workspaces/nawar_project/install/human_detector:/root/workspaces/nawar_project/install/ffw_teleop:/root/workspaces/nawar_project/install/ffw_bringup:/root/workspaces/ros2_ws/install/human_detector:/root/workspaces/ros2_ws/install/ffw_teleop:/root/workspaces/ros2_ws/install/ffw_bringup:/opt/ros/jazzy /usr/bin/cmake --build /root/workspaces/ros2_ws/build/library_world -- -j4 -l4
[7.376s] DEBUG:colcon.colcon_core.event_handler.log_command:Invoked command in '/root/workspaces/ros2_ws/build/ffw_swerve_drive_controller' returned '0': CMAKE_PREFIX_PATH=${CMAKE_PREFIX_PATH}:/root/workspaces/nawar_project/install/human_detector:/root/workspaces/nawar_project/install/ffw_teleop:/root/workspaces/nawar_project/install/ffw_bringup:/root/workspaces/ros2_ws/install/human_detector:/root/workspaces/ros2_ws/install/ffw_teleop:/root/workspaces/ros2_ws/install/ffw_bringup:/opt/ros/jazzy /usr/bin/cmake --install /root/workspaces/ros2_ws/build/ffw_swerve_drive_controller
[7.379s] INFO:colcon.colcon_core.shell:Creating environment descriptor '/root/workspaces/ros2_ws/install/ffw_swerve_drive_controller/share/ffw_swerve_drive_controller/hook/cmake_prefix_path.dsv'
[7.411s] INFO:colcon.colcon_core.shell:Creating environment hook '/root/workspaces/ros2_ws/install/ffw_swerve_drive_controller/share/ffw_swerve_drive_controller/hook/cmake_prefix_path.sh'
[7.430s] Level 1:colcon.colcon_core.environment:checking '/root/workspaces/ros2_ws/install/ffw_swerve_drive_controller/lib'
[7.440s] Level 1:colcon.colcon_core.shell:create_environment_hook('ffw_swerve_drive_controller', 'ld_library_path_lib')
[7.450s] INFO:colcon.colcon_core.shell:Creating environment hook '/root/workspaces/ros2_ws/install/ffw_swerve_drive_controller/share/ffw_swerve_drive_controller/hook/ld_library_path_lib.ps1'
[7.478s] INFO:colcon.colcon_core.shell:Creating environment descriptor '/root/workspaces/ros2_ws/install/ffw_swerve_drive_controller/share/ffw_swerve_drive_controller/hook/ld_library_path_lib.dsv'
[7.494s] INFO:colcon.colcon_core.shell:Creating environment hook '/root/workspaces/ros2_ws/install/ffw_swerve_drive_controller/share/ffw_swerve_drive_controller/hook/ld_library_path_lib.sh'
[7.517s] Level 1:colcon.colcon_core.environment:checking '/root/workspaces/ros2_ws/install/ffw_swerve_drive_controller/bin'
[7.517s] Level 1:colcon.colcon_core.environment:checking '/root/workspaces/ros2_ws/install/ffw_swerve_drive_controller/lib/pkgconfig/ffw_swerve_drive_controller.pc'
[7.518s] Level 1:colcon.colcon_core.environment:checking '/root/workspaces/ros2_ws/install/ffw_swerve_drive_controller/lib/python3.12/site-packages'
[7.521s] Level 1:colcon.colcon_core.environment:checking '/root/workspaces/ros2_ws/install/ffw_swerve_drive_controller/bin'
[7.531s] INFO:colcon.colcon_core.shell:Creating package script '/root/workspaces/ros2_ws/install/ffw_swerve_drive_controller/share/ffw_swerve_drive_controller/package.ps1'
[7.550s] INFO:colcon.colcon_core.shell:Creating package descriptor '/root/workspaces/ros2_ws/install/ffw_swerve_drive_controller/share/ffw_swerve_drive_controller/package.dsv'
[7.571s] INFO:colcon.colcon_core.shell:Creating package script '/root/workspaces/ros2_ws/install/ffw_swerve_drive_controller/share/ffw_swerve_drive_controller/package.sh'
[7.591s] INFO:colcon.colcon_core.shell:Creating package script '/root/workspaces/ros2_ws/install/ffw_swerve_drive_controller/share/ffw_swerve_drive_controller/package.bash'
[7.608s] INFO:colcon.colcon_core.shell:Creating package script '/root/workspaces/ros2_ws/install/ffw_swerve_drive_controller/share/ffw_swerve_drive_controller/package.zsh'
[7.625s] Level 1:colcon.colcon_core.environment:create_file_with_runtime_dependencies(/root/workspaces/ros2_ws/install/ffw_swerve_drive_controller/share/colcon-core/packages/ffw_swerve_drive_controller)
[7.647s] Level 1:colcon.colcon_core.environment:create_environment_scripts_only(ffw_swerve_drive_controller)
[7.647s] Level 1:colcon.colcon_core.environment:checking '/root/workspaces/ros2_ws/install/ffw_swerve_drive_controller' for CMake module files
[7.650s] Level 1:colcon.colcon_core.environment:checking '/root/workspaces/ros2_ws/install/ffw_swerve_drive_controller' for CMake config files
[7.671s] Level 1:colcon.colcon_core.shell:create_environment_hook('ffw_swerve_drive_controller', 'cmake_prefix_path')
[7.672s] INFO:colcon.colcon_core.shell:Creating environment hook '/root/workspaces/ros2_ws/install/ffw_swerve_drive_controller/share/ffw_swerve_drive_controller/hook/cmake_prefix_path.ps1'
[7.689s] INFO:colcon.colcon_core.shell:Creating environment descriptor '/root/workspaces/ros2_ws/install/ffw_swerve_drive_controller/share/ffw_swerve_drive_controller/hook/cmake_prefix_path.dsv'
[7.724s] INFO:colcon.colcon_core.shell:Creating environment hook '/root/workspaces/ros2_ws/install/ffw_swerve_drive_controller/share/ffw_swerve_drive_controller/hook/cmake_prefix_path.sh'
[7.746s] Level 1:colcon.colcon_core.environment:checking '/root/workspaces/ros2_ws/install/ffw_swerve_drive_controller/lib'
[7.747s] Level 1:colcon.colcon_core.shell:create_environment_hook('ffw_swerve_drive_controller', 'ld_library_path_lib')
[7.761s] INFO:colcon.colcon_core.shell:Creating environment hook '/root/workspaces/ros2_ws/install/ffw_swerve_drive_controller/share/ffw_swerve_drive_controller/hook/ld_library_path_lib.ps1'
[7.794s] INFO:colcon.colcon_core.shell:Creating environment descriptor '/root/workspaces/ros2_ws/install/ffw_swerve_drive_controller/share/ffw_swerve_drive_controller/hook/ld_library_path_lib.dsv'
[7.824s] INFO:colcon.colcon_core.shell:Creating environment hook '/root/workspaces/ros2_ws/install/ffw_swerve_drive_controller/share/ffw_swerve_drive_controller/hook/ld_library_path_lib.sh'
[7.841s] Level 1:colcon.colcon_core.environment:checking '/root/workspaces/ros2_ws/install/ffw_swerve_drive_controller/bin'
[7.842s] Level 1:colcon.colcon_core.environment:checking '/root/workspaces/ros2_ws/install/ffw_swerve_drive_controller/lib/pkgconfig/ffw_swerve_drive_controller.pc'
[7.854s] Level 1:colcon.colcon_core.environment:checking '/root/workspaces/ros2_ws/install/ffw_swerve_drive_controller/lib/python3.12/site-packages'
[7.868s] Level 1:colcon.colcon_core.environment:checking '/root/workspaces/ros2_ws/install/ffw_swerve_drive_controller/bin'
[7.879s] INFO:colcon.colcon_core.shell:Creating package script '/root/workspaces/ros2_ws/install/ffw_swerve_drive_controller/share/ffw_swerve_drive_controller/package.ps1'
[7.908s] INFO:colcon.colcon_core.shell:Creating package descriptor '/root/workspaces/ros2_ws/install/ffw_swerve_drive_controller/share/ffw_swerve_drive_controller/package.dsv'
[7.948s] INFO:colcon.colcon_core.shell:Creating package script '/root/workspaces/ros2_ws/install/ffw_swerve_drive_controller/share/ffw_swerve_drive_controller/package.sh'
[7.966s] INFO:colcon.colcon_core.shell:Creating package script '/root/workspaces/ros2_ws/install/ffw_swerve_drive_controller/share/ffw_swerve_drive_controller/package.bash'
[7.989s] INFO:colcon.colcon_core.shell:Creating package script '/root/workspaces/ros2_ws/install/ffw_swerve_drive_controller/share/ffw_swerve_drive_controller/package.zsh'
[8.008s] Level 1:colcon.colcon_core.environment:create_file_with_runtime_dependencies(/root/workspaces/ros2_ws/install/ffw_swerve_drive_controller/share/colcon-core/packages/ffw_swerve_drive_controller)
[8.028s] INFO:colcon.colcon_ros.task.ament_cmake.build:Building ROS package in '/root/workspaces/ros2_ws/src/Gazebo_worlds/warehouse_worlds' with build type 'ament_cmake'
[8.029s] INFO:colcon.colcon_cmake.task.cmake.build:Building CMake package in '/root/workspaces/ros2_ws/src/Gazebo_worlds/warehouse_worlds'
[8.029s] INFO:colcon.colcon_core.shell:Skip shell extension 'powershell' for command environment: Not usable outside of PowerShell
[8.029s] DEBUG:colcon.colcon_core.shell:Skip shell extension 'dsv' for command environment
[8.241s] DEBUG:colcon.colcon_core.event_handler.log_command:Invoked command in '/root/workspaces/ros2_ws/build/library_world' returned '0': CMAKE_PREFIX_PATH=${CMAKE_PREFIX_PATH}:/root/workspaces/nawar_project/install/human_detector:/root/workspaces/nawar_project/install/ffw_teleop:/root/workspaces/nawar_project/install/ffw_bringup:/root/workspaces/ros2_ws/install/human_detector:/root/workspaces/ros2_ws/install/ffw_teleop:/root/workspaces/ros2_ws/install/ffw_bringup:/opt/ros/jazzy /usr/bin/cmake --build /root/workspaces/ros2_ws/build/library_world -- -j4 -l4
[8.264s] DEBUG:colcon.colcon_core.event_handler.log_command:Invoking command in '/root/workspaces/ros2_ws/build/library_world': CMAKE_PREFIX_PATH=${CMAKE_PREFIX_PATH}:/root/workspaces/nawar_project/install/human_detector:/root/workspaces/nawar_project/install/ffw_teleop:/root/workspaces/nawar_project/install/ffw_bringup:/root/workspaces/ros2_ws/install/human_detector:/root/workspaces/ros2_ws/install/ffw_teleop:/root/workspaces/ros2_ws/install/ffw_bringup:/opt/ros/jazzy /usr/bin/cmake --install /root/workspaces/ros2_ws/build/library_world
[8.583s] DEBUG:colcon.colcon_core.event_handler.log_command:Invoking command in '/root/workspaces/ros2_ws/build/warehouse_worlds': CMAKE_PREFIX_PATH=${CMAKE_PREFIX_PATH}:/root/workspaces/nawar_project/install/human_detector:/root/workspaces/nawar_project/install/ffw_teleop:/root/workspaces/nawar_project/install/ffw_bringup:/root/workspaces/ros2_ws/install/human_detector:/root/workspaces/ros2_ws/install/ffw_teleop:/root/workspaces/ros2_ws/install/ffw_bringup:/opt/ros/jazzy /usr/bin/cmake --build /root/workspaces/ros2_ws/build/warehouse_worlds -- -j4 -l4
[8.944s] DEBUG:colcon.colcon_core.event_handler.log_command:Invoked command in '/root/workspaces/ros2_ws/build/warehouse_worlds' returned '0': CMAKE_PREFIX_PATH=${CMAKE_PREFIX_PATH}:/root/workspaces/nawar_project/install/human_detector:/root/workspaces/nawar_project/install/ffw_teleop:/root/workspaces/nawar_project/install/ffw_bringup:/root/workspaces/ros2_ws/install/human_detector:/root/workspaces/ros2_ws/install/ffw_teleop:/root/workspaces/ros2_ws/install/ffw_bringup:/opt/ros/jazzy /usr/bin/cmake --build /root/workspaces/ros2_ws/build/warehouse_worlds -- -j4 -l4
[8.945s] DEBUG:colcon.colcon_core.event_handler.log_command:Invoking command in '/root/workspaces/ros2_ws/build/warehouse_worlds': CMAKE_PREFIX_PATH=${CMAKE_PREFIX_PATH}:/root/workspaces/nawar_project/install/human_detector:/root/workspaces/nawar_project/install/ffw_teleop:/root/workspaces/nawar_project/install/ffw_bringup:/root/workspaces/ros2_ws/install/human_detector:/root/workspaces/ros2_ws/install/ffw_teleop:/root/workspaces/ros2_ws/install/ffw_bringup:/opt/ros/jazzy /usr/bin/cmake --install /root/workspaces/ros2_ws/build/warehouse_worlds
[9.753s] Level 1:colcon.colcon_core.environment:create_environment_scripts_only(library_world)
[9.753s] Level 1:colcon.colcon_core.environment:checking '/root/workspaces/ros2_ws/install/library_world' for CMake module files
[9.766s] Level 1:colcon.colcon_core.environment:checking '/root/workspaces/ros2_ws/install/library_world' for CMake config files
[9.935s] Level 1:colcon.colcon_core.shell:create_environment_hook('library_world', 'cmake_prefix_path')
[9.935s] INFO:colcon.colcon_core.shell:Creating environment hook '/root/workspaces/ros2_ws/install/library_world/share/library_world/hook/cmake_prefix_path.ps1'
[9.952s] INFO:colcon.colcon_core.shell:Creating environment descriptor '/root/workspaces/ros2_ws/install/library_world/share/library_world/hook/cmake_prefix_path.dsv'
[9.970s] INFO:colcon.colcon_core.shell:Creating environment hook '/root/workspaces/ros2_ws/install/library_world/share/library_world/hook/cmake_prefix_path.sh'
[9.986s] Level 1:colcon.colcon_core.environment:checking '/root/workspaces/ros2_ws/install/library_world/bin'
[9.987s] Level 1:colcon.colcon_core.environment:checking '/root/workspaces/ros2_ws/install/library_world/lib/pkgconfig/library_world.pc'
[9.987s] Level 1:colcon.colcon_core.environment:checking '/root/workspaces/ros2_ws/install/library_world/lib/python3.12/site-packages'
[9.988s] Level 1:colcon.colcon_core.environment:checking '/root/workspaces/ros2_ws/install/library_world/bin'
[9.989s] INFO:colcon.colcon_core.shell:Creating package script '/root/workspaces/ros2_ws/install/library_world/share/library_world/package.ps1'
[10.010s] INFO:colcon.colcon_core.shell:Creating package descriptor '/root/workspaces/ros2_ws/install/library_world/share/library_world/package.dsv'
[10.026s] INFO:colcon.colcon_core.shell:Creating package script '/root/workspaces/ros2_ws/install/library_world/share/library_world/package.sh'
[10.043s] INFO:colcon.colcon_core.shell:Creating package script '/root/workspaces/ros2_ws/install/library_world/share/library_world/package.bash'
[10.058s] INFO:colcon.colcon_core.shell:Creating package script '/root/workspaces/ros2_ws/install/library_world/share/library_world/package.zsh'
[10.076s] Level 1:colcon.colcon_core.environment:create_file_with_runtime_dependencies(/root/workspaces/ros2_ws/install/library_world/share/colcon-core/packages/library_world)
[10.085s] Level 1:colcon.colcon_core.environment:create_environment_scripts_only(library_world)
[10.085s] Level 1:colcon.colcon_core.environment:checking '/root/workspaces/ros2_ws/install/library_world' for CMake module files
[10.090s] Level 1:colcon.colcon_core.environment:checking '/root/workspaces/ros2_ws/install/library_world' for CMake config files
[10.190s] Level 1:colcon.colcon_core.shell:create_environment_hook('library_world', 'cmake_prefix_path')
[10.190s] INFO:colcon.colcon_core.shell:Creating environment hook '/root/workspaces/ros2_ws/install/library_world/share/library_world/hook/cmake_prefix_path.ps1'
[10.210s] INFO:colcon.colcon_core.shell:Creating environment descriptor '/root/workspaces/ros2_ws/install/library_world/share/library_world/hook/cmake_prefix_path.dsv'
[10.227s] INFO:colcon.colcon_core.shell:Creating environment hook '/root/workspaces/ros2_ws/install/library_world/share/library_world/hook/cmake_prefix_path.sh'
[10.247s] Level 1:colcon.colcon_core.environment:checking '/root/workspaces/ros2_ws/install/library_world/bin'
[10.247s] Level 1:colcon.colcon_core.environment:checking '/root/workspaces/ros2_ws/install/library_world/lib/pkgconfig/library_world.pc'
[10.248s] Level 1:colcon.colcon_core.environment:checking '/root/workspaces/ros2_ws/install/library_world/lib/python3.12/site-packages'
[10.249s] Level 1:colcon.colcon_core.environment:checking '/root/workspaces/ros2_ws/install/library_world/bin'
[10.250s] INFO:colcon.colcon_core.shell:Creating package script '/root/workspaces/ros2_ws/install/library_world/share/library_world/package.ps1'
[10.268s] INFO:colcon.colcon_core.shell:Creating package descriptor '/root/workspaces/ros2_ws/install/library_world/share/library_world/package.dsv'
[10.286s] INFO:colcon.colcon_core.shell:Creating package script '/root/workspaces/ros2_ws/install/library_world/share/library_world/package.sh'
[10.305s] INFO:colcon.colcon_core.shell:Creating package script '/root/workspaces/ros2_ws/install/library_world/share/library_world/package.bash'
[10.321s] INFO:colcon.colcon_core.shell:Creating package script '/root/workspaces/ros2_ws/install/library_world/share/library_world/package.zsh'
[10.341s] Level 1:colcon.colcon_core.environment:create_file_with_runtime_dependencies(/root/workspaces/ros2_ws/install/library_world/share/colcon-core/packages/library_world)
[10.344s] INFO:colcon.colcon_ros.task.ament_python.build:Building ROS package in '/root/workspaces/ros2_ws/src/ai-worker-sim/ffw_bringup' with build type 'ament_python'
[10.344s] Level 1:colcon.colcon_core.shell:create_environment_hook('ffw_bringup', 'ament_prefix_path')
[10.345s] INFO:colcon.colcon_core.shell:Creating environment hook '/root/workspaces/ros2_ws/install/ffw_bringup/share/ffw_bringup/hook/ament_prefix_path.ps1'
[10.362s] INFO:colcon.colcon_core.shell:Creating environment descriptor '/root/workspaces/ros2_ws/install/ffw_bringup/share/ffw_bringup/hook/ament_prefix_path.dsv'
[10.380s] INFO:colcon.colcon_core.shell:Creating environment hook '/root/workspaces/ros2_ws/install/ffw_bringup/share/ffw_bringup/hook/ament_prefix_path.sh'
[10.398s] INFO:colcon.colcon_core.shell:Skip shell extension 'powershell' for command environment: Not usable outside of PowerShell
[10.398s] DEBUG:colcon.colcon_core.shell:Skip shell extension 'dsv' for command environment
[10.859s] DEBUG:colcon.colcon_core.event_handler.log_command:Invoked command in '/root/workspaces/ros2_ws/build/library_world' returned '0': CMAKE_PREFIX_PATH=${CMAKE_PREFIX_PATH}:/root/workspaces/nawar_project/install/human_detector:/root/workspaces/nawar_project/install/ffw_teleop:/root/workspaces/nawar_project/install/ffw_bringup:/root/workspaces/ros2_ws/install/human_detector:/root/workspaces/ros2_ws/install/ffw_teleop:/root/workspaces/ros2_ws/install/ffw_bringup:/opt/ros/jazzy /usr/bin/cmake --install /root/workspaces/ros2_ws/build/library_world
[11.685s] INFO:colcon.colcon_core.task.python.build:Building Python package in '/root/workspaces/ros2_ws/src/ai-worker-sim/ffw_bringup'
[11.685s] INFO:colcon.colcon_core.shell:Skip shell extension 'powershell' for command environment: Not usable outside of PowerShell
[11.685s] DEBUG:colcon.colcon_core.shell:Skip shell extension 'dsv' for command environment
[11.804s] DEBUG:colcon.colcon_core.task.python.build:Available setuptools commands: egg_info, build_scripts, compile_catalog, install, easy_install, install_lib, install_headers, bdist, build_py, register, init_catalog, install_egg_info, build_clib, bdist_dumb, develop, extract_messages, dist_info, update_catalog, alias, install_scripts, rotate, bdist_egg, symlink_data, clean, build_ext, sdist, editable_wheel, saveopts, check, upload, setopt, bdist_wheel, install_data, upload_docs, bdist_rpm, test, build
[11.843s] DEBUG:colcon.colcon_core.task.python.build:Available setuptools commands: egg_info, build_scripts, compile_catalog, install, easy_install, install_lib, install_headers, bdist, build_py, register, init_catalog, install_egg_info, build_clib, bdist_dumb, develop, extract_messages, dist_info, update_catalog, alias, install_scripts, rotate, bdist_egg, symlink_data, clean, build_ext, sdist, editable_wheel, saveopts, check, upload, setopt, bdist_wheel, install_data, upload_docs, bdist_rpm, test, build
[11.894s] Level 1:colcon.colcon_core.environment:create_environment_scripts_only(warehouse_worlds)
[11.894s] Level 1:colcon.colcon_core.environment:checking '/root/workspaces/ros2_ws/install/warehouse_worlds' for CMake module files
[11.913s] Level 1:colcon.colcon_core.environment:checking '/root/workspaces/ros2_ws/install/warehouse_worlds' for CMake config files
[12.057s] Level 1:colcon.colcon_core.shell:create_environment_hook('warehouse_worlds', 'cmake_prefix_path')
[12.057s] INFO:colcon.colcon_core.shell:Creating environment hook '/root/workspaces/ros2_ws/install/warehouse_worlds/share/warehouse_worlds/hook/cmake_prefix_path.ps1'
[12.076s] INFO:colcon.colcon_core.shell:Creating environment descriptor '/root/workspaces/ros2_ws/install/warehouse_worlds/share/warehouse_worlds/hook/cmake_prefix_path.dsv'
[12.092s] INFO:colcon.colcon_core.shell:Creating environment hook '/root/workspaces/ros2_ws/install/warehouse_worlds/share/warehouse_worlds/hook/cmake_prefix_path.sh'
[12.111s] Level 1:colcon.colcon_core.environment:checking '/root/workspaces/ros2_ws/install/warehouse_worlds/bin'
[12.111s] Level 1:colcon.colcon_core.environment:checking '/root/workspaces/ros2_ws/install/warehouse_worlds/lib/pkgconfig/warehouse_worlds.pc'
[12.112s] Level 1:colcon.colcon_core.environment:checking '/root/workspaces/ros2_ws/install/warehouse_worlds/lib/python3.12/site-packages'
[12.113s] Level 1:colcon.colcon_core.environment:checking '/root/workspaces/ros2_ws/install/warehouse_worlds/bin'
[12.114s] INFO:colcon.colcon_core.shell:Creating package script '/root/workspaces/ros2_ws/install/warehouse_worlds/share/warehouse_worlds/package.ps1'
[12.131s] INFO:colcon.colcon_core.shell:Creating package descriptor '/root/workspaces/ros2_ws/install/warehouse_worlds/share/warehouse_worlds/package.dsv'
[12.148s] INFO:colcon.colcon_core.shell:Creating package script '/root/workspaces/ros2_ws/install/warehouse_worlds/share/warehouse_worlds/package.sh'
[12.165s] INFO:colcon.colcon_core.shell:Creating package script '/root/workspaces/ros2_ws/install/warehouse_worlds/share/warehouse_worlds/package.bash'
[12.179s] INFO:colcon.colcon_core.shell:Creating package script '/root/workspaces/ros2_ws/install/warehouse_worlds/share/warehouse_worlds/package.zsh'
[12.195s] Level 1:colcon.colcon_core.environment:create_file_with_runtime_dependencies(/root/workspaces/ros2_ws/install/warehouse_worlds/share/colcon-core/packages/warehouse_worlds)
[12.204s] Level 1:colcon.colcon_core.environment:create_environment_scripts_only(warehouse_worlds)
[12.204s] Level 1:colcon.colcon_core.environment:checking '/root/workspaces/ros2_ws/install/warehouse_worlds' for CMake module files
[12.207s] Level 1:colcon.colcon_core.environment:checking '/root/workspaces/ros2_ws/install/warehouse_worlds' for CMake config files
[12.295s] Level 1:colcon.colcon_core.shell:create_environment_hook('warehouse_worlds', 'cmake_prefix_path')
[12.296s] INFO:colcon.colcon_core.shell:Creating environment hook '/root/workspaces/ros2_ws/install/warehouse_worlds/share/warehouse_worlds/hook/cmake_prefix_path.ps1'
[12.312s] INFO:colcon.colcon_core.shell:Creating environment descriptor '/root/workspaces/ros2_ws/install/warehouse_worlds/share/warehouse_worlds/hook/cmake_prefix_path.dsv'
[12.328s] INFO:colcon.colcon_core.shell:Creating environment hook '/root/workspaces/ros2_ws/install/warehouse_worlds/share/warehouse_worlds/hook/cmake_prefix_path.sh'
[12.355s] Level 1:colcon.colcon_core.environment:checking '/root/workspaces/ros2_ws/install/warehouse_worlds/bin'
[12.355s] Level 1:colcon.colcon_core.environment:checking '/root/workspaces/ros2_ws/install/warehouse_worlds/lib/pkgconfig/warehouse_worlds.pc'
[12.356s] Level 1:colcon.colcon_core.environment:checking '/root/workspaces/ros2_ws/install/warehouse_worlds/lib/python3.12/site-packages'
[12.356s] Level 1:colcon.colcon_core.environment:checking '/root/workspaces/ros2_ws/install/warehouse_worlds/bin'
[12.357s] INFO:colcon.colcon_core.shell:Creating package script '/root/workspaces/ros2_ws/install/warehouse_worlds/share/warehouse_worlds/package.ps1'
[12.373s] INFO:colcon.colcon_core.shell:Creating package descriptor '/root/workspaces/ros2_ws/install/warehouse_worlds/share/warehouse_worlds/package.dsv'
[12.391s] INFO:colcon.colcon_core.shell:Creating package script '/root/workspaces/ros2_ws/install/warehouse_worlds/share/warehouse_worlds/package.sh'
[12.408s] INFO:colcon.colcon_core.shell:Creating package script '/root/workspaces/ros2_ws/install/warehouse_worlds/share/warehouse_worlds/package.bash'
[12.427s] INFO:colcon.colcon_core.shell:Creating package script '/root/workspaces/ros2_ws/install/warehouse_worlds/share/warehouse_worlds/package.zsh'
[12.445s] Level 1:colcon.colcon_core.environment:create_file_with_runtime_dependencies(/root/workspaces/ros2_ws/install/warehouse_worlds/share/colcon-core/packages/warehouse_worlds)
[12.930s] DEBUG:colcon.colcon_core.event_handler.log_command:Invoking command in '/root/workspaces/ros2_ws/src/ai-worker-sim/ffw_teleop': PYTHONPATH=/root/workspaces/ros2_ws/build/ffw_teleop/prefix_override:/usr/lib/python3/dist-packages/colcon_core/task/python/colcon_distutils_commands:/root/workspaces/ros2_ws/install/ffw_teleop/lib/python3.12/site-packages:${PYTHONPATH} /usr/bin/python3 -W ignore:setup.py install is deprecated -W ignore:easy_install command is deprecated setup.py egg_info --egg-base ../../../build/ffw_teleop build --build-base /root/workspaces/ros2_ws/build/ffw_teleop/build install --record /root/workspaces/ros2_ws/build/ffw_teleop/install.log --install-scripts $base/lib/ffw_teleop --single-version-externally-managed install_data
[13.012s] DEBUG:colcon.colcon_core.event_handler.log_command:Invoking command in '/root/workspaces/ros2_ws/src/ai-worker-sim/human_detector': PYTHONPATH=/root/workspaces/ros2_ws/build/human_detector/prefix_override:/usr/lib/python3/dist-packages/colcon_core/task/python/colcon_distutils_commands:/root/workspaces/ros2_ws/install/human_detector/lib/python3.12/site-packages:${PYTHONPATH} /usr/bin/python3 -W ignore:setup.py install is deprecated -W ignore:easy_install command is deprecated setup.py egg_info --egg-base ../../../build/human_detector build --build-base /root/workspaces/ros2_ws/build/human_detector/build install --record /root/workspaces/ros2_ws/build/human_detector/install.log --install-scripts $base/lib/human_detector --single-version-externally-managed install_data
[13.012s] DEBUG:colcon.colcon_core.event_handler.log_command:Invoked command in '/root/workspaces/ros2_ws/build/warehouse_worlds' returned '0': CMAKE_PREFIX_PATH=${CMAKE_PREFIX_PATH}:/root/workspaces/nawar_project/install/human_detector:/root/workspaces/nawar_project/install/ffw_teleop:/root/workspaces/nawar_project/install/ffw_bringup:/root/workspaces/ros2_ws/install/human_detector:/root/workspaces/ros2_ws/install/ffw_teleop:/root/workspaces/ros2_ws/install/ffw_bringup:/opt/ros/jazzy /usr/bin/cmake --install /root/workspaces/ros2_ws/build/warehouse_worlds
[15.083s] DEBUG:colcon.colcon_core.task.python.build:Available setuptools commands: egg_info, build_scripts, compile_catalog, install, easy_install, install_lib, install_headers, bdist, build_py, register, init_catalog, install_egg_info, build_clib, bdist_dumb, develop, extract_messages, dist_info, update_catalog, alias, install_scripts, rotate, bdist_egg, symlink_data, clean, build_ext, sdist, editable_wheel, saveopts, check, upload, setopt, bdist_wheel, install_data, upload_docs, bdist_rpm, test, build
[15.109s] Level 1:colcon.colcon_core.environment:checking '/root/workspaces/ros2_ws/install/ffw_teleop' for CMake module files
[15.123s] Level 1:colcon.colcon_core.environment:checking '/root/workspaces/ros2_ws/install/ffw_teleop' for CMake config files
[15.124s] DEBUG:colcon.colcon_core.event_handler.log_command:Invoking command in '/root/workspaces/ros2_ws/src/ai-worker-sim/ffw_bringup': CMAKE_PREFIX_PATH=/root/workspaces/ros2_ws/install/ffw_description:/root/workspaces/nawar_project/install/library_world:/root/workspaces/nawar_project/install/ffw_swerve_drive_controller:/root/workspaces/nawar_project/install/ffw_navigation:/root/workspaces/nawar_project/install/ffw_moveit_config:/root/workspaces/nawar_project/install/ffw_description:/root/workspaces/ros2_ws/install/warehouse_worlds:/root/workspaces/ros2_ws/install/warehouse_world:/root/workspaces/ros2_ws/install/library_world:/root/workspaces/ros2_ws/install/ffw_swerve_drive_controller:/root/workspaces/ros2_ws/install/ffw_navigation:/root/workspaces/ros2_ws/install/ffw_moveit_config:/root/workspaces/turtlebot_ws/install/turtlebot3_simulations:/root/workspaces/turtlebot_ws/install/turtlebot3_gazebo:/root/workspaces/turtlebot_ws/install/turtlebot3_fake_node:/opt/ros/jazzy/opt/gz_sim_vendor:/opt/ros/jazzy/opt/gz_sensors_vendor:/opt/ros/jazzy/opt/gz_physics_vendor:/opt/ros/jazzy/opt/sdformat_vendor:/opt/ros/jazzy/opt/gz_gui_vendor:/opt/ros/jazzy/opt/gz_transport_vendor:/opt/ros/jazzy/opt/gz_rendering_vendor:/opt/ros/jazzy/opt/gz_plugin_vendor:/opt/ros/jazzy/opt/gz_fuel_tools_vendor:/opt/ros/jazzy/opt/gz_msgs_vendor:/opt/ros/jazzy/opt/gz_common_vendor:/opt/ros/jazzy/opt/gz_math_vendor:/opt/ros/jazzy/opt/gz_utils_vendor:/opt/ros/jazzy/opt/gz_tools_vendor:/opt/ros/jazzy/opt/gz_ogre_next_vendor:/opt/ros/jazzy/opt/gz_dartsim_vendor:/opt/ros/jazzy/opt/gz_cmake_vendor PYTHONPATH=/root/workspaces/ros2_ws/build/ffw_bringup/prefix_override:/usr/lib/python3/dist-packages/colcon_core/task/python/colcon_distutils_commands:/root/workspaces/ros2_ws/install/ffw_bringup/lib/python3.12/site-packages:${PYTHONPATH} /usr/bin/python3 -W ignore:setup.py install is deprecated -W ignore:easy_install command is deprecated setup.py egg_info --egg-base ../../../build/ffw_bringup build --build-base /root/workspaces/ros2_ws/build/ffw_bringup/build install --record /root/workspaces/ros2_ws/build/ffw_bringup/install.log --install-scripts $base/lib/ffw_bringup --single-version-externally-managed install_data
[15.135s] DEBUG:colcon.colcon_core.event_handler.log_command:Invoked command in '/root/workspaces/ros2_ws/src/ai-worker-sim/ffw_teleop' returned '0': PYTHONPATH=/root/workspaces/ros2_ws/build/ffw_teleop/prefix_override:/usr/lib/python3/dist-packages/colcon_core/task/python/colcon_distutils_commands:/root/workspaces/ros2_ws/install/ffw_teleop/lib/python3.12/site-packages:${PYTHONPATH} /usr/bin/python3 -W ignore:setup.py install is deprecated -W ignore:easy_install command is deprecated setup.py egg_info --egg-base ../../../build/ffw_teleop build --build-base /root/workspaces/ros2_ws/build/ffw_teleop/build install --record /root/workspaces/ros2_ws/build/ffw_teleop/install.log --install-scripts $base/lib/ffw_teleop --single-version-externally-managed install_data
[15.139s] Level 1:colcon.colcon_core.environment:checking '/root/workspaces/ros2_ws/install/ffw_teleop/lib'
[15.140s] Level 1:colcon.colcon_core.environment:checking '/root/workspaces/ros2_ws/install/ffw_teleop/bin'
[15.140s] Level 1:colcon.colcon_core.environment:checking '/root/workspaces/ros2_ws/install/ffw_teleop/lib/pkgconfig/ffw_teleop.pc'
[15.140s] Level 1:colcon.colcon_core.environment:checking '/root/workspaces/ros2_ws/install/ffw_teleop/lib/python3.12/site-packages'
[15.140s] Level 1:colcon.colcon_core.shell:create_environment_hook('ffw_teleop', 'pythonpath')
[15.141s] INFO:colcon.colcon_core.shell:Creating environment hook '/root/workspaces/ros2_ws/install/ffw_teleop/share/ffw_teleop/hook/pythonpath.ps1'
[15.157s] INFO:colcon.colcon_core.shell:Creating environment descriptor '/root/workspaces/ros2_ws/install/ffw_teleop/share/ffw_teleop/hook/pythonpath.dsv'
[15.173s] INFO:colcon.colcon_core.shell:Creating environment hook '/root/workspaces/ros2_ws/install/ffw_teleop/share/ffw_teleop/hook/pythonpath.sh'
[15.200s] Level 1:colcon.colcon_core.environment:checking '/root/workspaces/ros2_ws/install/ffw_teleop/bin'
[15.200s] Level 1:colcon.colcon_core.environment:create_environment_scripts_only(ffw_teleop)
[15.210s] INFO:colcon.colcon_core.shell:Creating package script '/root/workspaces/ros2_ws/install/ffw_teleop/share/ffw_teleop/package.ps1'
[15.237s] INFO:colcon.colcon_core.shell:Creating package descriptor '/root/workspaces/ros2_ws/install/ffw_teleop/share/ffw_teleop/package.dsv'
[15.252s] INFO:colcon.colcon_core.shell:Creating package script '/root/workspaces/ros2_ws/install/ffw_teleop/share/ffw_teleop/package.sh'
[15.270s] INFO:colcon.colcon_core.shell:Creating package script '/root/workspaces/ros2_ws/install/ffw_teleop/share/ffw_teleop/package.bash'
[15.289s] INFO:colcon.colcon_core.shell:Creating package script '/root/workspaces/ros2_ws/install/ffw_teleop/share/ffw_teleop/package.zsh'
[15.304s] Level 1:colcon.colcon_core.environment:create_file_with_runtime_dependencies(/root/workspaces/ros2_ws/install/ffw_teleop/share/colcon-core/packages/ffw_teleop)
[15.340s] Level 1:colcon.colcon_core.environment:checking '/root/workspaces/ros2_ws/install/human_detector' for CMake module files
[15.344s] DEBUG:colcon.colcon_core.event_handler.log_command:Invoked command in '/root/workspaces/ros2_ws/src/ai-worker-sim/human_detector' returned '0': PYTHONPATH=/root/workspaces/ros2_ws/build/human_detector/prefix_override:/usr/lib/python3/dist-packages/colcon_core/task/python/colcon_distutils_commands:/root/workspaces/ros2_ws/install/human_detector/lib/python3.12/site-packages:${PYTHONPATH} /usr/bin/python3 -W ignore:setup.py install is deprecated -W ignore:easy_install command is deprecated setup.py egg_info --egg-base ../../../build/human_detector build --build-base /root/workspaces/ros2_ws/build/human_detector/build install --record /root/workspaces/ros2_ws/build/human_detector/install.log --install-scripts $base/lib/human_detector --single-version-externally-managed install_data
[15.356s] Level 1:colcon.colcon_core.environment:checking '/root/workspaces/ros2_ws/install/human_detector' for CMake config files
[15.387s] Level 1:colcon.colcon_core.environment:checking '/root/workspaces/ros2_ws/install/human_detector/lib'
[15.392s] Level 1:colcon.colcon_core.environment:checking '/root/workspaces/ros2_ws/install/human_detector/bin'
[15.401s] Level 1:colcon.colcon_core.environment:checking '/root/workspaces/ros2_ws/install/human_detector/lib/pkgconfig/human_detector.pc'
[15.410s] Level 1:colcon.colcon_core.environment:checking '/root/workspaces/ros2_ws/install/human_detector/lib/python3.12/site-packages'
[15.419s] Level 1:colcon.colcon_core.shell:create_environment_hook('human_detector', 'pythonpath')
[15.429s] INFO:colcon.colcon_core.shell:Creating environment hook '/root/workspaces/ros2_ws/install/human_detector/share/human_detector/hook/pythonpath.ps1'
[15.454s] INFO:colcon.colcon_core.shell:Creating environment descriptor '/root/workspaces/ros2_ws/install/human_detector/share/human_detector/hook/pythonpath.dsv'
[15.472s] INFO:colcon.colcon_core.shell:Creating environment hook '/root/workspaces/ros2_ws/install/human_detector/share/human_detector/hook/pythonpath.sh'
[15.488s] Level 1:colcon.colcon_core.environment:checking '/root/workspaces/ros2_ws/install/human_detector/bin'
[15.489s] Level 1:colcon.colcon_core.environment:create_environment_scripts_only(human_detector)
[15.498s] INFO:colcon.colcon_core.shell:Creating package script '/root/workspaces/ros2_ws/install/human_detector/share/human_detector/package.ps1'
[15.524s] INFO:colcon.colcon_core.shell:Creating package descriptor '/root/workspaces/ros2_ws/install/human_detector/share/human_detector/package.dsv'
[15.539s] INFO:colcon.colcon_core.shell:Creating package script '/root/workspaces/ros2_ws/install/human_detector/share/human_detector/package.sh'
[15.557s] INFO:colcon.colcon_core.shell:Creating package script '/root/workspaces/ros2_ws/install/human_detector/share/human_detector/package.bash'
[15.572s] INFO:colcon.colcon_core.shell:Creating package script '/root/workspaces/ros2_ws/install/human_detector/share/human_detector/package.zsh'
[15.588s] Level 1:colcon.colcon_core.environment:create_file_with_runtime_dependencies(/root/workspaces/ros2_ws/install/human_detector/share/colcon-core/packages/human_detector)
[17.623s] Level 1:colcon.colcon_core.environment:checking '/root/workspaces/ros2_ws/install/ffw_bringup' for CMake module files
[17.624s] DEBUG:colcon.colcon_core.event_handler.log_command:Invoked command in '/root/workspaces/ros2_ws/src/ai-worker-sim/ffw_bringup' returned '0': CMAKE_PREFIX_PATH=/root/workspaces/ros2_ws/install/ffw_description:/root/workspaces/nawar_project/install/library_world:/root/workspaces/nawar_project/install/ffw_swerve_drive_controller:/root/workspaces/nawar_project/install/ffw_navigation:/root/workspaces/nawar_project/install/ffw_moveit_config:/root/workspaces/nawar_project/install/ffw_description:/root/workspaces/ros2_ws/install/warehouse_worlds:/root/workspaces/ros2_ws/install/warehouse_world:/root/workspaces/ros2_ws/install/library_world:/root/workspaces/ros2_ws/install/ffw_swerve_drive_controller:/root/workspaces/ros2_ws/install/ffw_navigation:/root/workspaces/ros2_ws/install/ffw_moveit_config:/root/workspaces/turtlebot_ws/install/turtlebot3_simulations:/root/workspaces/turtlebot_ws/install/turtlebot3_gazebo:/root/workspaces/turtlebot_ws/install/turtlebot3_fake_node:/opt/ros/jazzy/opt/gz_sim_vendor:/opt/ros/jazzy/opt/gz_sensors_vendor:/opt/ros/jazzy/opt/gz_physics_vendor:/opt/ros/jazzy/opt/sdformat_vendor:/opt/ros/jazzy/opt/gz_gui_vendor:/opt/ros/jazzy/opt/gz_transport_vendor:/opt/ros/jazzy/opt/gz_rendering_vendor:/opt/ros/jazzy/opt/gz_plugin_vendor:/opt/ros/jazzy/opt/gz_fuel_tools_vendor:/opt/ros/jazzy/opt/gz_msgs_vendor:/opt/ros/jazzy/opt/gz_common_vendor:/opt/ros/jazzy/opt/gz_math_vendor:/opt/ros/jazzy/opt/gz_utils_vendor:/opt/ros/jazzy/opt/gz_tools_vendor:/opt/ros/jazzy/opt/gz_ogre_next_vendor:/opt/ros/jazzy/opt/gz_dartsim_vendor:/opt/ros/jazzy/opt/gz_cmake_vendor PYTHONPATH=/root/workspaces/ros2_ws/build/ffw_bringup/prefix_override:/usr/lib/python3/dist-packages/colcon_core/task/python/colcon_distutils_commands:/root/workspaces/ros2_ws/install/ffw_bringup/lib/python3.12/site-packages:${PYTHONPATH} /usr/bin/python3 -W ignore:setup.py install is deprecated -W ignore:easy_install command is deprecated setup.py egg_info --egg-base ../../../build/ffw_bringup build --build-base /root/workspaces/ros2_ws/build/ffw_bringup/build install --record /root/workspaces/ros2_ws/build/ffw_bringup/install.log --install-scripts $base/lib/ffw_bringup --single-version-externally-managed install_data
[17.639s] Level 1:colcon.colcon_core.environment:checking '/root/workspaces/ros2_ws/install/ffw_bringup' for CMake config files
[17.666s] Level 1:colcon.colcon_core.environment:checking '/root/workspaces/ros2_ws/install/ffw_bringup/lib'
[17.670s] Level 1:colcon.colcon_core.environment:checking '/root/workspaces/ros2_ws/install/ffw_bringup/bin'
[17.678s] Level 1:colcon.colcon_core.environment:checking '/root/workspaces/ros2_ws/install/ffw_bringup/lib/pkgconfig/ffw_bringup.pc'
[17.688s] Level 1:colcon.colcon_core.environment:checking '/root/workspaces/ros2_ws/install/ffw_bringup/lib/python3.12/site-packages'
[17.697s] Level 1:colcon.colcon_core.shell:create_environment_hook('ffw_bringup', 'pythonpath')
[17.707s] INFO:colcon.colcon_core.shell:Creating environment hook '/root/workspaces/ros2_ws/install/ffw_bringup/share/ffw_bringup/hook/pythonpath.ps1'
[17.733s] INFO:colcon.colcon_core.shell:Creating environment descriptor '/root/workspaces/ros2_ws/install/ffw_bringup/share/ffw_bringup/hook/pythonpath.dsv'
[17.748s] INFO:colcon.colcon_core.shell:Creating environment hook '/root/workspaces/ros2_ws/install/ffw_bringup/share/ffw_bringup/hook/pythonpath.sh'
[17.765s] Level 1:colcon.colcon_core.environment:checking '/root/workspaces/ros2_ws/install/ffw_bringup/bin'
[17.766s] Level 1:colcon.colcon_core.environment:create_environment_scripts_only(ffw_bringup)
[17.775s] INFO:colcon.colcon_core.shell:Creating package script '/root/workspaces/ros2_ws/install/ffw_bringup/share/ffw_bringup/package.ps1'
[17.793s] INFO:colcon.colcon_core.shell:Creating package descriptor '/root/workspaces/ros2_ws/install/ffw_bringup/share/ffw_bringup/package.dsv'
[17.811s] INFO:colcon.colcon_core.shell:Creating package script '/root/workspaces/ros2_ws/install/ffw_bringup/share/ffw_bringup/package.sh'
[17.829s] INFO:colcon.colcon_core.shell:Creating package script '/root/workspaces/ros2_ws/install/ffw_bringup/share/ffw_bringup/package.bash'
[17.845s] INFO:colcon.colcon_core.shell:Creating package script '/root/workspaces/ros2_ws/install/ffw_bringup/share/ffw_bringup/package.zsh'
[17.861s] Level 1:colcon.colcon_core.environment:create_file_with_runtime_dependencies(/root/workspaces/ros2_ws/install/ffw_bringup/share/colcon-core/packages/ffw_bringup)
[17.877s] DEBUG:colcon.colcon_parallel_executor.executor.parallel:closing loop
[17.877s] DEBUG:colcon.colcon_parallel_executor.executor.parallel:loop closed
[17.878s] DEBUG:colcon.colcon_parallel_executor.executor.parallel:run_until_complete finished with '0'
[17.878s] DEBUG:colcon.colcon_core.event_reactor:joining thread
[17.956s] INFO:colcon.colcon_core.plugin_system:Skipping extension 'colcon_notification.desktop_notification.notify_send': Could not find 'notify-send'
[17.956s] INFO:colcon.colcon_core.plugin_system:Skipping extension 'colcon_notification.desktop_notification.terminal_notifier': Not used on non-Darwin systems
[17.957s] INFO:colcon.colcon_core.plugin_system:Skipping extension 'colcon_notification.desktop_notification.win32': Not used on non-Windows systems
[17.967s] INFO:colcon.colcon_notification.desktop_notification:Sending desktop notification using 'notify2'
[17.983s] DEBUG:colcon.colcon_notification.desktop_notification.notify2:Failed to initialize notify2: org.freedesktop.DBus.Error.Spawn.ExecFailed: /usr/bin/dbus-launch terminated abnormally without any error message
[17.984s] DEBUG:colcon.colcon_core.event_reactor:joined thread
[17.994s] INFO:colcon.colcon_core.shell:Creating prefix script '/root/workspaces/ros2_ws/install/local_setup.ps1'
[18.012s] INFO:colcon.colcon_core.shell:Creating prefix util module '/root/workspaces/ros2_ws/install/_local_setup_util_ps1.py'
[18.037s] INFO:colcon.colcon_core.shell:Creating prefix chain script '/root/workspaces/ros2_ws/install/setup.ps1'
[18.092s] INFO:colcon.colcon_core.shell:Creating prefix script '/root/workspaces/ros2_ws/install/local_setup.sh'
[18.111s] INFO:colcon.colcon_core.shell:Creating prefix util module '/root/workspaces/ros2_ws/install/_local_setup_util_sh.py'
[18.135s] INFO:colcon.colcon_core.shell:Creating prefix chain script '/root/workspaces/ros2_ws/install/setup.sh'
[18.193s] INFO:colcon.colcon_core.shell:Creating prefix script '/root/workspaces/ros2_ws/install/local_setup.bash'
[18.209s] INFO:colcon.colcon_core.shell:Creating prefix chain script '/root/workspaces/ros2_ws/install/setup.bash'
[18.262s] INFO:colcon.colcon_core.shell:Creating prefix script '/root/workspaces/ros2_ws/install/local_setup.zsh'
[18.282s] INFO:colcon.colcon_core.shell:Creating prefix chain script '/root/workspaces/ros2_ws/install/setup.zsh'
