[0.163s] DEBUG:colcon:Command line arguments: ['/usr/bin/colcon', 'build']
[0.164s] DEBUG:colcon:Parsed command line arguments: Namespace(log_base=None, log_level=None, verb_name='build', build_base='build', install_base='install', merge_install=False, symlink_install=False, test_result_base=None, continue_on_error=False, executor='parallel', parallel_workers=4, event_handlers=None, ignore_user_meta=False, metas=['./colcon.meta'], base_paths=['.'], packages_ignore=None, packages_ignore_regex=None, paths=None, packages_up_to=None, packages_up_to_regex=None, packages_above=None, packages_above_and_dependencies=None, packages_above_depth=None, packages_select_by_dep=None, packages_skip_by_dep=None, packages_skip_up_to=None, packages_select_build_failed=False, packages_skip_build_finished=False, packages_select_test_failures=False, packages_skip_test_passed=False, packages_select=None, packages_skip=None, packages_select_regex=None, packages_skip_regex=None, packages_start=None, packages_end=None, allow_overriding=[], cmake_args=None, cmake_target=None, cmake_target_skip_unavailable=False, cmake_clean_cache=False, cmake_clean_first=False, cmake_force_configure=False, ament_cmake_args=None, catkin_cmake_args=None, catkin_skip_building_tests=False, verb_parser=<colcon_defaults.argument_parser.defaults.DefaultArgumentsDecorator object at 0x7fc5ad7ad400>, verb_extension=<colcon_core.verb.build.BuildVerb object at 0x7fc5ad7ad250>, main=<bound method BuildVerb.main of <colcon_core.verb.build.BuildVerb object at 0x7fc5ad7ad250>>)
[0.228s] Level 1:colcon.colcon_core.package_discovery:discover_packages(colcon_meta) check parameters
[0.230s] Level 1:colcon.colcon_core.package_discovery:discover_packages(recursive) check parameters
[0.232s] Level 1:colcon.colcon_core.package_discovery:discover_packages(ignore) check parameters
[0.236s] Level 1:colcon.colcon_core.package_discovery:discover_packages(path) check parameters
[0.241s] Level 1:colcon.colcon_core.package_discovery:discover_packages(colcon_meta) discover
[0.246s] Level 1:colcon.colcon_core.package_discovery:discover_packages(recursive) discover
[0.254s] INFO:colcon.colcon_core.package_discovery:Crawling recursively for packages in '/root/workspaces/ros2_ws'
[0.259s] Level 1:colcon.colcon_core.package_identification:_identify(.) by extensions ['ignore', 'ignore_ament_install']
[0.263s] Level 1:colcon.colcon_core.package_identification:_identify(.) by extension 'ignore'
[0.268s] Level 1:colcon.colcon_core.package_identification:_identify(.) by extension 'ignore_ament_install'
[0.274s] Level 1:colcon.colcon_core.package_identification:_identify(.) by extensions ['colcon_pkg']
[0.275s] Level 1:colcon.colcon_core.package_identification:_identify(.) by extension 'colcon_pkg'
[0.281s] Level 1:colcon.colcon_core.package_identification:_identify(.) by extensions ['colcon_meta']
[0.284s] Level 1:colcon.colcon_core.package_identification:_identify(.) by extension 'colcon_meta'
[0.288s] Level 1:colcon.colcon_core.package_identification:_identify(.) by extensions ['ros']
[0.292s] Level 1:colcon.colcon_core.package_identification:_identify(.) by extension 'ros'
[0.338s] Level 1:colcon.colcon_core.package_identification:_identify(.) by extensions ['cmake', 'python']
[0.339s] Level 1:colcon.colcon_core.package_identification:_identify(.) by extension 'cmake'
[0.340s] Level 1:colcon.colcon_core.package_identification:_identify(.) by extension 'python'
[0.345s] Level 1:colcon.colcon_core.package_identification:_identify(.) by extensions ['python_setup_py']
[0.348s] Level 1:colcon.colcon_core.package_identification:_identify(.) by extension 'python_setup_py'
[0.353s] Level 1:colcon.colcon_core.package_identification:_identify(build) by extensions ['ignore', 'ignore_ament_install']
[0.356s] Level 1:colcon.colcon_core.package_identification:_identify(build) by extension 'ignore'
[0.360s] Level 1:colcon.colcon_core.package_identification:_identify(build) ignored
[0.365s] Level 1:colcon.colcon_core.package_identification:_identify(install) by extensions ['ignore', 'ignore_ament_install']
[0.369s] Level 1:colcon.colcon_core.package_identification:_identify(install) by extension 'ignore'
[0.373s] Level 1:colcon.colcon_core.package_identification:_identify(install) ignored
[0.383s] Level 1:colcon.colcon_core.package_identification:_identify(log) by extensions ['ignore', 'ignore_ament_install']
[0.383s] Level 1:colcon.colcon_core.package_identification:_identify(log) by extension 'ignore'
[0.387s] Level 1:colcon.colcon_core.package_identification:_identify(log) ignored
[0.396s] Level 1:colcon.colcon_core.package_identification:_identify(src) by extensions ['ignore', 'ignore_ament_install']
[0.399s] Level 1:colcon.colcon_core.package_identification:_identify(src) by extension 'ignore'
[0.406s] Level 1:colcon.colcon_core.package_identification:_identify(src) by extension 'ignore_ament_install'
[0.412s] Level 1:colcon.colcon_core.package_identification:_identify(src) by extensions ['colcon_pkg']
[0.413s] Level 1:colcon.colcon_core.package_identification:_identify(src) by extension 'colcon_pkg'
[0.419s] Level 1:colcon.colcon_core.package_identification:_identify(src) by extensions ['colcon_meta']
[0.422s] Level 1:colcon.colcon_core.package_identification:_identify(src) by extension 'colcon_meta'
[0.427s] Level 1:colcon.colcon_core.package_identification:_identify(src) by extensions ['ros']
[0.438s] Level 1:colcon.colcon_core.package_identification:_identify(src) by extension 'ros'
[0.449s] Level 1:colcon.colcon_core.package_identification:_identify(src) by extensions ['cmake', 'python']
[0.449s] Level 1:colcon.colcon_core.package_identification:_identify(src) by extension 'cmake'
[0.455s] Level 1:colcon.colcon_core.package_identification:_identify(src) by extension 'python'
[0.459s] Level 1:colcon.colcon_core.package_identification:_identify(src) by extensions ['python_setup_py']
[0.462s] Level 1:colcon.colcon_core.package_identification:_identify(src) by extension 'python_setup_py'
[0.469s] Level 1:colcon.colcon_core.package_identification:_identify(src/ai-worker-sim) by extensions ['ignore', 'ignore_ament_install']
[0.471s] Level 1:colcon.colcon_core.package_identification:_identify(src/ai-worker-sim) by extension 'ignore'
[0.479s] Level 1:colcon.colcon_core.package_identification:_identify(src/ai-worker-sim) by extension 'ignore_ament_install'
[0.484s] Level 1:colcon.colcon_core.package_identification:_identify(src/ai-worker-sim) by extensions ['colcon_pkg']
[0.485s] Level 1:colcon.colcon_core.package_identification:_identify(src/ai-worker-sim) by extension 'colcon_pkg'
[0.491s] Level 1:colcon.colcon_core.package_identification:_identify(src/ai-worker-sim) by extensions ['colcon_meta']
[0.492s] Level 1:colcon.colcon_core.package_identification:_identify(src/ai-worker-sim) by extension 'colcon_meta'
[0.497s] Level 1:colcon.colcon_core.package_identification:_identify(src/ai-worker-sim) by extensions ['ros']
[0.505s] Level 1:colcon.colcon_core.package_identification:_identify(src/ai-worker-sim) by extension 'ros'
[0.515s] Level 1:colcon.colcon_core.package_identification:_identify(src/ai-worker-sim) by extensions ['cmake', 'python']
[0.515s] Level 1:colcon.colcon_core.package_identification:_identify(src/ai-worker-sim) by extension 'cmake'
[0.520s] Level 1:colcon.colcon_core.package_identification:_identify(src/ai-worker-sim) by extension 'python'
[0.524s] Level 1:colcon.colcon_core.package_identification:_identify(src/ai-worker-sim) by extensions ['python_setup_py']
[0.527s] Level 1:colcon.colcon_core.package_identification:_identify(src/ai-worker-sim) by extension 'python_setup_py'
[0.532s] Level 1:colcon.colcon_core.package_identification:_identify(src/ai-worker-sim/ffw_bringup) by extensions ['ignore', 'ignore_ament_install']
[0.536s] Level 1:colcon.colcon_core.package_identification:_identify(src/ai-worker-sim/ffw_bringup) by extension 'ignore'
[0.542s] Level 1:colcon.colcon_core.package_identification:_identify(src/ai-worker-sim/ffw_bringup) by extension 'ignore_ament_install'
[0.548s] Level 1:colcon.colcon_core.package_identification:_identify(src/ai-worker-sim/ffw_bringup) by extensions ['colcon_pkg']
[0.549s] Level 1:colcon.colcon_core.package_identification:_identify(src/ai-worker-sim/ffw_bringup) by extension 'colcon_pkg'
[0.556s] Level 1:colcon.colcon_core.package_identification:_identify(src/ai-worker-sim/ffw_bringup) by extensions ['colcon_meta']
[0.560s] Level 1:colcon.colcon_core.package_identification:_identify(src/ai-worker-sim/ffw_bringup) by extension 'colcon_meta'
[0.564s] Level 1:colcon.colcon_core.package_identification:_identify(src/ai-worker-sim/ffw_bringup) by extensions ['ros']
[0.569s] Level 1:colcon.colcon_core.package_identification:_identify(src/ai-worker-sim/ffw_bringup) by extension 'ros'
[0.588s] DEBUG:colcon.colcon_core.package_identification:Package 'src/ai-worker-sim/ffw_bringup' with type 'ros.ament_python' and name 'ffw_bringup'
[0.589s] Level 1:colcon.colcon_core.package_identification:_identify(src/ai-worker-sim/ffw_description) by extensions ['ignore', 'ignore_ament_install']
[0.593s] Level 1:colcon.colcon_core.package_identification:_identify(src/ai-worker-sim/ffw_description) by extension 'ignore'
[0.598s] Level 1:colcon.colcon_core.package_identification:_identify(src/ai-worker-sim/ffw_description) by extension 'ignore_ament_install'
[0.603s] Level 1:colcon.colcon_core.package_identification:_identify(src/ai-worker-sim/ffw_description) by extensions ['colcon_pkg']
[0.604s] Level 1:colcon.colcon_core.package_identification:_identify(src/ai-worker-sim/ffw_description) by extension 'colcon_pkg'
[0.610s] Level 1:colcon.colcon_core.package_identification:_identify(src/ai-worker-sim/ffw_description) by extensions ['colcon_meta']
[0.612s] Level 1:colcon.colcon_core.package_identification:_identify(src/ai-worker-sim/ffw_description) by extension 'colcon_meta'
[0.616s] Level 1:colcon.colcon_core.package_identification:_identify(src/ai-worker-sim/ffw_description) by extensions ['ros']
[0.620s] Level 1:colcon.colcon_core.package_identification:_identify(src/ai-worker-sim/ffw_description) by extension 'ros'
[0.636s] DEBUG:colcon.colcon_core.package_identification:Package 'src/ai-worker-sim/ffw_description' with type 'ros.ament_cmake' and name 'ffw_description'
[0.637s] Level 1:colcon.colcon_core.package_identification:_identify(src/ai-worker-sim/ffw_moveit_config) by extensions ['ignore', 'ignore_ament_install']
[0.641s] Level 1:colcon.colcon_core.package_identification:_identify(src/ai-worker-sim/ffw_moveit_config) by extension 'ignore'
[0.647s] Level 1:colcon.colcon_core.package_identification:_identify(src/ai-worker-sim/ffw_moveit_config) by extension 'ignore_ament_install'
[0.652s] Level 1:colcon.colcon_core.package_identification:_identify(src/ai-worker-sim/ffw_moveit_config) by extensions ['colcon_pkg']
[0.653s] Level 1:colcon.colcon_core.package_identification:_identify(src/ai-worker-sim/ffw_moveit_config) by extension 'colcon_pkg'
[0.659s] Level 1:colcon.colcon_core.package_identification:_identify(src/ai-worker-sim/ffw_moveit_config) by extensions ['colcon_meta']
[0.661s] Level 1:colcon.colcon_core.package_identification:_identify(src/ai-worker-sim/ffw_moveit_config) by extension 'colcon_meta'
[0.665s] Level 1:colcon.colcon_core.package_identification:_identify(src/ai-worker-sim/ffw_moveit_config) by extensions ['ros']
[0.669s] Level 1:colcon.colcon_core.package_identification:_identify(src/ai-worker-sim/ffw_moveit_config) by extension 'ros'
[0.683s] DEBUG:colcon.colcon_core.package_identification:Package 'src/ai-worker-sim/ffw_moveit_config' with type 'ros.ament_cmake' and name 'ffw_moveit_config'
[0.684s] Level 1:colcon.colcon_core.package_identification:_identify(src/ai-worker-sim/ffw_navigation) by extensions ['ignore', 'ignore_ament_install']
[0.687s] Level 1:colcon.colcon_core.package_identification:_identify(src/ai-worker-sim/ffw_navigation) by extension 'ignore'
[0.694s] Level 1:colcon.colcon_core.package_identification:_identify(src/ai-worker-sim/ffw_navigation) by extension 'ignore_ament_install'
[0.699s] Level 1:colcon.colcon_core.package_identification:_identify(src/ai-worker-sim/ffw_navigation) by extensions ['colcon_pkg']
[0.700s] Level 1:colcon.colcon_core.package_identification:_identify(src/ai-worker-sim/ffw_navigation) by extension 'colcon_pkg'
[0.705s] Level 1:colcon.colcon_core.package_identification:_identify(src/ai-worker-sim/ffw_navigation) by extensions ['colcon_meta']
[0.710s] Level 1:colcon.colcon_core.package_identification:_identify(src/ai-worker-sim/ffw_navigation) by extension 'colcon_meta'
[0.714s] Level 1:colcon.colcon_core.package_identification:_identify(src/ai-worker-sim/ffw_navigation) by extensions ['ros']
[0.718s] Level 1:colcon.colcon_core.package_identification:_identify(src/ai-worker-sim/ffw_navigation) by extension 'ros'
[0.732s] DEBUG:colcon.colcon_core.package_identification:Package 'src/ai-worker-sim/ffw_navigation' with type 'ros.ament_cmake' and name 'ffw_navigation'
[0.733s] Level 1:colcon.colcon_core.package_identification:_identify(src/ai-worker-sim/ffw_swerve_drive_controller) by extensions ['ignore', 'ignore_ament_install']
[0.737s] Level 1:colcon.colcon_core.package_identification:_identify(src/ai-worker-sim/ffw_swerve_drive_controller) by extension 'ignore'
[0.742s] Level 1:colcon.colcon_core.package_identification:_identify(src/ai-worker-sim/ffw_swerve_drive_controller) by extension 'ignore_ament_install'
[0.748s] Level 1:colcon.colcon_core.package_identification:_identify(src/ai-worker-sim/ffw_swerve_drive_controller) by extensions ['colcon_pkg']
[0.749s] Level 1:colcon.colcon_core.package_identification:_identify(src/ai-worker-sim/ffw_swerve_drive_controller) by extension 'colcon_pkg'
[0.754s] Level 1:colcon.colcon_core.package_identification:_identify(src/ai-worker-sim/ffw_swerve_drive_controller) by extensions ['colcon_meta']
[0.757s] Level 1:colcon.colcon_core.package_identification:_identify(src/ai-worker-sim/ffw_swerve_drive_controller) by extension 'colcon_meta'
[0.761s] Level 1:colcon.colcon_core.package_identification:_identify(src/ai-worker-sim/ffw_swerve_drive_controller) by extensions ['ros']
[0.768s] Level 1:colcon.colcon_core.package_identification:_identify(src/ai-worker-sim/ffw_swerve_drive_controller) by extension 'ros'
[0.783s] DEBUG:colcon.colcon_core.package_identification:Package 'src/ai-worker-sim/ffw_swerve_drive_controller' with type 'ros.ament_cmake' and name 'ffw_swerve_drive_controller'
[0.784s] Level 1:colcon.colcon_core.package_identification:_identify(src/ai-worker-sim/ffw_teleop) by extensions ['ignore', 'ignore_ament_install']
[0.788s] Level 1:colcon.colcon_core.package_identification:_identify(src/ai-worker-sim/ffw_teleop) by extension 'ignore'
[0.794s] Level 1:colcon.colcon_core.package_identification:_identify(src/ai-worker-sim/ffw_teleop) by extension 'ignore_ament_install'
[0.800s] Level 1:colcon.colcon_core.package_identification:_identify(src/ai-worker-sim/ffw_teleop) by extensions ['colcon_pkg']
[0.801s] Level 1:colcon.colcon_core.package_identification:_identify(src/ai-worker-sim/ffw_teleop) by extension 'colcon_pkg'
[0.808s] Level 1:colcon.colcon_core.package_identification:_identify(src/ai-worker-sim/ffw_teleop) by extensions ['colcon_meta']
[0.810s] Level 1:colcon.colcon_core.package_identification:_identify(src/ai-worker-sim/ffw_teleop) by extension 'colcon_meta'
[0.814s] Level 1:colcon.colcon_core.package_identification:_identify(src/ai-worker-sim/ffw_teleop) by extensions ['ros']
[0.818s] Level 1:colcon.colcon_core.package_identification:_identify(src/ai-worker-sim/ffw_teleop) by extension 'ros'
[0.832s] DEBUG:colcon.colcon_core.package_identification:Package 'src/ai-worker-sim/ffw_teleop' with type 'ros.ament_python' and name 'ffw_teleop'
[0.833s] Level 1:colcon.colcon_core.package_identification:_identify(src/ai-worker-sim/human_detector) by extensions ['ignore', 'ignore_ament_install']
[0.838s] Level 1:colcon.colcon_core.package_identification:_identify(src/ai-worker-sim/human_detector) by extension 'ignore'
[0.844s] Level 1:colcon.colcon_core.package_identification:_identify(src/ai-worker-sim/human_detector) by extension 'ignore_ament_install'
[0.850s] Level 1:colcon.colcon_core.package_identification:_identify(src/ai-worker-sim/human_detector) by extensions ['colcon_pkg']
[0.851s] Level 1:colcon.colcon_core.package_identification:_identify(src/ai-worker-sim/human_detector) by extension 'colcon_pkg'
[0.857s] Level 1:colcon.colcon_core.package_identification:_identify(src/ai-worker-sim/human_detector) by extensions ['colcon_meta']
[0.861s] Level 1:colcon.colcon_core.package_identification:_identify(src/ai-worker-sim/human_detector) by extension 'colcon_meta'
[0.865s] Level 1:colcon.colcon_core.package_identification:_identify(src/ai-worker-sim/human_detector) by extensions ['ros']
[0.869s] Level 1:colcon.colcon_core.package_identification:_identify(src/ai-worker-sim/human_detector) by extension 'ros'
[0.880s] DEBUG:colcon.colcon_core.package_identification:Package 'src/ai-worker-sim/human_detector' with type 'ros.ament_python' and name 'human_detector'
[0.881s] Level 1:colcon.colcon_core.package_identification:_identify(src/ai-worker-sim/library_world) by extensions ['ignore', 'ignore_ament_install']
[0.885s] Level 1:colcon.colcon_core.package_identification:_identify(src/ai-worker-sim/library_world) by extension 'ignore'
[0.891s] Level 1:colcon.colcon_core.package_identification:_identify(src/ai-worker-sim/library_world) by extension 'ignore_ament_install'
[0.897s] Level 1:colcon.colcon_core.package_identification:_identify(src/ai-worker-sim/library_world) by extensions ['colcon_pkg']
[0.898s] Level 1:colcon.colcon_core.package_identification:_identify(src/ai-worker-sim/library_world) by extension 'colcon_pkg'
[0.904s] Level 1:colcon.colcon_core.package_identification:_identify(src/ai-worker-sim/library_world) by extensions ['colcon_meta']
[0.907s] Level 1:colcon.colcon_core.package_identification:_identify(src/ai-worker-sim/library_world) by extension 'colcon_meta'
[0.912s] Level 1:colcon.colcon_core.package_identification:_identify(src/ai-worker-sim/library_world) by extensions ['ros']
[0.916s] Level 1:colcon.colcon_core.package_identification:_identify(src/ai-worker-sim/library_world) by extension 'ros'
[0.931s] DEBUG:colcon.colcon_core.package_identification:Package 'src/ai-worker-sim/library_world' with type 'ros.ament_cmake' and name 'library_world'
[0.932s] Level 1:colcon.colcon_core.package_identification:_identify(src/ai-worker-sim/warehouse_world) by extensions ['ignore', 'ignore_ament_install']
[0.936s] Level 1:colcon.colcon_core.package_identification:_identify(src/ai-worker-sim/warehouse_world) by extension 'ignore'
[0.945s] Level 1:colcon.colcon_core.package_identification:_identify(src/ai-worker-sim/warehouse_world) by extension 'ignore_ament_install'
[0.951s] Level 1:colcon.colcon_core.package_identification:_identify(src/ai-worker-sim/warehouse_world) by extensions ['colcon_pkg']
[0.952s] Level 1:colcon.colcon_core.package_identification:_identify(src/ai-worker-sim/warehouse_world) by extension 'colcon_pkg'
[0.958s] Level 1:colcon.colcon_core.package_identification:_identify(src/ai-worker-sim/warehouse_world) by extensions ['colcon_meta']
[0.962s] Level 1:colcon.colcon_core.package_identification:_identify(src/ai-worker-sim/warehouse_world) by extension 'colcon_meta'
[0.966s] Level 1:colcon.colcon_core.package_identification:_identify(src/ai-worker-sim/warehouse_world) by extensions ['ros']
[0.971s] Level 1:colcon.colcon_core.package_identification:_identify(src/ai-worker-sim/warehouse_world) by extension 'ros'
[0.983s] DEBUG:colcon.colcon_core.package_identification:Package 'src/ai-worker-sim/warehouse_world' with type 'ros.ament_cmake' and name 'warehouse_world'
[0.983s] Level 1:colcon.colcon_core.package_discovery:discover_packages(recursive) using defaults
[0.987s] Level 1:colcon.colcon_core.package_discovery:discover_packages(ignore) discover
[0.993s] Level 1:colcon.colcon_core.package_discovery:discover_packages(ignore) using defaults
[0.997s] Level 1:colcon.colcon_core.package_discovery:discover_packages(path) discover
[1.002s] Level 1:colcon.colcon_core.package_discovery:discover_packages(path) using defaults
[1.055s] Level 1:colcon.colcon_core.package_discovery:discover_packages(prefix_path) check parameters
[1.055s] Level 1:colcon.colcon_core.package_discovery:discover_packages(prefix_path) discover
[1.082s] DEBUG:colcon.colcon_installed_package_information.package_discovery:Found 3 installed packages in /root/workspaces/turtlebot_ws/install
[1.085s] DEBUG:colcon.colcon_installed_package_information.package_discovery:Found 453 installed packages in /opt/ros/jazzy
[1.089s] Level 1:colcon.colcon_core.package_discovery:discover_packages(prefix_path) using defaults
[1.182s] Level 5:colcon.colcon_core.verb:set package 'ffw_description' build argument 'cmake_args' from command line to 'None'
[1.182s] Level 5:colcon.colcon_core.verb:set package 'ffw_description' build argument 'cmake_target' from command line to 'None'
[1.186s] Level 5:colcon.colcon_core.verb:set package 'ffw_description' build argument 'cmake_target_skip_unavailable' from command line to 'False'
[1.192s] Level 5:colcon.colcon_core.verb:set package 'ffw_description' build argument 'cmake_clean_cache' from command line to 'False'
[1.198s] Level 5:colcon.colcon_core.verb:set package 'ffw_description' build argument 'cmake_clean_first' from command line to 'False'
[1.202s] Level 5:colcon.colcon_core.verb:set package 'ffw_description' build argument 'cmake_force_configure' from command line to 'False'
[1.207s] Level 5:colcon.colcon_core.verb:set package 'ffw_description' build argument 'ament_cmake_args' from command line to 'None'
[1.212s] Level 5:colcon.colcon_core.verb:set package 'ffw_description' build argument 'catkin_cmake_args' from command line to 'None'
[1.217s] Level 5:colcon.colcon_core.verb:set package 'ffw_description' build argument 'catkin_skip_building_tests' from command line to 'False'
[1.222s] DEBUG:colcon.colcon_core.verb:Building package 'ffw_description' with the following arguments: {'ament_cmake_args': None, 'build_base': '/root/workspaces/ros2_ws/build/ffw_description', 'catkin_cmake_args': None, 'catkin_skip_building_tests': False, 'cmake_args': None, 'cmake_clean_cache': False, 'cmake_clean_first': False, 'cmake_force_configure': False, 'cmake_target': None, 'cmake_target_skip_unavailable': False, 'install_base': '/root/workspaces/ros2_ws/install/ffw_description', 'merge_install': False, 'path': '/root/workspaces/ros2_ws/src/ai-worker-sim/ffw_description', 'symlink_install': False, 'test_result_base': None}
[1.231s] Level 5:colcon.colcon_core.verb:set package 'ffw_moveit_config' build argument 'cmake_args' from command line to 'None'
[1.234s] Level 5:colcon.colcon_core.verb:set package 'ffw_moveit_config' build argument 'cmake_target' from command line to 'None'
[1.239s] Level 5:colcon.colcon_core.verb:set package 'ffw_moveit_config' build argument 'cmake_target_skip_unavailable' from command line to 'False'
[1.243s] Level 5:colcon.colcon_core.verb:set package 'ffw_moveit_config' build argument 'cmake_clean_cache' from command line to 'False'
[1.248s] Level 5:colcon.colcon_core.verb:set package 'ffw_moveit_config' build argument 'cmake_clean_first' from command line to 'False'
[1.252s] Level 5:colcon.colcon_core.verb:set package 'ffw_moveit_config' build argument 'cmake_force_configure' from command line to 'False'
[1.257s] Level 5:colcon.colcon_core.verb:set package 'ffw_moveit_config' build argument 'ament_cmake_args' from command line to 'None'
[1.262s] Level 5:colcon.colcon_core.verb:set package 'ffw_moveit_config' build argument 'catkin_cmake_args' from command line to 'None'
[1.266s] Level 5:colcon.colcon_core.verb:set package 'ffw_moveit_config' build argument 'catkin_skip_building_tests' from command line to 'False'
[1.270s] DEBUG:colcon.colcon_core.verb:Building package 'ffw_moveit_config' with the following arguments: {'ament_cmake_args': None, 'build_base': '/root/workspaces/ros2_ws/build/ffw_moveit_config', 'catkin_cmake_args': None, 'catkin_skip_building_tests': False, 'cmake_args': None, 'cmake_clean_cache': False, 'cmake_clean_first': False, 'cmake_force_configure': False, 'cmake_target': None, 'cmake_target_skip_unavailable': False, 'install_base': '/root/workspaces/ros2_ws/install/ffw_moveit_config', 'merge_install': False, 'path': '/root/workspaces/ros2_ws/src/ai-worker-sim/ffw_moveit_config', 'symlink_install': False, 'test_result_base': None}
[1.275s] Level 5:colcon.colcon_core.verb:set package 'ffw_navigation' build argument 'cmake_args' from command line to 'None'
[1.278s] Level 5:colcon.colcon_core.verb:set package 'ffw_navigation' build argument 'cmake_target' from command line to 'None'
[1.282s] Level 5:colcon.colcon_core.verb:set package 'ffw_navigation' build argument 'cmake_target_skip_unavailable' from command line to 'False'
[1.287s] Level 5:colcon.colcon_core.verb:set package 'ffw_navigation' build argument 'cmake_clean_cache' from command line to 'False'
[1.290s] Level 5:colcon.colcon_core.verb:set package 'ffw_navigation' build argument 'cmake_clean_first' from command line to 'False'
[1.295s] Level 5:colcon.colcon_core.verb:set package 'ffw_navigation' build argument 'cmake_force_configure' from command line to 'False'
[1.299s] Level 5:colcon.colcon_core.verb:set package 'ffw_navigation' build argument 'ament_cmake_args' from command line to 'None'
[1.304s] Level 5:colcon.colcon_core.verb:set package 'ffw_navigation' build argument 'catkin_cmake_args' from command line to 'None'
[1.309s] Level 5:colcon.colcon_core.verb:set package 'ffw_navigation' build argument 'catkin_skip_building_tests' from command line to 'False'
[1.318s] DEBUG:colcon.colcon_core.verb:Building package 'ffw_navigation' with the following arguments: {'ament_cmake_args': None, 'build_base': '/root/workspaces/ros2_ws/build/ffw_navigation', 'catkin_cmake_args': None, 'catkin_skip_building_tests': False, 'cmake_args': None, 'cmake_clean_cache': False, 'cmake_clean_first': False, 'cmake_force_configure': False, 'cmake_target': None, 'cmake_target_skip_unavailable': False, 'install_base': '/root/workspaces/ros2_ws/install/ffw_navigation', 'merge_install': False, 'path': '/root/workspaces/ros2_ws/src/ai-worker-sim/ffw_navigation', 'symlink_install': False, 'test_result_base': None}
[1.328s] Level 5:colcon.colcon_core.verb:set package 'ffw_swerve_drive_controller' build argument 'cmake_args' from command line to 'None'
[1.332s] Level 5:colcon.colcon_core.verb:set package 'ffw_swerve_drive_controller' build argument 'cmake_target' from command line to 'None'
[1.337s] Level 5:colcon.colcon_core.verb:set package 'ffw_swerve_drive_controller' build argument 'cmake_target_skip_unavailable' from command line to 'False'
[1.341s] Level 5:colcon.colcon_core.verb:set package 'ffw_swerve_drive_controller' build argument 'cmake_clean_cache' from command line to 'False'
[1.350s] Level 5:colcon.colcon_core.verb:set package 'ffw_swerve_drive_controller' build argument 'cmake_clean_first' from command line to 'False'
[1.355s] Level 5:colcon.colcon_core.verb:set package 'ffw_swerve_drive_controller' build argument 'cmake_force_configure' from command line to 'False'
[1.360s] Level 5:colcon.colcon_core.verb:set package 'ffw_swerve_drive_controller' build argument 'ament_cmake_args' from command line to 'None'
[1.365s] Level 5:colcon.colcon_core.verb:set package 'ffw_swerve_drive_controller' build argument 'catkin_cmake_args' from command line to 'None'
[1.369s] Level 5:colcon.colcon_core.verb:set package 'ffw_swerve_drive_controller' build argument 'catkin_skip_building_tests' from command line to 'False'
[1.373s] DEBUG:colcon.colcon_core.verb:Building package 'ffw_swerve_drive_controller' with the following arguments: {'ament_cmake_args': None, 'build_base': '/root/workspaces/ros2_ws/build/ffw_swerve_drive_controller', 'catkin_cmake_args': None, 'catkin_skip_building_tests': False, 'cmake_args': None, 'cmake_clean_cache': False, 'cmake_clean_first': False, 'cmake_force_configure': False, 'cmake_target': None, 'cmake_target_skip_unavailable': False, 'install_base': '/root/workspaces/ros2_ws/install/ffw_swerve_drive_controller', 'merge_install': False, 'path': '/root/workspaces/ros2_ws/src/ai-worker-sim/ffw_swerve_drive_controller', 'symlink_install': False, 'test_result_base': None}
[1.378s] Level 5:colcon.colcon_core.verb:set package 'ffw_teleop' build argument 'cmake_args' from command line to 'None'
[1.382s] Level 5:colcon.colcon_core.verb:set package 'ffw_teleop' build argument 'cmake_target' from command line to 'None'
[1.387s] Level 5:colcon.colcon_core.verb:set package 'ffw_teleop' build argument 'cmake_target_skip_unavailable' from command line to 'False'
[1.394s] Level 5:colcon.colcon_core.verb:set package 'ffw_teleop' build argument 'cmake_clean_cache' from command line to 'False'
[1.398s] Level 5:colcon.colcon_core.verb:set package 'ffw_teleop' build argument 'cmake_clean_first' from command line to 'False'
[1.402s] Level 5:colcon.colcon_core.verb:set package 'ffw_teleop' build argument 'cmake_force_configure' from command line to 'False'
[1.407s] Level 5:colcon.colcon_core.verb:set package 'ffw_teleop' build argument 'ament_cmake_args' from command line to 'None'
[1.411s] Level 5:colcon.colcon_core.verb:set package 'ffw_teleop' build argument 'catkin_cmake_args' from command line to 'None'
[1.418s] Level 5:colcon.colcon_core.verb:set package 'ffw_teleop' build argument 'catkin_skip_building_tests' from command line to 'False'
[1.422s] DEBUG:colcon.colcon_core.verb:Building package 'ffw_teleop' with the following arguments: {'ament_cmake_args': None, 'build_base': '/root/workspaces/ros2_ws/build/ffw_teleop', 'catkin_cmake_args': None, 'catkin_skip_building_tests': False, 'cmake_args': None, 'cmake_clean_cache': False, 'cmake_clean_first': False, 'cmake_force_configure': False, 'cmake_target': None, 'cmake_target_skip_unavailable': False, 'install_base': '/root/workspaces/ros2_ws/install/ffw_teleop', 'merge_install': False, 'path': '/root/workspaces/ros2_ws/src/ai-worker-sim/ffw_teleop', 'symlink_install': False, 'test_result_base': None}
[1.427s] Level 5:colcon.colcon_core.verb:set package 'human_detector' build argument 'cmake_args' from command line to 'None'
[1.431s] Level 5:colcon.colcon_core.verb:set package 'human_detector' build argument 'cmake_target' from command line to 'None'
[1.436s] Level 5:colcon.colcon_core.verb:set package 'human_detector' build argument 'cmake_target_skip_unavailable' from command line to 'False'
[1.440s] Level 5:colcon.colcon_core.verb:set package 'human_detector' build argument 'cmake_clean_cache' from command line to 'False'
[1.444s] Level 5:colcon.colcon_core.verb:set package 'human_detector' build argument 'cmake_clean_first' from command line to 'False'
[1.449s] Level 5:colcon.colcon_core.verb:set package 'human_detector' build argument 'cmake_force_configure' from command line to 'False'
[1.454s] Level 5:colcon.colcon_core.verb:set package 'human_detector' build argument 'ament_cmake_args' from command line to 'None'
[1.458s] Level 5:colcon.colcon_core.verb:set package 'human_detector' build argument 'catkin_cmake_args' from command line to 'None'
[1.463s] Level 5:colcon.colcon_core.verb:set package 'human_detector' build argument 'catkin_skip_building_tests' from command line to 'False'
[1.467s] DEBUG:colcon.colcon_core.verb:Building package 'human_detector' with the following arguments: {'ament_cmake_args': None, 'build_base': '/root/workspaces/ros2_ws/build/human_detector', 'catkin_cmake_args': None, 'catkin_skip_building_tests': False, 'cmake_args': None, 'cmake_clean_cache': False, 'cmake_clean_first': False, 'cmake_force_configure': False, 'cmake_target': None, 'cmake_target_skip_unavailable': False, 'install_base': '/root/workspaces/ros2_ws/install/human_detector', 'merge_install': False, 'path': '/root/workspaces/ros2_ws/src/ai-worker-sim/human_detector', 'symlink_install': False, 'test_result_base': None}
[1.472s] Level 5:colcon.colcon_core.verb:set package 'library_world' build argument 'cmake_args' from command line to 'None'
[1.476s] Level 5:colcon.colcon_core.verb:set package 'library_world' build argument 'cmake_target' from command line to 'None'
[1.481s] Level 5:colcon.colcon_core.verb:set package 'library_world' build argument 'cmake_target_skip_unavailable' from command line to 'False'
[1.485s] Level 5:colcon.colcon_core.verb:set package 'library_world' build argument 'cmake_clean_cache' from command line to 'False'
[1.489s] Level 5:colcon.colcon_core.verb:set package 'library_world' build argument 'cmake_clean_first' from command line to 'False'
[1.494s] Level 5:colcon.colcon_core.verb:set package 'library_world' build argument 'cmake_force_configure' from command line to 'False'
[1.500s] Level 5:colcon.colcon_core.verb:set package 'library_world' build argument 'ament_cmake_args' from command line to 'None'
[1.505s] Level 5:colcon.colcon_core.verb:set package 'library_world' build argument 'catkin_cmake_args' from command line to 'None'
[1.510s] Level 5:colcon.colcon_core.verb:set package 'library_world' build argument 'catkin_skip_building_tests' from command line to 'False'
[1.514s] DEBUG:colcon.colcon_core.verb:Building package 'library_world' with the following arguments: {'ament_cmake_args': None, 'build_base': '/root/workspaces/ros2_ws/build/library_world', 'catkin_cmake_args': None, 'catkin_skip_building_tests': False, 'cmake_args': None, 'cmake_clean_cache': False, 'cmake_clean_first': False, 'cmake_force_configure': False, 'cmake_target': None, 'cmake_target_skip_unavailable': False, 'install_base': '/root/workspaces/ros2_ws/install/library_world', 'merge_install': False, 'path': '/root/workspaces/ros2_ws/src/ai-worker-sim/library_world', 'symlink_install': False, 'test_result_base': None}
[1.518s] Level 5:colcon.colcon_core.verb:set package 'warehouse_world' build argument 'cmake_args' from command line to 'None'
[1.523s] Level 5:colcon.colcon_core.verb:set package 'warehouse_world' build argument 'cmake_target' from command line to 'None'
[1.527s] Level 5:colcon.colcon_core.verb:set package 'warehouse_world' build argument 'cmake_target_skip_unavailable' from command line to 'False'
[1.531s] Level 5:colcon.colcon_core.verb:set package 'warehouse_world' build argument 'cmake_clean_cache' from command line to 'False'
[1.535s] Level 5:colcon.colcon_core.verb:set package 'warehouse_world' build argument 'cmake_clean_first' from command line to 'False'
[1.540s] Level 5:colcon.colcon_core.verb:set package 'warehouse_world' build argument 'cmake_force_configure' from command line to 'False'
[1.545s] Level 5:colcon.colcon_core.verb:set package 'warehouse_world' build argument 'ament_cmake_args' from command line to 'None'
[1.549s] Level 5:colcon.colcon_core.verb:set package 'warehouse_world' build argument 'catkin_cmake_args' from command line to 'None'
[1.553s] Level 5:colcon.colcon_core.verb:set package 'warehouse_world' build argument 'catkin_skip_building_tests' from command line to 'False'
[1.557s] DEBUG:colcon.colcon_core.verb:Building package 'warehouse_world' with the following arguments: {'ament_cmake_args': None, 'build_base': '/root/workspaces/ros2_ws/build/warehouse_world', 'catkin_cmake_args': None, 'catkin_skip_building_tests': False, 'cmake_args': None, 'cmake_clean_cache': False, 'cmake_clean_first': False, 'cmake_force_configure': False, 'cmake_target': None, 'cmake_target_skip_unavailable': False, 'install_base': '/root/workspaces/ros2_ws/install/warehouse_world', 'merge_install': False, 'path': '/root/workspaces/ros2_ws/src/ai-worker-sim/warehouse_world', 'symlink_install': False, 'test_result_base': None}
[1.562s] Level 5:colcon.colcon_core.verb:set package 'ffw_bringup' build argument 'cmake_args' from command line to 'None'
[1.566s] Level 5:colcon.colcon_core.verb:set package 'ffw_bringup' build argument 'cmake_target' from command line to 'None'
[1.570s] Level 5:colcon.colcon_core.verb:set package 'ffw_bringup' build argument 'cmake_target_skip_unavailable' from command line to 'False'
[1.575s] Level 5:colcon.colcon_core.verb:set package 'ffw_bringup' build argument 'cmake_clean_cache' from command line to 'False'
[1.579s] Level 5:colcon.colcon_core.verb:set package 'ffw_bringup' build argument 'cmake_clean_first' from command line to 'False'
[1.587s] Level 5:colcon.colcon_core.verb:set package 'ffw_bringup' build argument 'cmake_force_configure' from command line to 'False'
[1.591s] Level 5:colcon.colcon_core.verb:set package 'ffw_bringup' build argument 'ament_cmake_args' from command line to 'None'
[1.596s] Level 5:colcon.colcon_core.verb:set package 'ffw_bringup' build argument 'catkin_cmake_args' from command line to 'None'
[1.601s] Level 5:colcon.colcon_core.verb:set package 'ffw_bringup' build argument 'catkin_skip_building_tests' from command line to 'False'
[1.605s] DEBUG:colcon.colcon_core.verb:Building package 'ffw_bringup' with the following arguments: {'ament_cmake_args': None, 'build_base': '/root/workspaces/ros2_ws/build/ffw_bringup', 'catkin_cmake_args': None, 'catkin_skip_building_tests': False, 'cmake_args': None, 'cmake_clean_cache': False, 'cmake_clean_first': False, 'cmake_force_configure': False, 'cmake_target': None, 'cmake_target_skip_unavailable': False, 'install_base': '/root/workspaces/ros2_ws/install/ffw_bringup', 'merge_install': False, 'path': '/root/workspaces/ros2_ws/src/ai-worker-sim/ffw_bringup', 'symlink_install': False, 'test_result_base': None}
[1.609s] INFO:colcon.colcon_core.executor:Executing jobs using 'parallel' executor
[1.615s] DEBUG:colcon.colcon_parallel_executor.executor.parallel:run_until_complete
[1.619s] INFO:colcon.colcon_ros.task.ament_cmake.build:Building ROS package in '/root/workspaces/ros2_ws/src/ai-worker-sim/ffw_description' with build type 'ament_cmake'
[1.623s] INFO:colcon.colcon_cmake.task.cmake.build:Building CMake package in '/root/workspaces/ros2_ws/src/ai-worker-sim/ffw_description'
[1.625s] INFO:colcon.colcon_core.plugin_system:Skipping extension 'colcon_core.shell.bat': Not used on non-Windows systems
[1.625s] INFO:colcon.colcon_core.shell:Skip shell extension 'powershell' for command environment: Not usable outside of PowerShell
[1.625s] DEBUG:colcon.colcon_core.shell:Skip shell extension 'dsv' for command environment
[1.657s] INFO:colcon.colcon_ros.task.ament_cmake.build:Building ROS package in '/root/workspaces/ros2_ws/src/ai-worker-sim/ffw_moveit_config' with build type 'ament_cmake'
[1.657s] INFO:colcon.colcon_cmake.task.cmake.build:Building CMake package in '/root/workspaces/ros2_ws/src/ai-worker-sim/ffw_moveit_config'
[1.662s] INFO:colcon.colcon_core.shell:Skip shell extension 'powershell' for command environment: Not usable outside of PowerShell
[1.662s] DEBUG:colcon.colcon_core.shell:Skip shell extension 'dsv' for command environment
[1.693s] INFO:colcon.colcon_ros.task.ament_cmake.build:Building ROS package in '/root/workspaces/ros2_ws/src/ai-worker-sim/ffw_navigation' with build type 'ament_cmake'
[1.693s] INFO:colcon.colcon_cmake.task.cmake.build:Building CMake package in '/root/workspaces/ros2_ws/src/ai-worker-sim/ffw_navigation'
[1.697s] INFO:colcon.colcon_core.shell:Skip shell extension 'powershell' for command environment: Not usable outside of PowerShell
[1.697s] DEBUG:colcon.colcon_core.shell:Skip shell extension 'dsv' for command environment
[1.728s] INFO:colcon.colcon_ros.task.ament_cmake.build:Building ROS package in '/root/workspaces/ros2_ws/src/ai-worker-sim/ffw_swerve_drive_controller' with build type 'ament_cmake'
[1.728s] INFO:colcon.colcon_cmake.task.cmake.build:Building CMake package in '/root/workspaces/ros2_ws/src/ai-worker-sim/ffw_swerve_drive_controller'
[1.733s] INFO:colcon.colcon_core.shell:Skip shell extension 'powershell' for command environment: Not usable outside of PowerShell
[1.733s] DEBUG:colcon.colcon_core.shell:Skip shell extension 'dsv' for command environment
[1.859s] DEBUG:colcon.colcon_core.event_handler.log_command:Invoking command in '/root/workspaces/ros2_ws/build/ffw_description': CMAKE_PREFIX_PATH=${CMAKE_PREFIX_PATH}:/opt/ros/jazzy /usr/bin/cmake --build /root/workspaces/ros2_ws/build/ffw_description -- -j4 -l4
[1.915s] DEBUG:colcon.colcon_core.event_handler.log_command:Invoking command in '/root/workspaces/ros2_ws/build/ffw_moveit_config': CMAKE_PREFIX_PATH=${CMAKE_PREFIX_PATH}:/opt/ros/jazzy /usr/bin/cmake --build /root/workspaces/ros2_ws/build/ffw_moveit_config -- -j4 -l4
[1.969s] DEBUG:colcon.colcon_core.event_handler.log_command:Invoking command in '/root/workspaces/ros2_ws/build/ffw_navigation': CMAKE_PREFIX_PATH=${CMAKE_PREFIX_PATH}:/opt/ros/jazzy /usr/bin/cmake --build /root/workspaces/ros2_ws/build/ffw_navigation -- -j4 -l4
[1.971s] DEBUG:colcon.colcon_core.event_handler.log_command:Invoked command in '/root/workspaces/ros2_ws/build/ffw_description' returned '0': CMAKE_PREFIX_PATH=${CMAKE_PREFIX_PATH}:/opt/ros/jazzy /usr/bin/cmake --build /root/workspaces/ros2_ws/build/ffw_description -- -j4 -l4
[1.973s] DEBUG:colcon.colcon_core.event_handler.log_command:Invoking command in '/root/workspaces/ros2_ws/build/ffw_description': CMAKE_PREFIX_PATH=${CMAKE_PREFIX_PATH}:/opt/ros/jazzy /usr/bin/cmake --install /root/workspaces/ros2_ws/build/ffw_description
[2.088s] DEBUG:colcon.colcon_core.event_handler.log_command:Invoking command in '/root/workspaces/ros2_ws/build/ffw_swerve_drive_controller': CMAKE_PREFIX_PATH=${CMAKE_PREFIX_PATH}:/opt/ros/jazzy /usr/bin/cmake --build /root/workspaces/ros2_ws/build/ffw_swerve_drive_controller -- -j4 -l4
[2.089s] DEBUG:colcon.colcon_core.event_handler.log_command:Invoked command in '/root/workspaces/ros2_ws/build/ffw_moveit_config' returned '0': CMAKE_PREFIX_PATH=${CMAKE_PREFIX_PATH}:/opt/ros/jazzy /usr/bin/cmake --build /root/workspaces/ros2_ws/build/ffw_moveit_config -- -j4 -l4
[2.089s] DEBUG:colcon.colcon_core.event_handler.log_command:Invoking command in '/root/workspaces/ros2_ws/build/ffw_moveit_config': CMAKE_PREFIX_PATH=${CMAKE_PREFIX_PATH}:/opt/ros/jazzy /usr/bin/cmake --install /root/workspaces/ros2_ws/build/ffw_moveit_config
[2.282s] DEBUG:colcon.colcon_core.event_handler.log_command:Invoked command in '/root/workspaces/ros2_ws/build/ffw_navigation' returned '0': CMAKE_PREFIX_PATH=${CMAKE_PREFIX_PATH}:/opt/ros/jazzy /usr/bin/cmake --build /root/workspaces/ros2_ws/build/ffw_navigation -- -j4 -l4
[2.310s] DEBUG:colcon.colcon_core.event_handler.log_command:Invoking command in '/root/workspaces/ros2_ws/build/ffw_navigation': CMAKE_PREFIX_PATH=${CMAKE_PREFIX_PATH}:/opt/ros/jazzy /usr/bin/cmake --install /root/workspaces/ros2_ws/build/ffw_navigation
[2.323s] Level 1:colcon.colcon_core.environment:create_environment_scripts_only(ffw_moveit_config)
[2.327s] Level 1:colcon.colcon_core.environment:checking '/root/workspaces/ros2_ws/install/ffw_moveit_config' for CMake module files
[2.345s] Level 1:colcon.colcon_core.environment:checking '/root/workspaces/ros2_ws/install/ffw_moveit_config' for CMake config files
[2.357s] Level 1:colcon.colcon_core.shell:create_environment_hook('ffw_moveit_config', 'cmake_prefix_path')
[2.358s] INFO:colcon.colcon_core.shell:Creating environment hook '/root/workspaces/ros2_ws/install/ffw_moveit_config/share/ffw_moveit_config/hook/cmake_prefix_path.ps1'
[2.374s] INFO:colcon.colcon_core.shell:Creating environment descriptor '/root/workspaces/ros2_ws/install/ffw_moveit_config/share/ffw_moveit_config/hook/cmake_prefix_path.dsv'
[2.389s] INFO:colcon.colcon_core.shell:Creating environment hook '/root/workspaces/ros2_ws/install/ffw_moveit_config/share/ffw_moveit_config/hook/cmake_prefix_path.sh'
[2.406s] Level 1:colcon.colcon_core.environment:checking '/root/workspaces/ros2_ws/install/ffw_moveit_config/bin'
[2.408s] Level 1:colcon.colcon_core.environment:checking '/root/workspaces/ros2_ws/install/ffw_moveit_config/lib/pkgconfig/ffw_moveit_config.pc'
[2.409s] Level 1:colcon.colcon_core.environment:checking '/root/workspaces/ros2_ws/install/ffw_moveit_config/lib/python3.12/site-packages'
[2.409s] Level 1:colcon.colcon_core.environment:checking '/root/workspaces/ros2_ws/install/ffw_moveit_config/bin'
[2.409s] INFO:colcon.colcon_core.shell:Creating package script '/root/workspaces/ros2_ws/install/ffw_moveit_config/share/ffw_moveit_config/package.ps1'
[2.426s] INFO:colcon.colcon_core.shell:Creating package descriptor '/root/workspaces/ros2_ws/install/ffw_moveit_config/share/ffw_moveit_config/package.dsv'
[2.443s] INFO:colcon.colcon_core.shell:Creating package script '/root/workspaces/ros2_ws/install/ffw_moveit_config/share/ffw_moveit_config/package.sh'
[2.459s] INFO:colcon.colcon_core.shell:Creating package script '/root/workspaces/ros2_ws/install/ffw_moveit_config/share/ffw_moveit_config/package.bash'
[2.478s] INFO:colcon.colcon_core.shell:Creating package script '/root/workspaces/ros2_ws/install/ffw_moveit_config/share/ffw_moveit_config/package.zsh'
[2.502s] Level 1:colcon.colcon_core.environment:create_file_with_runtime_dependencies(/root/workspaces/ros2_ws/install/ffw_moveit_config/share/colcon-core/packages/ffw_moveit_config)
[2.511s] DEBUG:colcon.colcon_core.event_handler.log_command:Invoked command in '/root/workspaces/ros2_ws/build/ffw_moveit_config' returned '0': CMAKE_PREFIX_PATH=${CMAKE_PREFIX_PATH}:/opt/ros/jazzy /usr/bin/cmake --install /root/workspaces/ros2_ws/build/ffw_moveit_config
[2.520s] Level 1:colcon.colcon_core.environment:create_environment_scripts_only(ffw_moveit_config)
[2.520s] Level 1:colcon.colcon_core.environment:checking '/root/workspaces/ros2_ws/install/ffw_moveit_config' for CMake module files
[2.525s] Level 1:colcon.colcon_core.environment:checking '/root/workspaces/ros2_ws/install/ffw_moveit_config' for CMake config files
[2.536s] Level 1:colcon.colcon_core.shell:create_environment_hook('ffw_moveit_config', 'cmake_prefix_path')
[2.536s] INFO:colcon.colcon_core.shell:Creating environment hook '/root/workspaces/ros2_ws/install/ffw_moveit_config/share/ffw_moveit_config/hook/cmake_prefix_path.ps1'
[2.551s] INFO:colcon.colcon_core.shell:Creating environment descriptor '/root/workspaces/ros2_ws/install/ffw_moveit_config/share/ffw_moveit_config/hook/cmake_prefix_path.dsv'
[2.565s] INFO:colcon.colcon_core.shell:Creating environment hook '/root/workspaces/ros2_ws/install/ffw_moveit_config/share/ffw_moveit_config/hook/cmake_prefix_path.sh'
[2.581s] Level 1:colcon.colcon_core.environment:checking '/root/workspaces/ros2_ws/install/ffw_moveit_config/bin'
[2.581s] Level 1:colcon.colcon_core.environment:checking '/root/workspaces/ros2_ws/install/ffw_moveit_config/lib/pkgconfig/ffw_moveit_config.pc'
[2.581s] Level 1:colcon.colcon_core.environment:checking '/root/workspaces/ros2_ws/install/ffw_moveit_config/lib/python3.12/site-packages'
[2.582s] Level 1:colcon.colcon_core.environment:checking '/root/workspaces/ros2_ws/install/ffw_moveit_config/bin'
[2.582s] INFO:colcon.colcon_core.shell:Creating package script '/root/workspaces/ros2_ws/install/ffw_moveit_config/share/ffw_moveit_config/package.ps1'
[2.597s] INFO:colcon.colcon_core.shell:Creating package descriptor '/root/workspaces/ros2_ws/install/ffw_moveit_config/share/ffw_moveit_config/package.dsv'
[2.612s] INFO:colcon.colcon_core.shell:Creating package script '/root/workspaces/ros2_ws/install/ffw_moveit_config/share/ffw_moveit_config/package.sh'
[2.626s] INFO:colcon.colcon_core.shell:Creating package script '/root/workspaces/ros2_ws/install/ffw_moveit_config/share/ffw_moveit_config/package.bash'
[2.641s] INFO:colcon.colcon_core.shell:Creating package script '/root/workspaces/ros2_ws/install/ffw_moveit_config/share/ffw_moveit_config/package.zsh'
[2.657s] Level 1:colcon.colcon_core.environment:create_file_with_runtime_dependencies(/root/workspaces/ros2_ws/install/ffw_moveit_config/share/colcon-core/packages/ffw_moveit_config)
[2.670s] INFO:colcon.colcon_ros.task.ament_python.build:Building ROS package in '/root/workspaces/ros2_ws/src/ai-worker-sim/ffw_teleop' with build type 'ament_python'
[2.670s] Level 1:colcon.colcon_core.shell:create_environment_hook('ffw_teleop', 'ament_prefix_path')
[2.670s] INFO:colcon.colcon_core.shell:Creating environment hook '/root/workspaces/ros2_ws/install/ffw_teleop/share/ffw_teleop/hook/ament_prefix_path.ps1'
[2.686s] INFO:colcon.colcon_core.shell:Creating environment descriptor '/root/workspaces/ros2_ws/install/ffw_teleop/share/ffw_teleop/hook/ament_prefix_path.dsv'
[2.700s] INFO:colcon.colcon_core.shell:Creating environment hook '/root/workspaces/ros2_ws/install/ffw_teleop/share/ffw_teleop/hook/ament_prefix_path.sh'
[2.714s] INFO:colcon.colcon_core.shell:Skip shell extension 'powershell' for command environment: Not usable outside of PowerShell
[2.715s] DEBUG:colcon.colcon_core.shell:Skip shell extension 'dsv' for command environment
[2.848s] Level 1:colcon.colcon_core.environment:create_environment_scripts_only(ffw_navigation)
[2.848s] Level 1:colcon.colcon_core.environment:checking '/root/workspaces/ros2_ws/install/ffw_navigation' for CMake module files
[2.866s] Level 1:colcon.colcon_core.environment:checking '/root/workspaces/ros2_ws/install/ffw_navigation' for CMake config files
[2.879s] Level 1:colcon.colcon_core.shell:create_environment_hook('ffw_navigation', 'cmake_prefix_path')
[2.879s] INFO:colcon.colcon_core.shell:Creating environment hook '/root/workspaces/ros2_ws/install/ffw_navigation/share/ffw_navigation/hook/cmake_prefix_path.ps1'
[2.896s] INFO:colcon.colcon_core.shell:Creating environment descriptor '/root/workspaces/ros2_ws/install/ffw_navigation/share/ffw_navigation/hook/cmake_prefix_path.dsv'
[2.911s] INFO:colcon.colcon_core.shell:Creating environment hook '/root/workspaces/ros2_ws/install/ffw_navigation/share/ffw_navigation/hook/cmake_prefix_path.sh'
[2.927s] Level 1:colcon.colcon_core.environment:checking '/root/workspaces/ros2_ws/install/ffw_navigation/lib'
[2.929s] Level 1:colcon.colcon_core.shell:create_environment_hook('ffw_navigation', 'ld_library_path_lib')
[2.929s] INFO:colcon.colcon_core.shell:Creating environment hook '/root/workspaces/ros2_ws/install/ffw_navigation/share/ffw_navigation/hook/ld_library_path_lib.ps1'
[2.943s] INFO:colcon.colcon_core.shell:Creating environment descriptor '/root/workspaces/ros2_ws/install/ffw_navigation/share/ffw_navigation/hook/ld_library_path_lib.dsv'
[2.958s] INFO:colcon.colcon_core.shell:Creating environment hook '/root/workspaces/ros2_ws/install/ffw_navigation/share/ffw_navigation/hook/ld_library_path_lib.sh'
[2.973s] Level 1:colcon.colcon_core.environment:checking '/root/workspaces/ros2_ws/install/ffw_navigation/bin'
[2.974s] Level 1:colcon.colcon_core.environment:checking '/root/workspaces/ros2_ws/install/ffw_navigation/lib/pkgconfig/ffw_navigation.pc'
[2.976s] Level 1:colcon.colcon_core.environment:checking '/root/workspaces/ros2_ws/install/ffw_navigation/lib/python3.12/site-packages'
[2.978s] Level 1:colcon.colcon_core.environment:checking '/root/workspaces/ros2_ws/install/ffw_navigation/bin'
[2.978s] INFO:colcon.colcon_core.shell:Creating package script '/root/workspaces/ros2_ws/install/ffw_navigation/share/ffw_navigation/package.ps1'
[2.995s] INFO:colcon.colcon_core.shell:Creating package descriptor '/root/workspaces/ros2_ws/install/ffw_navigation/share/ffw_navigation/package.dsv'
[3.013s] INFO:colcon.colcon_core.shell:Creating package script '/root/workspaces/ros2_ws/install/ffw_navigation/share/ffw_navigation/package.sh'
[3.029s] INFO:colcon.colcon_core.shell:Creating package script '/root/workspaces/ros2_ws/install/ffw_navigation/share/ffw_navigation/package.bash'
[3.044s] INFO:colcon.colcon_core.shell:Creating package script '/root/workspaces/ros2_ws/install/ffw_navigation/share/ffw_navigation/package.zsh'
[3.058s] Level 1:colcon.colcon_core.environment:create_file_with_runtime_dependencies(/root/workspaces/ros2_ws/install/ffw_navigation/share/colcon-core/packages/ffw_navigation)
[3.078s] Level 1:colcon.colcon_core.environment:create_environment_scripts_only(ffw_navigation)
[3.078s] Level 1:colcon.colcon_core.environment:checking '/root/workspaces/ros2_ws/install/ffw_navigation' for CMake module files
[3.084s] Level 1:colcon.colcon_core.environment:checking '/root/workspaces/ros2_ws/install/ffw_navigation' for CMake config files
[3.089s] DEBUG:colcon.colcon_core.event_handler.log_command:Invoked command in '/root/workspaces/ros2_ws/build/ffw_swerve_drive_controller' returned '0': CMAKE_PREFIX_PATH=${CMAKE_PREFIX_PATH}:/opt/ros/jazzy /usr/bin/cmake --build /root/workspaces/ros2_ws/build/ffw_swerve_drive_controller -- -j4 -l4
[3.098s] Level 1:colcon.colcon_core.shell:create_environment_hook('ffw_navigation', 'cmake_prefix_path')
[3.098s] INFO:colcon.colcon_core.shell:Creating environment hook '/root/workspaces/ros2_ws/install/ffw_navigation/share/ffw_navigation/hook/cmake_prefix_path.ps1'
[3.108s] DEBUG:colcon.colcon_core.event_handler.log_command:Invoking command in '/root/workspaces/ros2_ws/build/ffw_swerve_drive_controller': CMAKE_PREFIX_PATH=${CMAKE_PREFIX_PATH}:/opt/ros/jazzy /usr/bin/cmake --install /root/workspaces/ros2_ws/build/ffw_swerve_drive_controller
[3.115s] INFO:colcon.colcon_core.shell:Creating environment descriptor '/root/workspaces/ros2_ws/install/ffw_navigation/share/ffw_navigation/hook/cmake_prefix_path.dsv'
[3.130s] INFO:colcon.colcon_core.shell:Creating environment hook '/root/workspaces/ros2_ws/install/ffw_navigation/share/ffw_navigation/hook/cmake_prefix_path.sh'
[3.147s] Level 1:colcon.colcon_core.environment:checking '/root/workspaces/ros2_ws/install/ffw_navigation/lib'
[3.148s] Level 1:colcon.colcon_core.shell:create_environment_hook('ffw_navigation', 'ld_library_path_lib')
[3.148s] INFO:colcon.colcon_core.shell:Creating environment hook '/root/workspaces/ros2_ws/install/ffw_navigation/share/ffw_navigation/hook/ld_library_path_lib.ps1'
[3.148s] DEBUG:colcon.colcon_core.event_handler.log_command:Invoked command in '/root/workspaces/ros2_ws/build/ffw_navigation' returned '0': CMAKE_PREFIX_PATH=${CMAKE_PREFIX_PATH}:/opt/ros/jazzy /usr/bin/cmake --install /root/workspaces/ros2_ws/build/ffw_navigation
[3.168s] INFO:colcon.colcon_core.shell:Creating environment descriptor '/root/workspaces/ros2_ws/install/ffw_navigation/share/ffw_navigation/hook/ld_library_path_lib.dsv'
[3.185s] INFO:colcon.colcon_core.shell:Creating environment hook '/root/workspaces/ros2_ws/install/ffw_navigation/share/ffw_navigation/hook/ld_library_path_lib.sh'
[3.208s] Level 1:colcon.colcon_core.environment:checking '/root/workspaces/ros2_ws/install/ffw_navigation/bin'
[3.209s] Level 1:colcon.colcon_core.environment:checking '/root/workspaces/ros2_ws/install/ffw_navigation/lib/pkgconfig/ffw_navigation.pc'
[3.213s] Level 1:colcon.colcon_core.environment:checking '/root/workspaces/ros2_ws/install/ffw_navigation/lib/python3.12/site-packages'
[3.217s] Level 1:colcon.colcon_core.environment:checking '/root/workspaces/ros2_ws/install/ffw_navigation/bin'
[3.221s] INFO:colcon.colcon_core.shell:Creating package script '/root/workspaces/ros2_ws/install/ffw_navigation/share/ffw_navigation/package.ps1'
[3.246s] INFO:colcon.colcon_core.shell:Creating package descriptor '/root/workspaces/ros2_ws/install/ffw_navigation/share/ffw_navigation/package.dsv'
[3.265s] INFO:colcon.colcon_core.shell:Creating package script '/root/workspaces/ros2_ws/install/ffw_navigation/share/ffw_navigation/package.sh'
[3.279s] INFO:colcon.colcon_core.shell:Creating package script '/root/workspaces/ros2_ws/install/ffw_navigation/share/ffw_navigation/package.bash'
[3.302s] INFO:colcon.colcon_core.shell:Creating package script '/root/workspaces/ros2_ws/install/ffw_navigation/share/ffw_navigation/package.zsh'
[3.316s] Level 1:colcon.colcon_core.environment:create_file_with_runtime_dependencies(/root/workspaces/ros2_ws/install/ffw_navigation/share/colcon-core/packages/ffw_navigation)
[3.333s] INFO:colcon.colcon_ros.task.ament_python.build:Building ROS package in '/root/workspaces/ros2_ws/src/ai-worker-sim/human_detector' with build type 'ament_python'
[3.333s] Level 1:colcon.colcon_core.shell:create_environment_hook('human_detector', 'ament_prefix_path')
[3.334s] INFO:colcon.colcon_core.shell:Creating environment hook '/root/workspaces/ros2_ws/install/human_detector/share/human_detector/hook/ament_prefix_path.ps1'
[3.350s] INFO:colcon.colcon_core.shell:Creating environment descriptor '/root/workspaces/ros2_ws/install/human_detector/share/human_detector/hook/ament_prefix_path.dsv'
[3.365s] INFO:colcon.colcon_core.shell:Creating environment hook '/root/workspaces/ros2_ws/install/human_detector/share/human_detector/hook/ament_prefix_path.sh'
[3.379s] INFO:colcon.colcon_core.shell:Skip shell extension 'powershell' for command environment: Not usable outside of PowerShell
[3.379s] DEBUG:colcon.colcon_core.shell:Skip shell extension 'dsv' for command environment
[3.439s] Level 1:colcon.colcon_core.environment:create_environment_scripts_only(ffw_swerve_drive_controller)
[3.439s] Level 1:colcon.colcon_core.environment:checking '/root/workspaces/ros2_ws/install/ffw_swerve_drive_controller' for CMake module files
[3.455s] Level 1:colcon.colcon_core.environment:checking '/root/workspaces/ros2_ws/install/ffw_swerve_drive_controller' for CMake config files
[3.463s] DEBUG:colcon.colcon_core.event_handler.log_command:Invoked command in '/root/workspaces/ros2_ws/build/ffw_swerve_drive_controller' returned '0': CMAKE_PREFIX_PATH=${CMAKE_PREFIX_PATH}:/opt/ros/jazzy /usr/bin/cmake --install /root/workspaces/ros2_ws/build/ffw_swerve_drive_controller
[3.471s] Level 1:colcon.colcon_core.shell:create_environment_hook('ffw_swerve_drive_controller', 'cmake_prefix_path')
[3.471s] INFO:colcon.colcon_core.shell:Creating environment hook '/root/workspaces/ros2_ws/install/ffw_swerve_drive_controller/share/ffw_swerve_drive_controller/hook/cmake_prefix_path.ps1'
[3.486s] INFO:colcon.colcon_core.shell:Creating environment descriptor '/root/workspaces/ros2_ws/install/ffw_swerve_drive_controller/share/ffw_swerve_drive_controller/hook/cmake_prefix_path.dsv'
[3.501s] INFO:colcon.colcon_core.shell:Creating environment hook '/root/workspaces/ros2_ws/install/ffw_swerve_drive_controller/share/ffw_swerve_drive_controller/hook/cmake_prefix_path.sh'
[3.516s] Level 1:colcon.colcon_core.environment:checking '/root/workspaces/ros2_ws/install/ffw_swerve_drive_controller/lib'
[3.517s] Level 1:colcon.colcon_core.shell:create_environment_hook('ffw_swerve_drive_controller', 'ld_library_path_lib')
[3.517s] INFO:colcon.colcon_core.shell:Creating environment hook '/root/workspaces/ros2_ws/install/ffw_swerve_drive_controller/share/ffw_swerve_drive_controller/hook/ld_library_path_lib.ps1'
[3.535s] INFO:colcon.colcon_core.shell:Creating environment descriptor '/root/workspaces/ros2_ws/install/ffw_swerve_drive_controller/share/ffw_swerve_drive_controller/hook/ld_library_path_lib.dsv'
[3.549s] INFO:colcon.colcon_core.shell:Creating environment hook '/root/workspaces/ros2_ws/install/ffw_swerve_drive_controller/share/ffw_swerve_drive_controller/hook/ld_library_path_lib.sh'
[3.563s] Level 1:colcon.colcon_core.environment:checking '/root/workspaces/ros2_ws/install/ffw_swerve_drive_controller/bin'
[3.565s] Level 1:colcon.colcon_core.environment:checking '/root/workspaces/ros2_ws/install/ffw_swerve_drive_controller/lib/pkgconfig/ffw_swerve_drive_controller.pc'
[3.570s] Level 1:colcon.colcon_core.environment:checking '/root/workspaces/ros2_ws/install/ffw_swerve_drive_controller/lib/python3.12/site-packages'
[3.574s] Level 1:colcon.colcon_core.environment:checking '/root/workspaces/ros2_ws/install/ffw_swerve_drive_controller/bin'
[3.578s] INFO:colcon.colcon_core.shell:Creating package script '/root/workspaces/ros2_ws/install/ffw_swerve_drive_controller/share/ffw_swerve_drive_controller/package.ps1'
[3.594s] INFO:colcon.colcon_core.shell:Creating package descriptor '/root/workspaces/ros2_ws/install/ffw_swerve_drive_controller/share/ffw_swerve_drive_controller/package.dsv'
[3.609s] INFO:colcon.colcon_core.shell:Creating package script '/root/workspaces/ros2_ws/install/ffw_swerve_drive_controller/share/ffw_swerve_drive_controller/package.sh'
[3.622s] INFO:colcon.colcon_core.shell:Creating package script '/root/workspaces/ros2_ws/install/ffw_swerve_drive_controller/share/ffw_swerve_drive_controller/package.bash'
[3.635s] INFO:colcon.colcon_core.shell:Creating package script '/root/workspaces/ros2_ws/install/ffw_swerve_drive_controller/share/ffw_swerve_drive_controller/package.zsh'
[3.648s] Level 1:colcon.colcon_core.environment:create_file_with_runtime_dependencies(/root/workspaces/ros2_ws/install/ffw_swerve_drive_controller/share/colcon-core/packages/ffw_swerve_drive_controller)
[3.668s] Level 1:colcon.colcon_core.environment:create_environment_scripts_only(ffw_swerve_drive_controller)
[3.668s] Level 1:colcon.colcon_core.environment:checking '/root/workspaces/ros2_ws/install/ffw_swerve_drive_controller' for CMake module files
[3.674s] Level 1:colcon.colcon_core.environment:checking '/root/workspaces/ros2_ws/install/ffw_swerve_drive_controller' for CMake config files
[3.688s] Level 1:colcon.colcon_core.shell:create_environment_hook('ffw_swerve_drive_controller', 'cmake_prefix_path')
[3.691s] INFO:colcon.colcon_core.shell:Creating environment hook '/root/workspaces/ros2_ws/install/ffw_swerve_drive_controller/share/ffw_swerve_drive_controller/hook/cmake_prefix_path.ps1'
[3.709s] INFO:colcon.colcon_core.shell:Creating environment descriptor '/root/workspaces/ros2_ws/install/ffw_swerve_drive_controller/share/ffw_swerve_drive_controller/hook/cmake_prefix_path.dsv'
[3.723s] INFO:colcon.colcon_core.shell:Creating environment hook '/root/workspaces/ros2_ws/install/ffw_swerve_drive_controller/share/ffw_swerve_drive_controller/hook/cmake_prefix_path.sh'
[3.738s] Level 1:colcon.colcon_core.environment:checking '/root/workspaces/ros2_ws/install/ffw_swerve_drive_controller/lib'
[3.739s] Level 1:colcon.colcon_core.shell:create_environment_hook('ffw_swerve_drive_controller', 'ld_library_path_lib')
[3.743s] INFO:colcon.colcon_core.shell:Creating environment hook '/root/workspaces/ros2_ws/install/ffw_swerve_drive_controller/share/ffw_swerve_drive_controller/hook/ld_library_path_lib.ps1'
[3.775s] INFO:colcon.colcon_core.shell:Creating environment descriptor '/root/workspaces/ros2_ws/install/ffw_swerve_drive_controller/share/ffw_swerve_drive_controller/hook/ld_library_path_lib.dsv'
[3.790s] INFO:colcon.colcon_core.shell:Creating environment hook '/root/workspaces/ros2_ws/install/ffw_swerve_drive_controller/share/ffw_swerve_drive_controller/hook/ld_library_path_lib.sh'
[3.804s] Level 1:colcon.colcon_core.environment:checking '/root/workspaces/ros2_ws/install/ffw_swerve_drive_controller/bin'
[3.804s] Level 1:colcon.colcon_core.environment:checking '/root/workspaces/ros2_ws/install/ffw_swerve_drive_controller/lib/pkgconfig/ffw_swerve_drive_controller.pc'
[3.808s] Level 1:colcon.colcon_core.environment:checking '/root/workspaces/ros2_ws/install/ffw_swerve_drive_controller/lib/python3.12/site-packages'
[3.813s] Level 1:colcon.colcon_core.environment:checking '/root/workspaces/ros2_ws/install/ffw_swerve_drive_controller/bin'
[3.817s] INFO:colcon.colcon_core.shell:Creating package script '/root/workspaces/ros2_ws/install/ffw_swerve_drive_controller/share/ffw_swerve_drive_controller/package.ps1'
[3.836s] INFO:colcon.colcon_core.shell:Creating package descriptor '/root/workspaces/ros2_ws/install/ffw_swerve_drive_controller/share/ffw_swerve_drive_controller/package.dsv'
[3.851s] INFO:colcon.colcon_core.shell:Creating package script '/root/workspaces/ros2_ws/install/ffw_swerve_drive_controller/share/ffw_swerve_drive_controller/package.sh'
[3.866s] INFO:colcon.colcon_core.shell:Creating package script '/root/workspaces/ros2_ws/install/ffw_swerve_drive_controller/share/ffw_swerve_drive_controller/package.bash'
[3.879s] INFO:colcon.colcon_core.shell:Creating package script '/root/workspaces/ros2_ws/install/ffw_swerve_drive_controller/share/ffw_swerve_drive_controller/package.zsh'
[3.893s] Level 1:colcon.colcon_core.environment:create_file_with_runtime_dependencies(/root/workspaces/ros2_ws/install/ffw_swerve_drive_controller/share/colcon-core/packages/ffw_swerve_drive_controller)
[4.199s] INFO:colcon.colcon_core.task.python.build:Building Python package in '/root/workspaces/ros2_ws/src/ai-worker-sim/ffw_teleop'
[4.200s] INFO:colcon.colcon_core.shell:Skip shell extension 'powershell' for command environment: Not usable outside of PowerShell
[4.209s] DEBUG:colcon.colcon_core.shell:Skip shell extension 'dsv' for command environment
[4.246s] INFO:colcon.colcon_ros.task.ament_cmake.build:Building ROS package in '/root/workspaces/ros2_ws/src/ai-worker-sim/library_world' with build type 'ament_cmake'
[4.246s] INFO:colcon.colcon_cmake.task.cmake.build:Building CMake package in '/root/workspaces/ros2_ws/src/ai-worker-sim/library_world'
[4.251s] INFO:colcon.colcon_core.shell:Skip shell extension 'powershell' for command environment: Not usable outside of PowerShell
[4.251s] DEBUG:colcon.colcon_core.shell:Skip shell extension 'dsv' for command environment
[4.286s] Level 1:colcon.colcon_core.environment:create_environment_scripts_only(ffw_description)
[4.286s] DEBUG:colcon.colcon_core.event_handler.log_command:Invoked command in '/root/workspaces/ros2_ws/build/ffw_description' returned '0': CMAKE_PREFIX_PATH=${CMAKE_PREFIX_PATH}:/opt/ros/jazzy /usr/bin/cmake --install /root/workspaces/ros2_ws/build/ffw_description
[4.286s] Level 1:colcon.colcon_core.environment:checking '/root/workspaces/ros2_ws/install/ffw_description' for CMake module files
[4.304s] Level 1:colcon.colcon_core.environment:checking '/root/workspaces/ros2_ws/install/ffw_description' for CMake config files
[4.323s] Level 1:colcon.colcon_core.shell:create_environment_hook('ffw_description', 'cmake_prefix_path')
[4.335s] INFO:colcon.colcon_core.shell:Creating environment hook '/root/workspaces/ros2_ws/install/ffw_description/share/ffw_description/hook/cmake_prefix_path.ps1'
[4.359s] INFO:colcon.colcon_core.shell:Creating environment descriptor '/root/workspaces/ros2_ws/install/ffw_description/share/ffw_description/hook/cmake_prefix_path.dsv'
[4.382s] INFO:colcon.colcon_core.shell:Creating environment hook '/root/workspaces/ros2_ws/install/ffw_description/share/ffw_description/hook/cmake_prefix_path.sh'
[4.398s] Level 1:colcon.colcon_core.environment:checking '/root/workspaces/ros2_ws/install/ffw_description/bin'
[4.401s] Level 1:colcon.colcon_core.environment:checking '/root/workspaces/ros2_ws/install/ffw_description/lib/pkgconfig/ffw_description.pc'
[4.408s] Level 1:colcon.colcon_core.environment:checking '/root/workspaces/ros2_ws/install/ffw_description/lib/python3.12/site-packages'
[4.417s] Level 1:colcon.colcon_core.environment:checking '/root/workspaces/ros2_ws/install/ffw_description/bin'
[4.425s] INFO:colcon.colcon_core.shell:Creating package script '/root/workspaces/ros2_ws/install/ffw_description/share/ffw_description/package.ps1'
[4.457s] INFO:colcon.colcon_core.shell:Creating package descriptor '/root/workspaces/ros2_ws/install/ffw_description/share/ffw_description/package.dsv'
[4.472s] INFO:colcon.colcon_core.shell:Creating package script '/root/workspaces/ros2_ws/install/ffw_description/share/ffw_description/package.sh'
[4.485s] INFO:colcon.colcon_core.shell:Creating package script '/root/workspaces/ros2_ws/install/ffw_description/share/ffw_description/package.bash'
[4.498s] INFO:colcon.colcon_core.shell:Creating package script '/root/workspaces/ros2_ws/install/ffw_description/share/ffw_description/package.zsh'
[4.514s] Level 1:colcon.colcon_core.environment:create_file_with_runtime_dependencies(/root/workspaces/ros2_ws/install/ffw_description/share/colcon-core/packages/ffw_description)
[4.534s] Level 1:colcon.colcon_core.environment:create_environment_scripts_only(ffw_description)
[4.534s] Level 1:colcon.colcon_core.environment:checking '/root/workspaces/ros2_ws/install/ffw_description' for CMake module files
[4.545s] Level 1:colcon.colcon_core.environment:checking '/root/workspaces/ros2_ws/install/ffw_description' for CMake config files
[4.563s] Level 1:colcon.colcon_core.shell:create_environment_hook('ffw_description', 'cmake_prefix_path')
[4.563s] INFO:colcon.colcon_core.shell:Creating environment hook '/root/workspaces/ros2_ws/install/ffw_description/share/ffw_description/hook/cmake_prefix_path.ps1'
[4.587s] INFO:colcon.colcon_core.shell:Creating environment descriptor '/root/workspaces/ros2_ws/install/ffw_description/share/ffw_description/hook/cmake_prefix_path.dsv'
[4.602s] INFO:colcon.colcon_core.shell:Creating environment hook '/root/workspaces/ros2_ws/install/ffw_description/share/ffw_description/hook/cmake_prefix_path.sh'
[4.619s] Level 1:colcon.colcon_core.environment:checking '/root/workspaces/ros2_ws/install/ffw_description/bin'
[4.619s] Level 1:colcon.colcon_core.environment:checking '/root/workspaces/ros2_ws/install/ffw_description/lib/pkgconfig/ffw_description.pc'
[4.628s] Level 1:colcon.colcon_core.environment:checking '/root/workspaces/ros2_ws/install/ffw_description/lib/python3.12/site-packages'
[4.637s] Level 1:colcon.colcon_core.environment:checking '/root/workspaces/ros2_ws/install/ffw_description/bin'
[4.646s] INFO:colcon.colcon_core.shell:Creating package script '/root/workspaces/ros2_ws/install/ffw_description/share/ffw_description/package.ps1'
[4.670s] INFO:colcon.colcon_core.shell:Creating package descriptor '/root/workspaces/ros2_ws/install/ffw_description/share/ffw_description/package.dsv'
[4.684s] INFO:colcon.colcon_core.shell:Creating package script '/root/workspaces/ros2_ws/install/ffw_description/share/ffw_description/package.sh'
[4.699s] INFO:colcon.colcon_core.shell:Creating package script '/root/workspaces/ros2_ws/install/ffw_description/share/ffw_description/package.bash'
[4.715s] INFO:colcon.colcon_core.shell:Creating package script '/root/workspaces/ros2_ws/install/ffw_description/share/ffw_description/package.zsh'
[4.728s] Level 1:colcon.colcon_core.environment:create_file_with_runtime_dependencies(/root/workspaces/ros2_ws/install/ffw_description/share/colcon-core/packages/ffw_description)
[4.743s] INFO:colcon.colcon_ros.task.ament_cmake.build:Building ROS package in '/root/workspaces/ros2_ws/src/ai-worker-sim/warehouse_world' with build type 'ament_cmake'
[4.743s] INFO:colcon.colcon_cmake.task.cmake.build:Building CMake package in '/root/workspaces/ros2_ws/src/ai-worker-sim/warehouse_world'
[4.743s] INFO:colcon.colcon_core.shell:Skip shell extension 'powershell' for command environment: Not usable outside of PowerShell
[4.743s] DEBUG:colcon.colcon_core.shell:Skip shell extension 'dsv' for command environment
[5.075s] INFO:colcon.colcon_core.task.python.build:Building Python package in '/root/workspaces/ros2_ws/src/ai-worker-sim/human_detector'
[5.076s] INFO:colcon.colcon_core.shell:Skip shell extension 'powershell' for command environment: Not usable outside of PowerShell
[5.084s] DEBUG:colcon.colcon_core.shell:Skip shell extension 'dsv' for command environment
[5.232s] DEBUG:colcon.colcon_core.event_handler.log_command:Invoking command in '/root/workspaces/ros2_ws/build/library_world': CMAKE_PREFIX_PATH=${CMAKE_PREFIX_PATH}:/opt/ros/jazzy /usr/bin/cmake --build /root/workspaces/ros2_ws/build/library_world -- -j4 -l4
[5.273s] DEBUG:colcon.colcon_core.event_handler.log_command:Invoking command in '/root/workspaces/ros2_ws/build/warehouse_world': CMAKE_PREFIX_PATH=${CMAKE_PREFIX_PATH}:/opt/ros/jazzy /usr/bin/cmake --build /root/workspaces/ros2_ws/build/warehouse_world -- -j4 -l4
[5.326s] DEBUG:colcon.colcon_core.event_handler.log_command:Invoked command in '/root/workspaces/ros2_ws/build/library_world' returned '0': CMAKE_PREFIX_PATH=${CMAKE_PREFIX_PATH}:/opt/ros/jazzy /usr/bin/cmake --build /root/workspaces/ros2_ws/build/library_world -- -j4 -l4
[5.344s] DEBUG:colcon.colcon_core.event_handler.log_command:Invoking command in '/root/workspaces/ros2_ws/build/library_world': CMAKE_PREFIX_PATH=${CMAKE_PREFIX_PATH}:/opt/ros/jazzy /usr/bin/cmake --install /root/workspaces/ros2_ws/build/library_world
[5.377s] DEBUG:colcon.colcon_core.event_handler.log_command:Invoked command in '/root/workspaces/ros2_ws/build/warehouse_world' returned '0': CMAKE_PREFIX_PATH=${CMAKE_PREFIX_PATH}:/opt/ros/jazzy /usr/bin/cmake --build /root/workspaces/ros2_ws/build/warehouse_world -- -j4 -l4
[5.386s] DEBUG:colcon.colcon_core.event_handler.log_command:Invoking command in '/root/workspaces/ros2_ws/build/warehouse_world': CMAKE_PREFIX_PATH=${CMAKE_PREFIX_PATH}:/opt/ros/jazzy /usr/bin/cmake --install /root/workspaces/ros2_ws/build/warehouse_world
[6.133s] DEBUG:colcon.colcon_core.task.python.build:Available setuptools commands: install_scripts, develop, upload_docs, bdist_egg, install_egg_info, build_scripts, extract_messages, build_clib, sdist, update_catalog, install_lib, setopt, bdist_wheel, check, upload, compile_catalog, alias, saveopts, install_headers, clean, test, register, symlink_data, editable_wheel, bdist, bdist_dumb, init_catalog, build, rotate, build_py, build_ext, install_data, easy_install, egg_info, dist_info, bdist_rpm, install
[6.213s] Level 1:colcon.colcon_core.environment:create_environment_scripts_only(warehouse_world)
[6.214s] Level 1:colcon.colcon_core.environment:checking '/root/workspaces/ros2_ws/install/warehouse_world' for CMake module files
[6.238s] Level 1:colcon.colcon_core.environment:checking '/root/workspaces/ros2_ws/install/warehouse_world' for CMake config files
[6.279s] Level 1:colcon.colcon_core.shell:create_environment_hook('warehouse_world', 'cmake_prefix_path')
[6.280s] INFO:colcon.colcon_core.shell:Creating environment hook '/root/workspaces/ros2_ws/install/warehouse_world/share/warehouse_world/hook/cmake_prefix_path.ps1'
[6.295s] INFO:colcon.colcon_core.shell:Creating environment descriptor '/root/workspaces/ros2_ws/install/warehouse_world/share/warehouse_world/hook/cmake_prefix_path.dsv'
[6.310s] INFO:colcon.colcon_core.shell:Creating environment hook '/root/workspaces/ros2_ws/install/warehouse_world/share/warehouse_world/hook/cmake_prefix_path.sh'
[6.328s] Level 1:colcon.colcon_core.environment:checking '/root/workspaces/ros2_ws/install/warehouse_world/bin'
[6.330s] Level 1:colcon.colcon_core.environment:checking '/root/workspaces/ros2_ws/install/warehouse_world/lib/pkgconfig/warehouse_world.pc'
[6.330s] Level 1:colcon.colcon_core.environment:checking '/root/workspaces/ros2_ws/install/warehouse_world/lib/python3.12/site-packages'
[6.332s] Level 1:colcon.colcon_core.environment:checking '/root/workspaces/ros2_ws/install/warehouse_world/bin'
[6.332s] INFO:colcon.colcon_core.shell:Creating package script '/root/workspaces/ros2_ws/install/warehouse_world/share/warehouse_world/package.ps1'
[6.347s] INFO:colcon.colcon_core.shell:Creating package descriptor '/root/workspaces/ros2_ws/install/warehouse_world/share/warehouse_world/package.dsv'
[6.371s] INFO:colcon.colcon_core.shell:Creating package script '/root/workspaces/ros2_ws/install/warehouse_world/share/warehouse_world/package.sh'
[6.386s] INFO:colcon.colcon_core.shell:Creating package script '/root/workspaces/ros2_ws/install/warehouse_world/share/warehouse_world/package.bash'
[6.401s] INFO:colcon.colcon_core.shell:Creating package script '/root/workspaces/ros2_ws/install/warehouse_world/share/warehouse_world/package.zsh'
[6.416s] Level 1:colcon.colcon_core.environment:create_file_with_runtime_dependencies(/root/workspaces/ros2_ws/install/warehouse_world/share/colcon-core/packages/warehouse_world)
[6.424s] Level 1:colcon.colcon_core.environment:create_environment_scripts_only(warehouse_world)
[6.424s] Level 1:colcon.colcon_core.environment:checking '/root/workspaces/ros2_ws/install/warehouse_world' for CMake module files
[6.428s] Level 1:colcon.colcon_core.environment:checking '/root/workspaces/ros2_ws/install/warehouse_world' for CMake config files
[6.455s] Level 1:colcon.colcon_core.shell:create_environment_hook('warehouse_world', 'cmake_prefix_path')
[6.456s] INFO:colcon.colcon_core.shell:Creating environment hook '/root/workspaces/ros2_ws/install/warehouse_world/share/warehouse_world/hook/cmake_prefix_path.ps1'
[6.473s] INFO:colcon.colcon_core.shell:Creating environment descriptor '/root/workspaces/ros2_ws/install/warehouse_world/share/warehouse_world/hook/cmake_prefix_path.dsv'
[6.487s] INFO:colcon.colcon_core.shell:Creating environment hook '/root/workspaces/ros2_ws/install/warehouse_world/share/warehouse_world/hook/cmake_prefix_path.sh'
[6.506s] Level 1:colcon.colcon_core.environment:checking '/root/workspaces/ros2_ws/install/warehouse_world/bin'
[6.506s] Level 1:colcon.colcon_core.environment:checking '/root/workspaces/ros2_ws/install/warehouse_world/lib/pkgconfig/warehouse_world.pc'
[6.507s] Level 1:colcon.colcon_core.environment:checking '/root/workspaces/ros2_ws/install/warehouse_world/lib/python3.12/site-packages'
[6.507s] Level 1:colcon.colcon_core.environment:checking '/root/workspaces/ros2_ws/install/warehouse_world/bin'
[6.508s] INFO:colcon.colcon_core.shell:Creating package script '/root/workspaces/ros2_ws/install/warehouse_world/share/warehouse_world/package.ps1'
[6.523s] INFO:colcon.colcon_core.shell:Creating package descriptor '/root/workspaces/ros2_ws/install/warehouse_world/share/warehouse_world/package.dsv'
[6.539s] INFO:colcon.colcon_core.shell:Creating package script '/root/workspaces/ros2_ws/install/warehouse_world/share/warehouse_world/package.sh'
[6.557s] INFO:colcon.colcon_core.shell:Creating package script '/root/workspaces/ros2_ws/install/warehouse_world/share/warehouse_world/package.bash'
[6.572s] INFO:colcon.colcon_core.shell:Creating package script '/root/workspaces/ros2_ws/install/warehouse_world/share/warehouse_world/package.zsh'
[6.586s] Level 1:colcon.colcon_core.environment:create_file_with_runtime_dependencies(/root/workspaces/ros2_ws/install/warehouse_world/share/colcon-core/packages/warehouse_world)
[6.589s] INFO:colcon.colcon_ros.task.ament_python.build:Building ROS package in '/root/workspaces/ros2_ws/src/ai-worker-sim/ffw_bringup' with build type 'ament_python'
[6.590s] Level 1:colcon.colcon_core.shell:create_environment_hook('ffw_bringup', 'ament_prefix_path')
[6.590s] INFO:colcon.colcon_core.shell:Creating environment hook '/root/workspaces/ros2_ws/install/ffw_bringup/share/ffw_bringup/hook/ament_prefix_path.ps1'
[6.606s] INFO:colcon.colcon_core.shell:Creating environment descriptor '/root/workspaces/ros2_ws/install/ffw_bringup/share/ffw_bringup/hook/ament_prefix_path.dsv'
[6.621s] INFO:colcon.colcon_core.shell:Creating environment hook '/root/workspaces/ros2_ws/install/ffw_bringup/share/ffw_bringup/hook/ament_prefix_path.sh'
[6.637s] INFO:colcon.colcon_core.shell:Skip shell extension 'powershell' for command environment: Not usable outside of PowerShell
[6.637s] DEBUG:colcon.colcon_core.shell:Skip shell extension 'dsv' for command environment
[6.713s] Level 1:colcon.colcon_core.environment:create_environment_scripts_only(library_world)
[6.714s] Level 1:colcon.colcon_core.environment:checking '/root/workspaces/ros2_ws/install/library_world' for CMake module files
[6.728s] Level 1:colcon.colcon_core.environment:checking '/root/workspaces/ros2_ws/install/library_world' for CMake config files
[6.867s] Level 1:colcon.colcon_core.shell:create_environment_hook('library_world', 'cmake_prefix_path')
[6.867s] INFO:colcon.colcon_core.shell:Creating environment hook '/root/workspaces/ros2_ws/install/library_world/share/library_world/hook/cmake_prefix_path.ps1'
[6.885s] INFO:colcon.colcon_core.shell:Creating environment descriptor '/root/workspaces/ros2_ws/install/library_world/share/library_world/hook/cmake_prefix_path.dsv'
[6.898s] INFO:colcon.colcon_core.shell:Creating environment hook '/root/workspaces/ros2_ws/install/library_world/share/library_world/hook/cmake_prefix_path.sh'
[6.913s] Level 1:colcon.colcon_core.environment:checking '/root/workspaces/ros2_ws/install/library_world/bin'
[6.915s] Level 1:colcon.colcon_core.environment:checking '/root/workspaces/ros2_ws/install/library_world/lib/pkgconfig/library_world.pc'
[6.915s] Level 1:colcon.colcon_core.environment:checking '/root/workspaces/ros2_ws/install/library_world/lib/python3.12/site-packages'
[6.915s] Level 1:colcon.colcon_core.environment:checking '/root/workspaces/ros2_ws/install/library_world/bin'
[6.915s] INFO:colcon.colcon_core.shell:Creating package script '/root/workspaces/ros2_ws/install/library_world/share/library_world/package.ps1'
[6.930s] DEBUG:colcon.colcon_core.event_handler.log_command:Invoking command in '/root/workspaces/ros2_ws/src/ai-worker-sim/ffw_teleop': PYTHONPATH=/root/workspaces/ros2_ws/build/ffw_teleop/prefix_override:/usr/lib/python3/dist-packages/colcon_core/task/python/colcon_distutils_commands:/root/workspaces/ros2_ws/install/ffw_teleop/lib/python3.12/site-packages:${PYTHONPATH} /usr/bin/python3 -W ignore:setup.py install is deprecated -W ignore:easy_install command is deprecated setup.py egg_info --egg-base ../../../build/ffw_teleop build --build-base /root/workspaces/ros2_ws/build/ffw_teleop/build install --record /root/workspaces/ros2_ws/build/ffw_teleop/install.log --install-scripts $base/lib/ffw_teleop --single-version-externally-managed install_data
[6.931s] INFO:colcon.colcon_core.shell:Creating package descriptor '/root/workspaces/ros2_ws/install/library_world/share/library_world/package.dsv'
[6.947s] INFO:colcon.colcon_core.shell:Creating package script '/root/workspaces/ros2_ws/install/library_world/share/library_world/package.sh'
[6.961s] INFO:colcon.colcon_core.shell:Creating package script '/root/workspaces/ros2_ws/install/library_world/share/library_world/package.bash'
[6.976s] INFO:colcon.colcon_core.shell:Creating package script '/root/workspaces/ros2_ws/install/library_world/share/library_world/package.zsh'
[6.979s] DEBUG:colcon.colcon_core.event_handler.log_command:Invoked command in '/root/workspaces/ros2_ws/build/warehouse_world' returned '0': CMAKE_PREFIX_PATH=${CMAKE_PREFIX_PATH}:/opt/ros/jazzy /usr/bin/cmake --install /root/workspaces/ros2_ws/build/warehouse_world
[6.989s] Level 1:colcon.colcon_core.environment:create_file_with_runtime_dependencies(/root/workspaces/ros2_ws/install/library_world/share/colcon-core/packages/library_world)
[6.998s] Level 1:colcon.colcon_core.environment:create_environment_scripts_only(library_world)
[6.998s] Level 1:colcon.colcon_core.environment:checking '/root/workspaces/ros2_ws/install/library_world' for CMake module files
[7.002s] Level 1:colcon.colcon_core.environment:checking '/root/workspaces/ros2_ws/install/library_world' for CMake config files
[7.022s] DEBUG:colcon.colcon_core.event_handler.log_command:Invoked command in '/root/workspaces/ros2_ws/build/library_world' returned '0': CMAKE_PREFIX_PATH=${CMAKE_PREFIX_PATH}:/opt/ros/jazzy /usr/bin/cmake --install /root/workspaces/ros2_ws/build/library_world
[7.072s] Level 1:colcon.colcon_core.shell:create_environment_hook('library_world', 'cmake_prefix_path')
[7.072s] INFO:colcon.colcon_core.shell:Creating environment hook '/root/workspaces/ros2_ws/install/library_world/share/library_world/hook/cmake_prefix_path.ps1'
[7.086s] INFO:colcon.colcon_core.shell:Creating environment descriptor '/root/workspaces/ros2_ws/install/library_world/share/library_world/hook/cmake_prefix_path.dsv'
[7.101s] INFO:colcon.colcon_core.shell:Creating environment hook '/root/workspaces/ros2_ws/install/library_world/share/library_world/hook/cmake_prefix_path.sh'
[7.117s] Level 1:colcon.colcon_core.environment:checking '/root/workspaces/ros2_ws/install/library_world/bin'
[7.118s] Level 1:colcon.colcon_core.environment:checking '/root/workspaces/ros2_ws/install/library_world/lib/pkgconfig/library_world.pc'
[7.118s] Level 1:colcon.colcon_core.environment:checking '/root/workspaces/ros2_ws/install/library_world/lib/python3.12/site-packages'
[7.118s] Level 1:colcon.colcon_core.environment:checking '/root/workspaces/ros2_ws/install/library_world/bin'
[7.119s] INFO:colcon.colcon_core.shell:Creating package script '/root/workspaces/ros2_ws/install/library_world/share/library_world/package.ps1'
[7.134s] INFO:colcon.colcon_core.shell:Creating package descriptor '/root/workspaces/ros2_ws/install/library_world/share/library_world/package.dsv'
[7.154s] INFO:colcon.colcon_core.shell:Creating package script '/root/workspaces/ros2_ws/install/library_world/share/library_world/package.sh'
[7.172s] INFO:colcon.colcon_core.shell:Creating package script '/root/workspaces/ros2_ws/install/library_world/share/library_world/package.bash'
[7.191s] INFO:colcon.colcon_core.shell:Creating package script '/root/workspaces/ros2_ws/install/library_world/share/library_world/package.zsh'
[7.206s] Level 1:colcon.colcon_core.environment:create_file_with_runtime_dependencies(/root/workspaces/ros2_ws/install/library_world/share/colcon-core/packages/library_world)
[7.208s] DEBUG:colcon.colcon_core.task.python.build:Available setuptools commands: install_scripts, develop, upload_docs, bdist_egg, install_egg_info, build_scripts, extract_messages, build_clib, sdist, update_catalog, install_lib, setopt, bdist_wheel, check, upload, compile_catalog, alias, saveopts, install_headers, clean, test, register, symlink_data, editable_wheel, bdist, bdist_dumb, init_catalog, build, rotate, build_py, build_ext, install_data, easy_install, egg_info, dist_info, bdist_rpm, install
[7.259s] DEBUG:colcon.colcon_core.event_handler.log_command:Invoking command in '/root/workspaces/ros2_ws/src/ai-worker-sim/human_detector': PYTHONPATH=/root/workspaces/ros2_ws/build/human_detector/prefix_override:/usr/lib/python3/dist-packages/colcon_core/task/python/colcon_distutils_commands:/root/workspaces/ros2_ws/install/human_detector/lib/python3.12/site-packages:${PYTHONPATH} /usr/bin/python3 -W ignore:setup.py install is deprecated -W ignore:easy_install command is deprecated setup.py egg_info --egg-base ../../../build/human_detector build --build-base /root/workspaces/ros2_ws/build/human_detector/build install --record /root/workspaces/ros2_ws/build/human_detector/install.log --install-scripts $base/lib/human_detector --single-version-externally-managed install_data
[7.661s] INFO:colcon.colcon_core.task.python.build:Building Python package in '/root/workspaces/ros2_ws/src/ai-worker-sim/ffw_bringup'
[7.661s] INFO:colcon.colcon_core.shell:Skip shell extension 'powershell' for command environment: Not usable outside of PowerShell
[7.670s] DEBUG:colcon.colcon_core.shell:Skip shell extension 'dsv' for command environment
[7.709s] Level 1:colcon.colcon_core.environment:checking '/root/workspaces/ros2_ws/install/ffw_teleop' for CMake module files
[7.710s] DEBUG:colcon.colcon_core.event_handler.log_command:Invoked command in '/root/workspaces/ros2_ws/src/ai-worker-sim/ffw_teleop' returned '0': PYTHONPATH=/root/workspaces/ros2_ws/build/ffw_teleop/prefix_override:/usr/lib/python3/dist-packages/colcon_core/task/python/colcon_distutils_commands:/root/workspaces/ros2_ws/install/ffw_teleop/lib/python3.12/site-packages:${PYTHONPATH} /usr/bin/python3 -W ignore:setup.py install is deprecated -W ignore:easy_install command is deprecated setup.py egg_info --egg-base ../../../build/ffw_teleop build --build-base /root/workspaces/ros2_ws/build/ffw_teleop/build install --record /root/workspaces/ros2_ws/build/ffw_teleop/install.log --install-scripts $base/lib/ffw_teleop --single-version-externally-managed install_data
[7.729s] Level 1:colcon.colcon_core.environment:checking '/root/workspaces/ros2_ws/install/ffw_teleop' for CMake config files
[7.742s] Level 1:colcon.colcon_core.environment:checking '/root/workspaces/ros2_ws/install/ffw_teleop/lib'
[7.745s] Level 1:colcon.colcon_core.environment:checking '/root/workspaces/ros2_ws/install/ffw_teleop/bin'
[7.747s] Level 1:colcon.colcon_core.environment:checking '/root/workspaces/ros2_ws/install/ffw_teleop/lib/pkgconfig/ffw_teleop.pc'
[7.749s] Level 1:colcon.colcon_core.environment:checking '/root/workspaces/ros2_ws/install/ffw_teleop/lib/python3.12/site-packages'
[7.749s] Level 1:colcon.colcon_core.shell:create_environment_hook('ffw_teleop', 'pythonpath')
[7.749s] INFO:colcon.colcon_core.shell:Creating environment hook '/root/workspaces/ros2_ws/install/ffw_teleop/share/ffw_teleop/hook/pythonpath.ps1'
[7.763s] INFO:colcon.colcon_core.shell:Creating environment descriptor '/root/workspaces/ros2_ws/install/ffw_teleop/share/ffw_teleop/hook/pythonpath.dsv'
[7.778s] INFO:colcon.colcon_core.shell:Creating environment hook '/root/workspaces/ros2_ws/install/ffw_teleop/share/ffw_teleop/hook/pythonpath.sh'
[7.792s] Level 1:colcon.colcon_core.environment:checking '/root/workspaces/ros2_ws/install/ffw_teleop/bin'
[7.792s] Level 1:colcon.colcon_core.environment:create_environment_scripts_only(ffw_teleop)
[7.792s] INFO:colcon.colcon_core.shell:Creating package script '/root/workspaces/ros2_ws/install/ffw_teleop/share/ffw_teleop/package.ps1'
[7.809s] INFO:colcon.colcon_core.shell:Creating package descriptor '/root/workspaces/ros2_ws/install/ffw_teleop/share/ffw_teleop/package.dsv'
[7.823s] INFO:colcon.colcon_core.shell:Creating package script '/root/workspaces/ros2_ws/install/ffw_teleop/share/ffw_teleop/package.sh'
[7.844s] INFO:colcon.colcon_core.shell:Creating package script '/root/workspaces/ros2_ws/install/ffw_teleop/share/ffw_teleop/package.bash'
[7.858s] INFO:colcon.colcon_core.shell:Creating package script '/root/workspaces/ros2_ws/install/ffw_teleop/share/ffw_teleop/package.zsh'
[7.873s] Level 1:colcon.colcon_core.environment:create_file_with_runtime_dependencies(/root/workspaces/ros2_ws/install/ffw_teleop/share/colcon-core/packages/ffw_teleop)
[8.518s] Level 1:colcon.colcon_core.environment:checking '/root/workspaces/ros2_ws/install/human_detector' for CMake module files
[8.518s] DEBUG:colcon.colcon_core.event_handler.log_command:Invoked command in '/root/workspaces/ros2_ws/src/ai-worker-sim/human_detector' returned '0': PYTHONPATH=/root/workspaces/ros2_ws/build/human_detector/prefix_override:/usr/lib/python3/dist-packages/colcon_core/task/python/colcon_distutils_commands:/root/workspaces/ros2_ws/install/human_detector/lib/python3.12/site-packages:${PYTHONPATH} /usr/bin/python3 -W ignore:setup.py install is deprecated -W ignore:easy_install command is deprecated setup.py egg_info --egg-base ../../../build/human_detector build --build-base /root/workspaces/ros2_ws/build/human_detector/build install --record /root/workspaces/ros2_ws/build/human_detector/install.log --install-scripts $base/lib/human_detector --single-version-externally-managed install_data
[8.539s] Level 1:colcon.colcon_core.environment:checking '/root/workspaces/ros2_ws/install/human_detector' for CMake config files
[8.558s] Level 1:colcon.colcon_core.environment:checking '/root/workspaces/ros2_ws/install/human_detector/lib'
[8.559s] Level 1:colcon.colcon_core.environment:checking '/root/workspaces/ros2_ws/install/human_detector/bin'
[8.568s] Level 1:colcon.colcon_core.environment:checking '/root/workspaces/ros2_ws/install/human_detector/lib/pkgconfig/human_detector.pc'
[8.577s] Level 1:colcon.colcon_core.environment:checking '/root/workspaces/ros2_ws/install/human_detector/lib/python3.12/site-packages'
[8.584s] Level 1:colcon.colcon_core.shell:create_environment_hook('human_detector', 'pythonpath')
[8.585s] INFO:colcon.colcon_core.shell:Creating environment hook '/root/workspaces/ros2_ws/install/human_detector/share/human_detector/hook/pythonpath.ps1'
[8.601s] INFO:colcon.colcon_core.shell:Creating environment descriptor '/root/workspaces/ros2_ws/install/human_detector/share/human_detector/hook/pythonpath.dsv'
[8.616s] INFO:colcon.colcon_core.shell:Creating environment hook '/root/workspaces/ros2_ws/install/human_detector/share/human_detector/hook/pythonpath.sh'
[8.630s] Level 1:colcon.colcon_core.environment:checking '/root/workspaces/ros2_ws/install/human_detector/bin'
[8.630s] Level 1:colcon.colcon_core.environment:create_environment_scripts_only(human_detector)
[8.640s] INFO:colcon.colcon_core.shell:Creating package script '/root/workspaces/ros2_ws/install/human_detector/share/human_detector/package.ps1'
[8.663s] INFO:colcon.colcon_core.shell:Creating package descriptor '/root/workspaces/ros2_ws/install/human_detector/share/human_detector/package.dsv'
[8.677s] INFO:colcon.colcon_core.shell:Creating package script '/root/workspaces/ros2_ws/install/human_detector/share/human_detector/package.sh'
[8.692s] INFO:colcon.colcon_core.shell:Creating package script '/root/workspaces/ros2_ws/install/human_detector/share/human_detector/package.bash'
[8.706s] INFO:colcon.colcon_core.shell:Creating package script '/root/workspaces/ros2_ws/install/human_detector/share/human_detector/package.zsh'
[8.720s] Level 1:colcon.colcon_core.environment:create_file_with_runtime_dependencies(/root/workspaces/ros2_ws/install/human_detector/share/colcon-core/packages/human_detector)
[8.791s] DEBUG:colcon.colcon_core.task.python.build:Available setuptools commands: install_scripts, develop, upload_docs, bdist_egg, install_egg_info, build_scripts, extract_messages, build_clib, sdist, update_catalog, install_lib, setopt, bdist_wheel, check, upload, compile_catalog, alias, saveopts, install_headers, clean, test, register, symlink_data, editable_wheel, bdist, bdist_dumb, init_catalog, build, rotate, build_py, build_ext, install_data, easy_install, egg_info, dist_info, bdist_rpm, install
[8.830s] DEBUG:colcon.colcon_core.event_handler.log_command:Invoking command in '/root/workspaces/ros2_ws/src/ai-worker-sim/ffw_bringup': AMENT_PREFIX_PATH=/root/workspaces/ros2_ws/install/ffw_description:${AMENT_PREFIX_PATH} CMAKE_PREFIX_PATH=/root/workspaces/ros2_ws/install/ffw_description:${CMAKE_PREFIX_PATH} PYTHONPATH=/root/workspaces/ros2_ws/build/ffw_bringup/prefix_override:/usr/lib/python3/dist-packages/colcon_core/task/python/colcon_distutils_commands:/root/workspaces/ros2_ws/install/ffw_bringup/lib/python3.12/site-packages:${PYTHONPATH} /usr/bin/python3 -W ignore:setup.py install is deprecated -W ignore:easy_install command is deprecated setup.py egg_info --egg-base ../../../build/ffw_bringup build --build-base /root/workspaces/ros2_ws/build/ffw_bringup/build install --record /root/workspaces/ros2_ws/build/ffw_bringup/install.log --install-scripts $base/lib/ffw_bringup --single-version-externally-managed install_data
[9.942s] Level 1:colcon.colcon_core.environment:checking '/root/workspaces/ros2_ws/install/ffw_bringup' for CMake module files
[9.942s] DEBUG:colcon.colcon_core.event_handler.log_command:Invoked command in '/root/workspaces/ros2_ws/src/ai-worker-sim/ffw_bringup' returned '0': AMENT_PREFIX_PATH=/root/workspaces/ros2_ws/install/ffw_description:${AMENT_PREFIX_PATH} CMAKE_PREFIX_PATH=/root/workspaces/ros2_ws/install/ffw_description:${CMAKE_PREFIX_PATH} PYTHONPATH=/root/workspaces/ros2_ws/build/ffw_bringup/prefix_override:/usr/lib/python3/dist-packages/colcon_core/task/python/colcon_distutils_commands:/root/workspaces/ros2_ws/install/ffw_bringup/lib/python3.12/site-packages:${PYTHONPATH} /usr/bin/python3 -W ignore:setup.py install is deprecated -W ignore:easy_install command is deprecated setup.py egg_info --egg-base ../../../build/ffw_bringup build --build-base /root/workspaces/ros2_ws/build/ffw_bringup/build install --record /root/workspaces/ros2_ws/build/ffw_bringup/install.log --install-scripts $base/lib/ffw_bringup --single-version-externally-managed install_data
[9.964s] Level 1:colcon.colcon_core.environment:checking '/root/workspaces/ros2_ws/install/ffw_bringup' for CMake config files
[9.987s] Level 1:colcon.colcon_core.environment:checking '/root/workspaces/ros2_ws/install/ffw_bringup/lib'
[9.988s] Level 1:colcon.colcon_core.environment:checking '/root/workspaces/ros2_ws/install/ffw_bringup/bin'
[10.003s] Level 1:colcon.colcon_core.environment:checking '/root/workspaces/ros2_ws/install/ffw_bringup/lib/pkgconfig/ffw_bringup.pc'
[10.004s] Level 1:colcon.colcon_core.environment:checking '/root/workspaces/ros2_ws/install/ffw_bringup/lib/python3.12/site-packages'
[10.004s] Level 1:colcon.colcon_core.shell:create_environment_hook('ffw_bringup', 'pythonpath')
[10.005s] INFO:colcon.colcon_core.shell:Creating environment hook '/root/workspaces/ros2_ws/install/ffw_bringup/share/ffw_bringup/hook/pythonpath.ps1'
[10.019s] INFO:colcon.colcon_core.shell:Creating environment descriptor '/root/workspaces/ros2_ws/install/ffw_bringup/share/ffw_bringup/hook/pythonpath.dsv'
[10.037s] INFO:colcon.colcon_core.shell:Creating environment hook '/root/workspaces/ros2_ws/install/ffw_bringup/share/ffw_bringup/hook/pythonpath.sh'
[10.059s] Level 1:colcon.colcon_core.environment:checking '/root/workspaces/ros2_ws/install/ffw_bringup/bin'
[10.059s] Level 1:colcon.colcon_core.environment:create_environment_scripts_only(ffw_bringup)
[10.068s] INFO:colcon.colcon_core.shell:Creating package script '/root/workspaces/ros2_ws/install/ffw_bringup/share/ffw_bringup/package.ps1'
[10.093s] INFO:colcon.colcon_core.shell:Creating package descriptor '/root/workspaces/ros2_ws/install/ffw_bringup/share/ffw_bringup/package.dsv'
[10.106s] INFO:colcon.colcon_core.shell:Creating package script '/root/workspaces/ros2_ws/install/ffw_bringup/share/ffw_bringup/package.sh'
[10.124s] INFO:colcon.colcon_core.shell:Creating package script '/root/workspaces/ros2_ws/install/ffw_bringup/share/ffw_bringup/package.bash'
[10.149s] INFO:colcon.colcon_core.shell:Creating package script '/root/workspaces/ros2_ws/install/ffw_bringup/share/ffw_bringup/package.zsh'
[10.162s] Level 1:colcon.colcon_core.environment:create_file_with_runtime_dependencies(/root/workspaces/ros2_ws/install/ffw_bringup/share/colcon-core/packages/ffw_bringup)
[10.177s] DEBUG:colcon.colcon_parallel_executor.executor.parallel:closing loop
[10.178s] DEBUG:colcon.colcon_parallel_executor.executor.parallel:loop closed
[10.186s] DEBUG:colcon.colcon_parallel_executor.executor.parallel:run_until_complete finished with '0'
[10.186s] DEBUG:colcon.colcon_core.event_reactor:joining thread
[10.228s] INFO:colcon.colcon_core.plugin_system:Skipping extension 'colcon_notification.desktop_notification.notify_send': Could not find 'notify-send'
[10.229s] INFO:colcon.colcon_core.plugin_system:Skipping extension 'colcon_notification.desktop_notification.terminal_notifier': Not used on non-Darwin systems
[10.237s] INFO:colcon.colcon_core.plugin_system:Skipping extension 'colcon_notification.desktop_notification.win32': Not used on non-Windows systems
[10.246s] INFO:colcon.colcon_notification.desktop_notification:Sending desktop notification using 'notify2'
[10.264s] DEBUG:colcon.colcon_notification.desktop_notification.notify2:Failed to initialize notify2: org.freedesktop.DBus.Error.Spawn.ExecFailed: /usr/bin/dbus-launch terminated abnormally without any error message
[10.264s] DEBUG:colcon.colcon_core.event_reactor:joined thread
[10.275s] INFO:colcon.colcon_core.shell:Creating prefix script '/root/workspaces/ros2_ws/install/local_setup.ps1'
[10.299s] INFO:colcon.colcon_core.shell:Creating prefix util module '/root/workspaces/ros2_ws/install/_local_setup_util_ps1.py'
[10.320s] INFO:colcon.colcon_core.shell:Creating prefix chain script '/root/workspaces/ros2_ws/install/setup.ps1'
[10.341s] INFO:colcon.colcon_core.shell:Creating prefix script '/root/workspaces/ros2_ws/install/local_setup.sh'
[10.360s] INFO:colcon.colcon_core.shell:Creating prefix util module '/root/workspaces/ros2_ws/install/_local_setup_util_sh.py'
[10.380s] INFO:colcon.colcon_core.shell:Creating prefix chain script '/root/workspaces/ros2_ws/install/setup.sh'
[10.400s] INFO:colcon.colcon_core.shell:Creating prefix script '/root/workspaces/ros2_ws/install/local_setup.bash'
[10.414s] INFO:colcon.colcon_core.shell:Creating prefix chain script '/root/workspaces/ros2_ws/install/setup.bash'
[10.435s] INFO:colcon.colcon_core.shell:Creating prefix script '/root/workspaces/ros2_ws/install/local_setup.zsh'
[10.453s] INFO:colcon.colcon_core.shell:Creating prefix chain script '/root/workspaces/ros2_ws/install/setup.zsh'
