[0.320s] DEBUG:colcon:Command line arguments: ['/usr/bin/colcon', 'build']
[0.321s] DEBUG:colcon:Parsed command line arguments: Namespace(log_base=None, log_level=None, verb_name='build', build_base='build', install_base='install', merge_install=False, symlink_install=False, test_result_base=None, continue_on_error=False, executor='parallel', parallel_workers=4, event_handlers=None, ignore_user_meta=False, metas=['./colcon.meta'], base_paths=['.'], packages_ignore=None, packages_ignore_regex=None, paths=None, packages_up_to=None, packages_up_to_regex=None, packages_above=None, packages_above_and_dependencies=None, packages_above_depth=None, packages_select_by_dep=None, packages_skip_by_dep=None, packages_skip_up_to=None, packages_select_build_failed=False, packages_skip_build_finished=False, packages_select_test_failures=False, packages_skip_test_passed=False, packages_select=None, packages_skip=None, packages_select_regex=None, packages_skip_regex=None, packages_start=None, packages_end=None, allow_overriding=[], cmake_args=None, cmake_target=None, cmake_target_skip_unavailable=False, cmake_clean_cache=False, cmake_clean_first=False, cmake_force_configure=False, ament_cmake_args=None, catkin_cmake_args=None, catkin_skip_building_tests=False, verb_parser=<colcon_defaults.argument_parser.defaults.DefaultArgumentsDecorator object at 0x7f9cd553d490>, verb_extension=<colcon_core.verb.build.BuildVerb object at 0x7f9cd5661f40>, main=<bound method BuildVerb.main of <colcon_core.verb.build.BuildVerb object at 0x7f9cd5661f40>>)
[0.435s] Level 1:colcon.colcon_core.package_discovery:discover_packages(colcon_meta) check parameters
[0.438s] Level 1:colcon.colcon_core.package_discovery:discover_packages(recursive) check parameters
[0.445s] Level 1:colcon.colcon_core.package_discovery:discover_packages(ignore) check parameters
[0.454s] Level 1:colcon.colcon_core.package_discovery:discover_packages(path) check parameters
[0.464s] Level 1:colcon.colcon_core.package_discovery:discover_packages(colcon_meta) discover
[0.474s] Level 1:colcon.colcon_core.package_discovery:discover_packages(recursive) discover
[0.481s] INFO:colcon.colcon_core.package_discovery:Crawling recursively for packages in '/root/workspaces/ros2_ws'
[0.482s] Level 1:colcon.colcon_core.package_identification:_identify(.) by extensions ['ignore', 'ignore_ament_install']
[0.491s] Level 1:colcon.colcon_core.package_identification:_identify(.) by extension 'ignore'
[0.511s] Level 1:colcon.colcon_core.package_identification:_identify(.) by extension 'ignore_ament_install'
[0.523s] Level 1:colcon.colcon_core.package_identification:_identify(.) by extensions ['colcon_pkg']
[0.524s] Level 1:colcon.colcon_core.package_identification:_identify(.) by extension 'colcon_pkg'
[0.526s] Level 1:colcon.colcon_core.package_identification:_identify(.) by extensions ['colcon_meta']
[0.530s] Level 1:colcon.colcon_core.package_identification:_identify(.) by extension 'colcon_meta'
[0.530s] Level 1:colcon.colcon_core.package_identification:_identify(.) by extensions ['ros']
[0.530s] Level 1:colcon.colcon_core.package_identification:_identify(.) by extension 'ros'
[0.615s] Level 1:colcon.colcon_core.package_identification:_identify(.) by extensions ['cmake', 'python']
[0.615s] Level 1:colcon.colcon_core.package_identification:_identify(.) by extension 'cmake'
[0.617s] Level 1:colcon.colcon_core.package_identification:_identify(.) by extension 'python'
[0.623s] Level 1:colcon.colcon_core.package_identification:_identify(.) by extensions ['python_setup_py']
[0.635s] Level 1:colcon.colcon_core.package_identification:_identify(.) by extension 'python_setup_py'
[0.636s] Level 1:colcon.colcon_core.package_identification:_identify(build) by extensions ['ignore', 'ignore_ament_install']
[0.640s] Level 1:colcon.colcon_core.package_identification:_identify(build) by extension 'ignore'
[0.640s] Level 1:colcon.colcon_core.package_identification:_identify(build) ignored
[0.641s] Level 1:colcon.colcon_core.package_identification:_identify(install) by extensions ['ignore', 'ignore_ament_install']
[0.647s] Level 1:colcon.colcon_core.package_identification:_identify(install) by extension 'ignore'
[0.647s] Level 1:colcon.colcon_core.package_identification:_identify(install) ignored
[0.653s] Level 1:colcon.colcon_core.package_identification:_identify(log) by extensions ['ignore', 'ignore_ament_install']
[0.660s] Level 1:colcon.colcon_core.package_identification:_identify(log) by extension 'ignore'
[0.664s] Level 1:colcon.colcon_core.package_identification:_identify(log) ignored
[0.672s] Level 1:colcon.colcon_core.package_identification:_identify(src) by extensions ['ignore', 'ignore_ament_install']
[0.677s] Level 1:colcon.colcon_core.package_identification:_identify(src) by extension 'ignore'
[0.679s] Level 1:colcon.colcon_core.package_identification:_identify(src) by extension 'ignore_ament_install'
[0.686s] Level 1:colcon.colcon_core.package_identification:_identify(src) by extensions ['colcon_pkg']
[0.687s] Level 1:colcon.colcon_core.package_identification:_identify(src) by extension 'colcon_pkg'
[0.689s] Level 1:colcon.colcon_core.package_identification:_identify(src) by extensions ['colcon_meta']
[0.691s] Level 1:colcon.colcon_core.package_identification:_identify(src) by extension 'colcon_meta'
[0.691s] Level 1:colcon.colcon_core.package_identification:_identify(src) by extensions ['ros']
[0.691s] Level 1:colcon.colcon_core.package_identification:_identify(src) by extension 'ros'
[0.700s] Level 1:colcon.colcon_core.package_identification:_identify(src) by extensions ['cmake', 'python']
[0.700s] Level 1:colcon.colcon_core.package_identification:_identify(src) by extension 'cmake'
[0.702s] Level 1:colcon.colcon_core.package_identification:_identify(src) by extension 'python'
[0.708s] Level 1:colcon.colcon_core.package_identification:_identify(src) by extensions ['python_setup_py']
[0.711s] Level 1:colcon.colcon_core.package_identification:_identify(src) by extension 'python_setup_py'
[0.717s] Level 1:colcon.colcon_core.package_identification:_identify(src/Gazebo_worlds) by extensions ['ignore', 'ignore_ament_install']
[0.726s] Level 1:colcon.colcon_core.package_identification:_identify(src/Gazebo_worlds) by extension 'ignore'
[0.728s] Level 1:colcon.colcon_core.package_identification:_identify(src/Gazebo_worlds) by extension 'ignore_ament_install'
[0.736s] Level 1:colcon.colcon_core.package_identification:_identify(src/Gazebo_worlds) by extensions ['colcon_pkg']
[0.739s] Level 1:colcon.colcon_core.package_identification:_identify(src/Gazebo_worlds) by extension 'colcon_pkg'
[0.741s] Level 1:colcon.colcon_core.package_identification:_identify(src/Gazebo_worlds) by extensions ['colcon_meta']
[0.744s] Level 1:colcon.colcon_core.package_identification:_identify(src/Gazebo_worlds) by extension 'colcon_meta'
[0.745s] Level 1:colcon.colcon_core.package_identification:_identify(src/Gazebo_worlds) by extensions ['ros']
[0.745s] Level 1:colcon.colcon_core.package_identification:_identify(src/Gazebo_worlds) by extension 'ros'
[0.751s] Level 1:colcon.colcon_core.package_identification:_identify(src/Gazebo_worlds) by extensions ['cmake', 'python']
[0.751s] Level 1:colcon.colcon_core.package_identification:_identify(src/Gazebo_worlds) by extension 'cmake'
[0.753s] Level 1:colcon.colcon_core.package_identification:_identify(src/Gazebo_worlds) by extension 'python'
[0.762s] Level 1:colcon.colcon_core.package_identification:_identify(src/Gazebo_worlds) by extensions ['python_setup_py']
[0.767s] Level 1:colcon.colcon_core.package_identification:_identify(src/Gazebo_worlds) by extension 'python_setup_py'
[0.768s] Level 1:colcon.colcon_core.package_identification:_identify(src/Gazebo_worlds/images) by extensions ['ignore', 'ignore_ament_install']
[0.775s] Level 1:colcon.colcon_core.package_identification:_identify(src/Gazebo_worlds/images) by extension 'ignore'
[0.778s] Level 1:colcon.colcon_core.package_identification:_identify(src/Gazebo_worlds/images) by extension 'ignore_ament_install'
[0.789s] Level 1:colcon.colcon_core.package_identification:_identify(src/Gazebo_worlds/images) by extensions ['colcon_pkg']
[0.795s] Level 1:colcon.colcon_core.package_identification:_identify(src/Gazebo_worlds/images) by extension 'colcon_pkg'
[0.797s] Level 1:colcon.colcon_core.package_identification:_identify(src/Gazebo_worlds/images) by extensions ['colcon_meta']
[0.804s] Level 1:colcon.colcon_core.package_identification:_identify(src/Gazebo_worlds/images) by extension 'colcon_meta'
[0.804s] Level 1:colcon.colcon_core.package_identification:_identify(src/Gazebo_worlds/images) by extensions ['ros']
[0.804s] Level 1:colcon.colcon_core.package_identification:_identify(src/Gazebo_worlds/images) by extension 'ros'
[0.813s] Level 1:colcon.colcon_core.package_identification:_identify(src/Gazebo_worlds/images) by extensions ['cmake', 'python']
[0.813s] Level 1:colcon.colcon_core.package_identification:_identify(src/Gazebo_worlds/images) by extension 'cmake'
[0.815s] Level 1:colcon.colcon_core.package_identification:_identify(src/Gazebo_worlds/images) by extension 'python'
[0.821s] Level 1:colcon.colcon_core.package_identification:_identify(src/Gazebo_worlds/images) by extensions ['python_setup_py']
[0.829s] Level 1:colcon.colcon_core.package_identification:_identify(src/Gazebo_worlds/images) by extension 'python_setup_py'
[0.832s] Level 1:colcon.colcon_core.package_identification:_identify(src/Gazebo_worlds/warehouse_worlds) by extensions ['ignore', 'ignore_ament_install']
[0.835s] Level 1:colcon.colcon_core.package_identification:_identify(src/Gazebo_worlds/warehouse_worlds) by extension 'ignore'
[0.849s] Level 1:colcon.colcon_core.package_identification:_identify(src/Gazebo_worlds/warehouse_worlds) by extension 'ignore_ament_install'
[0.856s] Level 1:colcon.colcon_core.package_identification:_identify(src/Gazebo_worlds/warehouse_worlds) by extensions ['colcon_pkg']
[0.857s] Level 1:colcon.colcon_core.package_identification:_identify(src/Gazebo_worlds/warehouse_worlds) by extension 'colcon_pkg'
[0.868s] Level 1:colcon.colcon_core.package_identification:_identify(src/Gazebo_worlds/warehouse_worlds) by extensions ['colcon_meta']
[0.870s] Level 1:colcon.colcon_core.package_identification:_identify(src/Gazebo_worlds/warehouse_worlds) by extension 'colcon_meta'
[0.875s] Level 1:colcon.colcon_core.package_identification:_identify(src/Gazebo_worlds/warehouse_worlds) by extensions ['ros']
[0.880s] Level 1:colcon.colcon_core.package_identification:_identify(src/Gazebo_worlds/warehouse_worlds) by extension 'ros'
[0.902s] DEBUG:colcon.colcon_core.package_identification:Package 'src/Gazebo_worlds/warehouse_worlds' with type 'ros.ament_cmake' and name 'warehouse_worlds'
[0.903s] Level 1:colcon.colcon_core.package_identification:_identify(src/ai-worker-sim) by extensions ['ignore', 'ignore_ament_install']
[0.907s] Level 1:colcon.colcon_core.package_identification:_identify(src/ai-worker-sim) by extension 'ignore'
[0.914s] Level 1:colcon.colcon_core.package_identification:_identify(src/ai-worker-sim) by extension 'ignore_ament_install'
[0.941s] Level 1:colcon.colcon_core.package_identification:_identify(src/ai-worker-sim) by extensions ['colcon_pkg']
[0.942s] Level 1:colcon.colcon_core.package_identification:_identify(src/ai-worker-sim) by extension 'colcon_pkg'
[0.948s] Level 1:colcon.colcon_core.package_identification:_identify(src/ai-worker-sim) by extensions ['colcon_meta']
[0.952s] Level 1:colcon.colcon_core.package_identification:_identify(src/ai-worker-sim) by extension 'colcon_meta'
[0.952s] Level 1:colcon.colcon_core.package_identification:_identify(src/ai-worker-sim) by extensions ['ros']
[0.952s] Level 1:colcon.colcon_core.package_identification:_identify(src/ai-worker-sim) by extension 'ros'
[0.958s] Level 1:colcon.colcon_core.package_identification:_identify(src/ai-worker-sim) by extensions ['cmake', 'python']
[0.961s] Level 1:colcon.colcon_core.package_identification:_identify(src/ai-worker-sim) by extension 'cmake'
[0.963s] Level 1:colcon.colcon_core.package_identification:_identify(src/ai-worker-sim) by extension 'python'
[0.968s] Level 1:colcon.colcon_core.package_identification:_identify(src/ai-worker-sim) by extensions ['python_setup_py']
[0.970s] Level 1:colcon.colcon_core.package_identification:_identify(src/ai-worker-sim) by extension 'python_setup_py'
[0.971s] Level 1:colcon.colcon_core.package_identification:_identify(src/ai-worker-sim/ffw_bringup) by extensions ['ignore', 'ignore_ament_install']
[0.983s] Level 1:colcon.colcon_core.package_identification:_identify(src/ai-worker-sim/ffw_bringup) by extension 'ignore'
[0.985s] Level 1:colcon.colcon_core.package_identification:_identify(src/ai-worker-sim/ffw_bringup) by extension 'ignore_ament_install'
[0.992s] Level 1:colcon.colcon_core.package_identification:_identify(src/ai-worker-sim/ffw_bringup) by extensions ['colcon_pkg']
[0.993s] Level 1:colcon.colcon_core.package_identification:_identify(src/ai-worker-sim/ffw_bringup) by extension 'colcon_pkg'
[0.995s] Level 1:colcon.colcon_core.package_identification:_identify(src/ai-worker-sim/ffw_bringup) by extensions ['colcon_meta']
[0.999s] Level 1:colcon.colcon_core.package_identification:_identify(src/ai-worker-sim/ffw_bringup) by extension 'colcon_meta'
[0.999s] Level 1:colcon.colcon_core.package_identification:_identify(src/ai-worker-sim/ffw_bringup) by extensions ['ros']
[0.999s] Level 1:colcon.colcon_core.package_identification:_identify(src/ai-worker-sim/ffw_bringup) by extension 'ros'
[1.012s] DEBUG:colcon.colcon_core.package_identification:Package 'src/ai-worker-sim/ffw_bringup' with type 'ros.ament_python' and name 'ffw_bringup'
[1.013s] Level 1:colcon.colcon_core.package_identification:_identify(src/ai-worker-sim/ffw_description) by extensions ['ignore', 'ignore_ament_install']
[1.018s] Level 1:colcon.colcon_core.package_identification:_identify(src/ai-worker-sim/ffw_description) by extension 'ignore'
[1.020s] Level 1:colcon.colcon_core.package_identification:_identify(src/ai-worker-sim/ffw_description) by extension 'ignore_ament_install'
[1.027s] Level 1:colcon.colcon_core.package_identification:_identify(src/ai-worker-sim/ffw_description) by extensions ['colcon_pkg']
[1.029s] Level 1:colcon.colcon_core.package_identification:_identify(src/ai-worker-sim/ffw_description) by extension 'colcon_pkg'
[1.031s] Level 1:colcon.colcon_core.package_identification:_identify(src/ai-worker-sim/ffw_description) by extensions ['colcon_meta']
[1.033s] Level 1:colcon.colcon_core.package_identification:_identify(src/ai-worker-sim/ffw_description) by extension 'colcon_meta'
[1.033s] Level 1:colcon.colcon_core.package_identification:_identify(src/ai-worker-sim/ffw_description) by extensions ['ros']
[1.034s] Level 1:colcon.colcon_core.package_identification:_identify(src/ai-worker-sim/ffw_description) by extension 'ros'
[1.045s] DEBUG:colcon.colcon_core.package_identification:Package 'src/ai-worker-sim/ffw_description' with type 'ros.ament_cmake' and name 'ffw_description'
[1.047s] Level 1:colcon.colcon_core.package_identification:_identify(src/ai-worker-sim/ffw_moveit_config) by extensions ['ignore', 'ignore_ament_install']
[1.051s] Level 1:colcon.colcon_core.package_identification:_identify(src/ai-worker-sim/ffw_moveit_config) by extension 'ignore'
[1.054s] Level 1:colcon.colcon_core.package_identification:_identify(src/ai-worker-sim/ffw_moveit_config) by extension 'ignore_ament_install'
[1.060s] Level 1:colcon.colcon_core.package_identification:_identify(src/ai-worker-sim/ffw_moveit_config) by extensions ['colcon_pkg']
[1.060s] Level 1:colcon.colcon_core.package_identification:_identify(src/ai-worker-sim/ffw_moveit_config) by extension 'colcon_pkg'
[1.062s] Level 1:colcon.colcon_core.package_identification:_identify(src/ai-worker-sim/ffw_moveit_config) by extensions ['colcon_meta']
[1.070s] Level 1:colcon.colcon_core.package_identification:_identify(src/ai-worker-sim/ffw_moveit_config) by extension 'colcon_meta'
[1.070s] Level 1:colcon.colcon_core.package_identification:_identify(src/ai-worker-sim/ffw_moveit_config) by extensions ['ros']
[1.070s] Level 1:colcon.colcon_core.package_identification:_identify(src/ai-worker-sim/ffw_moveit_config) by extension 'ros'
[1.076s] DEBUG:colcon.colcon_core.package_identification:Package 'src/ai-worker-sim/ffw_moveit_config' with type 'ros.ament_cmake' and name 'ffw_moveit_config'
[1.077s] Level 1:colcon.colcon_core.package_identification:_identify(src/ai-worker-sim/ffw_navigation) by extensions ['ignore', 'ignore_ament_install']
[1.096s] Level 1:colcon.colcon_core.package_identification:_identify(src/ai-worker-sim/ffw_navigation) by extension 'ignore'
[1.098s] Level 1:colcon.colcon_core.package_identification:_identify(src/ai-worker-sim/ffw_navigation) by extension 'ignore_ament_install'
[1.109s] Level 1:colcon.colcon_core.package_identification:_identify(src/ai-worker-sim/ffw_navigation) by extensions ['colcon_pkg']
[1.115s] Level 1:colcon.colcon_core.package_identification:_identify(src/ai-worker-sim/ffw_navigation) by extension 'colcon_pkg'
[1.117s] Level 1:colcon.colcon_core.package_identification:_identify(src/ai-worker-sim/ffw_navigation) by extensions ['colcon_meta']
[1.124s] Level 1:colcon.colcon_core.package_identification:_identify(src/ai-worker-sim/ffw_navigation) by extension 'colcon_meta'
[1.124s] Level 1:colcon.colcon_core.package_identification:_identify(src/ai-worker-sim/ffw_navigation) by extensions ['ros']
[1.124s] Level 1:colcon.colcon_core.package_identification:_identify(src/ai-worker-sim/ffw_navigation) by extension 'ros'
[1.132s] DEBUG:colcon.colcon_core.package_identification:Package 'src/ai-worker-sim/ffw_navigation' with type 'ros.ament_cmake' and name 'ffw_navigation'
[1.134s] Level 1:colcon.colcon_core.package_identification:_identify(src/ai-worker-sim/ffw_swerve_drive_controller) by extensions ['ignore', 'ignore_ament_install']
[1.142s] Level 1:colcon.colcon_core.package_identification:_identify(src/ai-worker-sim/ffw_swerve_drive_controller) by extension 'ignore'
[1.150s] Level 1:colcon.colcon_core.package_identification:_identify(src/ai-worker-sim/ffw_swerve_drive_controller) by extension 'ignore_ament_install'
[1.164s] Level 1:colcon.colcon_core.package_identification:_identify(src/ai-worker-sim/ffw_swerve_drive_controller) by extensions ['colcon_pkg']
[1.168s] Level 1:colcon.colcon_core.package_identification:_identify(src/ai-worker-sim/ffw_swerve_drive_controller) by extension 'colcon_pkg'
[1.180s] Level 1:colcon.colcon_core.package_identification:_identify(src/ai-worker-sim/ffw_swerve_drive_controller) by extensions ['colcon_meta']
[1.183s] Level 1:colcon.colcon_core.package_identification:_identify(src/ai-worker-sim/ffw_swerve_drive_controller) by extension 'colcon_meta'
[1.189s] Level 1:colcon.colcon_core.package_identification:_identify(src/ai-worker-sim/ffw_swerve_drive_controller) by extensions ['ros']
[1.189s] Level 1:colcon.colcon_core.package_identification:_identify(src/ai-worker-sim/ffw_swerve_drive_controller) by extension 'ros'
[1.205s] DEBUG:colcon.colcon_core.package_identification:Package 'src/ai-worker-sim/ffw_swerve_drive_controller' with type 'ros.ament_cmake' and name 'ffw_swerve_drive_controller'
[1.206s] Level 1:colcon.colcon_core.package_identification:_identify(src/ai-worker-sim/ffw_teleop) by extensions ['ignore', 'ignore_ament_install']
[1.216s] Level 1:colcon.colcon_core.package_identification:_identify(src/ai-worker-sim/ffw_teleop) by extension 'ignore'
[1.219s] Level 1:colcon.colcon_core.package_identification:_identify(src/ai-worker-sim/ffw_teleop) by extension 'ignore_ament_install'
[1.230s] Level 1:colcon.colcon_core.package_identification:_identify(src/ai-worker-sim/ffw_teleop) by extensions ['colcon_pkg']
[1.234s] Level 1:colcon.colcon_core.package_identification:_identify(src/ai-worker-sim/ffw_teleop) by extension 'colcon_pkg'
[1.237s] Level 1:colcon.colcon_core.package_identification:_identify(src/ai-worker-sim/ffw_teleop) by extensions ['colcon_meta']
[1.242s] Level 1:colcon.colcon_core.package_identification:_identify(src/ai-worker-sim/ffw_teleop) by extension 'colcon_meta'
[1.242s] Level 1:colcon.colcon_core.package_identification:_identify(src/ai-worker-sim/ffw_teleop) by extensions ['ros']
[1.242s] Level 1:colcon.colcon_core.package_identification:_identify(src/ai-worker-sim/ffw_teleop) by extension 'ros'
[1.255s] DEBUG:colcon.colcon_core.package_identification:Package 'src/ai-worker-sim/ffw_teleop' with type 'ros.ament_python' and name 'ffw_teleop'
[1.256s] Level 1:colcon.colcon_core.package_identification:_identify(src/ai-worker-sim/human_detector) by extensions ['ignore', 'ignore_ament_install']
[1.264s] Level 1:colcon.colcon_core.package_identification:_identify(src/ai-worker-sim/human_detector) by extension 'ignore'
[1.267s] Level 1:colcon.colcon_core.package_identification:_identify(src/ai-worker-sim/human_detector) by extension 'ignore_ament_install'
[1.274s] Level 1:colcon.colcon_core.package_identification:_identify(src/ai-worker-sim/human_detector) by extensions ['colcon_pkg']
[1.279s] Level 1:colcon.colcon_core.package_identification:_identify(src/ai-worker-sim/human_detector) by extension 'colcon_pkg'
[1.281s] Level 1:colcon.colcon_core.package_identification:_identify(src/ai-worker-sim/human_detector) by extensions ['colcon_meta']
[1.289s] Level 1:colcon.colcon_core.package_identification:_identify(src/ai-worker-sim/human_detector) by extension 'colcon_meta'
[1.289s] Level 1:colcon.colcon_core.package_identification:_identify(src/ai-worker-sim/human_detector) by extensions ['ros']
[1.294s] Level 1:colcon.colcon_core.package_identification:_identify(src/ai-worker-sim/human_detector) by extension 'ros'
[1.306s] DEBUG:colcon.colcon_core.package_identification:Package 'src/ai-worker-sim/human_detector' with type 'ros.ament_python' and name 'human_detector'
[1.307s] Level 1:colcon.colcon_core.package_identification:_identify(src/ai-worker-sim/library_world) by extensions ['ignore', 'ignore_ament_install']
[1.315s] Level 1:colcon.colcon_core.package_identification:_identify(src/ai-worker-sim/library_world) by extension 'ignore'
[1.317s] Level 1:colcon.colcon_core.package_identification:_identify(src/ai-worker-sim/library_world) by extension 'ignore_ament_install'
[1.328s] Level 1:colcon.colcon_core.package_identification:_identify(src/ai-worker-sim/library_world) by extensions ['colcon_pkg']
[1.329s] Level 1:colcon.colcon_core.package_identification:_identify(src/ai-worker-sim/library_world) by extension 'colcon_pkg'
[1.331s] Level 1:colcon.colcon_core.package_identification:_identify(src/ai-worker-sim/library_world) by extensions ['colcon_meta']
[1.334s] Level 1:colcon.colcon_core.package_identification:_identify(src/ai-worker-sim/library_world) by extension 'colcon_meta'
[1.335s] Level 1:colcon.colcon_core.package_identification:_identify(src/ai-worker-sim/library_world) by extensions ['ros']
[1.335s] Level 1:colcon.colcon_core.package_identification:_identify(src/ai-worker-sim/library_world) by extension 'ros'
[1.341s] DEBUG:colcon.colcon_core.package_identification:Package 'src/ai-worker-sim/library_world' with type 'ros.ament_cmake' and name 'library_world'
[1.341s] Level 1:colcon.colcon_core.package_discovery:discover_packages(recursive) using defaults
[1.341s] Level 1:colcon.colcon_core.package_discovery:discover_packages(ignore) discover
[1.341s] Level 1:colcon.colcon_core.package_discovery:discover_packages(ignore) using defaults
[1.341s] Level 1:colcon.colcon_core.package_discovery:discover_packages(path) discover
[1.342s] Level 1:colcon.colcon_core.package_discovery:discover_packages(path) using defaults
[1.430s] Level 1:colcon.colcon_core.package_discovery:discover_packages(prefix_path) check parameters
[1.431s] Level 1:colcon.colcon_core.package_discovery:discover_packages(prefix_path) discover
[1.514s] DEBUG:colcon.colcon_installed_package_information.package_discovery:Found 10 installed packages in /root/workspaces/ros2_ws/install
[1.533s] DEBUG:colcon.colcon_installed_package_information.package_discovery:Found 3 installed packages in /root/workspaces/turtlebot_ws/install
[1.540s] DEBUG:colcon.colcon_installed_package_information.package_discovery:Found 453 installed packages in /opt/ros/jazzy
[1.550s] Level 1:colcon.colcon_core.package_discovery:discover_packages(prefix_path) using defaults
[1.857s] Level 5:colcon.colcon_core.verb:set package 'ffw_description' build argument 'cmake_args' from command line to 'None'
[1.857s] Level 5:colcon.colcon_core.verb:set package 'ffw_description' build argument 'cmake_target' from command line to 'None'
[1.863s] Level 5:colcon.colcon_core.verb:set package 'ffw_description' build argument 'cmake_target_skip_unavailable' from command line to 'False'
[1.868s] Level 5:colcon.colcon_core.verb:set package 'ffw_description' build argument 'cmake_clean_cache' from command line to 'False'
[1.879s] Level 5:colcon.colcon_core.verb:set package 'ffw_description' build argument 'cmake_clean_first' from command line to 'False'
[1.883s] Level 5:colcon.colcon_core.verb:set package 'ffw_description' build argument 'cmake_force_configure' from command line to 'False'
[1.888s] Level 5:colcon.colcon_core.verb:set package 'ffw_description' build argument 'ament_cmake_args' from command line to 'None'
[1.896s] Level 5:colcon.colcon_core.verb:set package 'ffw_description' build argument 'catkin_cmake_args' from command line to 'None'
[1.908s] Level 5:colcon.colcon_core.verb:set package 'ffw_description' build argument 'catkin_skip_building_tests' from command line to 'False'
[1.913s] DEBUG:colcon.colcon_core.verb:Building package 'ffw_description' with the following arguments: {'ament_cmake_args': None, 'build_base': '/root/workspaces/ros2_ws/build/ffw_description', 'catkin_cmake_args': None, 'catkin_skip_building_tests': False, 'cmake_args': None, 'cmake_clean_cache': False, 'cmake_clean_first': False, 'cmake_force_configure': False, 'cmake_target': None, 'cmake_target_skip_unavailable': False, 'install_base': '/root/workspaces/ros2_ws/install/ffw_description', 'merge_install': False, 'path': '/root/workspaces/ros2_ws/src/ai-worker-sim/ffw_description', 'symlink_install': False, 'test_result_base': None}
[1.929s] Level 5:colcon.colcon_core.verb:set package 'ffw_moveit_config' build argument 'cmake_args' from command line to 'None'
[1.938s] Level 5:colcon.colcon_core.verb:set package 'ffw_moveit_config' build argument 'cmake_target' from command line to 'None'
[1.943s] Level 5:colcon.colcon_core.verb:set package 'ffw_moveit_config' build argument 'cmake_target_skip_unavailable' from command line to 'False'
[1.943s] Level 5:colcon.colcon_core.verb:set package 'ffw_moveit_config' build argument 'cmake_clean_cache' from command line to 'False'
[1.944s] Level 5:colcon.colcon_core.verb:set package 'ffw_moveit_config' build argument 'cmake_clean_first' from command line to 'False'
[1.944s] Level 5:colcon.colcon_core.verb:set package 'ffw_moveit_config' build argument 'cmake_force_configure' from command line to 'False'
[1.944s] Level 5:colcon.colcon_core.verb:set package 'ffw_moveit_config' build argument 'ament_cmake_args' from command line to 'None'
[1.944s] Level 5:colcon.colcon_core.verb:set package 'ffw_moveit_config' build argument 'catkin_cmake_args' from command line to 'None'
[1.954s] Level 5:colcon.colcon_core.verb:set package 'ffw_moveit_config' build argument 'catkin_skip_building_tests' from command line to 'False'
[1.962s] DEBUG:colcon.colcon_core.verb:Building package 'ffw_moveit_config' with the following arguments: {'ament_cmake_args': None, 'build_base': '/root/workspaces/ros2_ws/build/ffw_moveit_config', 'catkin_cmake_args': None, 'catkin_skip_building_tests': False, 'cmake_args': None, 'cmake_clean_cache': False, 'cmake_clean_first': False, 'cmake_force_configure': False, 'cmake_target': None, 'cmake_target_skip_unavailable': False, 'install_base': '/root/workspaces/ros2_ws/install/ffw_moveit_config', 'merge_install': False, 'path': '/root/workspaces/ros2_ws/src/ai-worker-sim/ffw_moveit_config', 'symlink_install': False, 'test_result_base': None}
[1.968s] Level 5:colcon.colcon_core.verb:set package 'ffw_navigation' build argument 'cmake_args' from command line to 'None'
[1.973s] Level 5:colcon.colcon_core.verb:set package 'ffw_navigation' build argument 'cmake_target' from command line to 'None'
[1.978s] Level 5:colcon.colcon_core.verb:set package 'ffw_navigation' build argument 'cmake_target_skip_unavailable' from command line to 'False'
[1.987s] Level 5:colcon.colcon_core.verb:set package 'ffw_navigation' build argument 'cmake_clean_cache' from command line to 'False'
[1.996s] Level 5:colcon.colcon_core.verb:set package 'ffw_navigation' build argument 'cmake_clean_first' from command line to 'False'
[2.006s] Level 5:colcon.colcon_core.verb:set package 'ffw_navigation' build argument 'cmake_force_configure' from command line to 'False'
[2.017s] Level 5:colcon.colcon_core.verb:set package 'ffw_navigation' build argument 'ament_cmake_args' from command line to 'None'
[2.025s] Level 5:colcon.colcon_core.verb:set package 'ffw_navigation' build argument 'catkin_cmake_args' from command line to 'None'
[2.031s] Level 5:colcon.colcon_core.verb:set package 'ffw_navigation' build argument 'catkin_skip_building_tests' from command line to 'False'
[2.040s] DEBUG:colcon.colcon_core.verb:Building package 'ffw_navigation' with the following arguments: {'ament_cmake_args': None, 'build_base': '/root/workspaces/ros2_ws/build/ffw_navigation', 'catkin_cmake_args': None, 'catkin_skip_building_tests': False, 'cmake_args': None, 'cmake_clean_cache': False, 'cmake_clean_first': False, 'cmake_force_configure': False, 'cmake_target': None, 'cmake_target_skip_unavailable': False, 'install_base': '/root/workspaces/ros2_ws/install/ffw_navigation', 'merge_install': False, 'path': '/root/workspaces/ros2_ws/src/ai-worker-sim/ffw_navigation', 'symlink_install': False, 'test_result_base': None}
[2.049s] Level 5:colcon.colcon_core.verb:set package 'ffw_swerve_drive_controller' build argument 'cmake_args' from command line to 'None'
[2.058s] Level 5:colcon.colcon_core.verb:set package 'ffw_swerve_drive_controller' build argument 'cmake_target' from command line to 'None'
[2.063s] Level 5:colcon.colcon_core.verb:set package 'ffw_swerve_drive_controller' build argument 'cmake_target_skip_unavailable' from command line to 'False'
[2.076s] Level 5:colcon.colcon_core.verb:set package 'ffw_swerve_drive_controller' build argument 'cmake_clean_cache' from command line to 'False'
[2.085s] Level 5:colcon.colcon_core.verb:set package 'ffw_swerve_drive_controller' build argument 'cmake_clean_first' from command line to 'False'
[2.089s] Level 5:colcon.colcon_core.verb:set package 'ffw_swerve_drive_controller' build argument 'cmake_force_configure' from command line to 'False'
[2.090s] Level 5:colcon.colcon_core.verb:set package 'ffw_swerve_drive_controller' build argument 'ament_cmake_args' from command line to 'None'
[2.090s] Level 5:colcon.colcon_core.verb:set package 'ffw_swerve_drive_controller' build argument 'catkin_cmake_args' from command line to 'None'
[2.090s] Level 5:colcon.colcon_core.verb:set package 'ffw_swerve_drive_controller' build argument 'catkin_skip_building_tests' from command line to 'False'
[2.090s] DEBUG:colcon.colcon_core.verb:Building package 'ffw_swerve_drive_controller' with the following arguments: {'ament_cmake_args': None, 'build_base': '/root/workspaces/ros2_ws/build/ffw_swerve_drive_controller', 'catkin_cmake_args': None, 'catkin_skip_building_tests': False, 'cmake_args': None, 'cmake_clean_cache': False, 'cmake_clean_first': False, 'cmake_force_configure': False, 'cmake_target': None, 'cmake_target_skip_unavailable': False, 'install_base': '/root/workspaces/ros2_ws/install/ffw_swerve_drive_controller', 'merge_install': False, 'path': '/root/workspaces/ros2_ws/src/ai-worker-sim/ffw_swerve_drive_controller', 'symlink_install': False, 'test_result_base': None}
[2.097s] Level 5:colcon.colcon_core.verb:set package 'ffw_teleop' build argument 'cmake_args' from command line to 'None'
[2.102s] Level 5:colcon.colcon_core.verb:set package 'ffw_teleop' build argument 'cmake_target' from command line to 'None'
[2.102s] Level 5:colcon.colcon_core.verb:set package 'ffw_teleop' build argument 'cmake_target_skip_unavailable' from command line to 'False'
[2.102s] Level 5:colcon.colcon_core.verb:set package 'ffw_teleop' build argument 'cmake_clean_cache' from command line to 'False'
[2.107s] Level 5:colcon.colcon_core.verb:set package 'ffw_teleop' build argument 'cmake_clean_first' from command line to 'False'
[2.114s] Level 5:colcon.colcon_core.verb:set package 'ffw_teleop' build argument 'cmake_force_configure' from command line to 'False'
[2.123s] Level 5:colcon.colcon_core.verb:set package 'ffw_teleop' build argument 'ament_cmake_args' from command line to 'None'
[2.141s] Level 5:colcon.colcon_core.verb:set package 'ffw_teleop' build argument 'catkin_cmake_args' from command line to 'None'
[2.147s] Level 5:colcon.colcon_core.verb:set package 'ffw_teleop' build argument 'catkin_skip_building_tests' from command line to 'False'
[2.157s] DEBUG:colcon.colcon_core.verb:Building package 'ffw_teleop' with the following arguments: {'ament_cmake_args': None, 'build_base': '/root/workspaces/ros2_ws/build/ffw_teleop', 'catkin_cmake_args': None, 'catkin_skip_building_tests': False, 'cmake_args': None, 'cmake_clean_cache': False, 'cmake_clean_first': False, 'cmake_force_configure': False, 'cmake_target': None, 'cmake_target_skip_unavailable': False, 'install_base': '/root/workspaces/ros2_ws/install/ffw_teleop', 'merge_install': False, 'path': '/root/workspaces/ros2_ws/src/ai-worker-sim/ffw_teleop', 'symlink_install': False, 'test_result_base': None}
[2.163s] Level 5:colcon.colcon_core.verb:set package 'human_detector' build argument 'cmake_args' from command line to 'None'
[2.168s] Level 5:colcon.colcon_core.verb:set package 'human_detector' build argument 'cmake_target' from command line to 'None'
[2.192s] Level 5:colcon.colcon_core.verb:set package 'human_detector' build argument 'cmake_target_skip_unavailable' from command line to 'False'
[2.203s] Level 5:colcon.colcon_core.verb:set package 'human_detector' build argument 'cmake_clean_cache' from command line to 'False'
[2.208s] Level 5:colcon.colcon_core.verb:set package 'human_detector' build argument 'cmake_clean_first' from command line to 'False'
[2.213s] Level 5:colcon.colcon_core.verb:set package 'human_detector' build argument 'cmake_force_configure' from command line to 'False'
[2.219s] Level 5:colcon.colcon_core.verb:set package 'human_detector' build argument 'ament_cmake_args' from command line to 'None'
[2.229s] Level 5:colcon.colcon_core.verb:set package 'human_detector' build argument 'catkin_cmake_args' from command line to 'None'
[2.237s] Level 5:colcon.colcon_core.verb:set package 'human_detector' build argument 'catkin_skip_building_tests' from command line to 'False'
[2.238s] DEBUG:colcon.colcon_core.verb:Building package 'human_detector' with the following arguments: {'ament_cmake_args': None, 'build_base': '/root/workspaces/ros2_ws/build/human_detector', 'catkin_cmake_args': None, 'catkin_skip_building_tests': False, 'cmake_args': None, 'cmake_clean_cache': False, 'cmake_clean_first': False, 'cmake_force_configure': False, 'cmake_target': None, 'cmake_target_skip_unavailable': False, 'install_base': '/root/workspaces/ros2_ws/install/human_detector', 'merge_install': False, 'path': '/root/workspaces/ros2_ws/src/ai-worker-sim/human_detector', 'symlink_install': False, 'test_result_base': None}
[2.255s] Level 5:colcon.colcon_core.verb:set package 'library_world' build argument 'cmake_args' from command line to 'None'
[2.265s] Level 5:colcon.colcon_core.verb:set package 'library_world' build argument 'cmake_target' from command line to 'None'
[2.270s] Level 5:colcon.colcon_core.verb:set package 'library_world' build argument 'cmake_target_skip_unavailable' from command line to 'False'
[2.276s] Level 5:colcon.colcon_core.verb:set package 'library_world' build argument 'cmake_clean_cache' from command line to 'False'
[2.286s] Level 5:colcon.colcon_core.verb:set package 'library_world' build argument 'cmake_clean_first' from command line to 'False'
[2.291s] Level 5:colcon.colcon_core.verb:set package 'library_world' build argument 'cmake_force_configure' from command line to 'False'
[2.296s] Level 5:colcon.colcon_core.verb:set package 'library_world' build argument 'ament_cmake_args' from command line to 'None'
[2.310s] Level 5:colcon.colcon_core.verb:set package 'library_world' build argument 'catkin_cmake_args' from command line to 'None'
[2.319s] Level 5:colcon.colcon_core.verb:set package 'library_world' build argument 'catkin_skip_building_tests' from command line to 'False'
[2.327s] DEBUG:colcon.colcon_core.verb:Building package 'library_world' with the following arguments: {'ament_cmake_args': None, 'build_base': '/root/workspaces/ros2_ws/build/library_world', 'catkin_cmake_args': None, 'catkin_skip_building_tests': False, 'cmake_args': None, 'cmake_clean_cache': False, 'cmake_clean_first': False, 'cmake_force_configure': False, 'cmake_target': None, 'cmake_target_skip_unavailable': False, 'install_base': '/root/workspaces/ros2_ws/install/library_world', 'merge_install': False, 'path': '/root/workspaces/ros2_ws/src/ai-worker-sim/library_world', 'symlink_install': False, 'test_result_base': None}
[2.333s] Level 5:colcon.colcon_core.verb:set package 'warehouse_worlds' build argument 'cmake_args' from command line to 'None'
[2.348s] Level 5:colcon.colcon_core.verb:set package 'warehouse_worlds' build argument 'cmake_target' from command line to 'None'
[2.357s] Level 5:colcon.colcon_core.verb:set package 'warehouse_worlds' build argument 'cmake_target_skip_unavailable' from command line to 'False'
[2.364s] Level 5:colcon.colcon_core.verb:set package 'warehouse_worlds' build argument 'cmake_clean_cache' from command line to 'False'
[2.369s] Level 5:colcon.colcon_core.verb:set package 'warehouse_worlds' build argument 'cmake_clean_first' from command line to 'False'
[2.378s] Level 5:colcon.colcon_core.verb:set package 'warehouse_worlds' build argument 'cmake_force_configure' from command line to 'False'
[2.387s] Level 5:colcon.colcon_core.verb:set package 'warehouse_worlds' build argument 'ament_cmake_args' from command line to 'None'
[2.394s] Level 5:colcon.colcon_core.verb:set package 'warehouse_worlds' build argument 'catkin_cmake_args' from command line to 'None'
[2.398s] Level 5:colcon.colcon_core.verb:set package 'warehouse_worlds' build argument 'catkin_skip_building_tests' from command line to 'False'
[2.404s] DEBUG:colcon.colcon_core.verb:Building package 'warehouse_worlds' with the following arguments: {'ament_cmake_args': None, 'build_base': '/root/workspaces/ros2_ws/build/warehouse_worlds', 'catkin_cmake_args': None, 'catkin_skip_building_tests': False, 'cmake_args': None, 'cmake_clean_cache': False, 'cmake_clean_first': False, 'cmake_force_configure': False, 'cmake_target': None, 'cmake_target_skip_unavailable': False, 'install_base': '/root/workspaces/ros2_ws/install/warehouse_worlds', 'merge_install': False, 'path': '/root/workspaces/ros2_ws/src/Gazebo_worlds/warehouse_worlds', 'symlink_install': False, 'test_result_base': None}
[2.405s] Level 5:colcon.colcon_core.verb:set package 'ffw_bringup' build argument 'cmake_args' from command line to 'None'
[2.405s] Level 5:colcon.colcon_core.verb:set package 'ffw_bringup' build argument 'cmake_target' from command line to 'None'
[2.405s] Level 5:colcon.colcon_core.verb:set package 'ffw_bringup' build argument 'cmake_target_skip_unavailable' from command line to 'False'
[2.405s] Level 5:colcon.colcon_core.verb:set package 'ffw_bringup' build argument 'cmake_clean_cache' from command line to 'False'
[2.405s] Level 5:colcon.colcon_core.verb:set package 'ffw_bringup' build argument 'cmake_clean_first' from command line to 'False'
[2.405s] Level 5:colcon.colcon_core.verb:set package 'ffw_bringup' build argument 'cmake_force_configure' from command line to 'False'
[2.405s] Level 5:colcon.colcon_core.verb:set package 'ffw_bringup' build argument 'ament_cmake_args' from command line to 'None'
[2.405s] Level 5:colcon.colcon_core.verb:set package 'ffw_bringup' build argument 'catkin_cmake_args' from command line to 'None'
[2.405s] Level 5:colcon.colcon_core.verb:set package 'ffw_bringup' build argument 'catkin_skip_building_tests' from command line to 'False'
[2.405s] DEBUG:colcon.colcon_core.verb:Building package 'ffw_bringup' with the following arguments: {'ament_cmake_args': None, 'build_base': '/root/workspaces/ros2_ws/build/ffw_bringup', 'catkin_cmake_args': None, 'catkin_skip_building_tests': False, 'cmake_args': None, 'cmake_clean_cache': False, 'cmake_clean_first': False, 'cmake_force_configure': False, 'cmake_target': None, 'cmake_target_skip_unavailable': False, 'install_base': '/root/workspaces/ros2_ws/install/ffw_bringup', 'merge_install': False, 'path': '/root/workspaces/ros2_ws/src/ai-worker-sim/ffw_bringup', 'symlink_install': False, 'test_result_base': None}
[2.405s] INFO:colcon.colcon_core.executor:Executing jobs using 'parallel' executor
[2.408s] DEBUG:colcon.colcon_parallel_executor.executor.parallel:run_until_complete
[2.412s] INFO:colcon.colcon_ros.task.ament_cmake.build:Building ROS package in '/root/workspaces/ros2_ws/src/ai-worker-sim/ffw_description' with build type 'ament_cmake'
[2.420s] INFO:colcon.colcon_cmake.task.cmake.build:Building CMake package in '/root/workspaces/ros2_ws/src/ai-worker-sim/ffw_description'
[2.434s] INFO:colcon.colcon_core.plugin_system:Skipping extension 'colcon_core.shell.bat': Not used on non-Windows systems
[2.434s] INFO:colcon.colcon_core.shell:Skip shell extension 'powershell' for command environment: Not usable outside of PowerShell
[2.434s] DEBUG:colcon.colcon_core.shell:Skip shell extension 'dsv' for command environment
[2.522s] INFO:colcon.colcon_ros.task.ament_cmake.build:Building ROS package in '/root/workspaces/ros2_ws/src/ai-worker-sim/ffw_moveit_config' with build type 'ament_cmake'
[2.523s] INFO:colcon.colcon_cmake.task.cmake.build:Building CMake package in '/root/workspaces/ros2_ws/src/ai-worker-sim/ffw_moveit_config'
[2.529s] INFO:colcon.colcon_core.shell:Skip shell extension 'powershell' for command environment: Not usable outside of PowerShell
[2.529s] DEBUG:colcon.colcon_core.shell:Skip shell extension 'dsv' for command environment
[2.614s] INFO:colcon.colcon_ros.task.ament_cmake.build:Building ROS package in '/root/workspaces/ros2_ws/src/ai-worker-sim/ffw_navigation' with build type 'ament_cmake'
[2.615s] INFO:colcon.colcon_cmake.task.cmake.build:Building CMake package in '/root/workspaces/ros2_ws/src/ai-worker-sim/ffw_navigation'
[2.624s] INFO:colcon.colcon_core.shell:Skip shell extension 'powershell' for command environment: Not usable outside of PowerShell
[2.624s] DEBUG:colcon.colcon_core.shell:Skip shell extension 'dsv' for command environment
[2.698s] INFO:colcon.colcon_ros.task.ament_cmake.build:Building ROS package in '/root/workspaces/ros2_ws/src/ai-worker-sim/ffw_swerve_drive_controller' with build type 'ament_cmake'
[2.699s] INFO:colcon.colcon_cmake.task.cmake.build:Building CMake package in '/root/workspaces/ros2_ws/src/ai-worker-sim/ffw_swerve_drive_controller'
[2.710s] INFO:colcon.colcon_core.shell:Skip shell extension 'powershell' for command environment: Not usable outside of PowerShell
[2.710s] DEBUG:colcon.colcon_core.shell:Skip shell extension 'dsv' for command environment
[2.955s] DEBUG:colcon.colcon_core.event_handler.log_command:Invoking command in '/root/workspaces/ros2_ws/build/ffw_description': CMAKE_PREFIX_PATH=${CMAKE_PREFIX_PATH}:/root/workspaces/ros2_ws/install/human_detector:/root/workspaces/ros2_ws/install/ffw_teleop:/root/workspaces/ros2_ws/install/ffw_bringup:/opt/ros/jazzy /usr/bin/cmake --build /root/workspaces/ros2_ws/build/ffw_description -- -j4 -l4
[3.026s] DEBUG:colcon.colcon_core.event_handler.log_command:Invoking command in '/root/workspaces/ros2_ws/build/ffw_moveit_config': CMAKE_PREFIX_PATH=${CMAKE_PREFIX_PATH}:/root/workspaces/ros2_ws/install/human_detector:/root/workspaces/ros2_ws/install/ffw_teleop:/root/workspaces/ros2_ws/install/ffw_bringup:/opt/ros/jazzy /usr/bin/cmake --build /root/workspaces/ros2_ws/build/ffw_moveit_config -- -j4 -l4
[3.133s] DEBUG:colcon.colcon_core.event_handler.log_command:Invoking command in '/root/workspaces/ros2_ws/build/ffw_navigation': CMAKE_PREFIX_PATH=${CMAKE_PREFIX_PATH}:/root/workspaces/ros2_ws/install/human_detector:/root/workspaces/ros2_ws/install/ffw_teleop:/root/workspaces/ros2_ws/install/ffw_bringup:/opt/ros/jazzy /usr/bin/cmake --build /root/workspaces/ros2_ws/build/ffw_navigation -- -j4 -l4
[3.213s] DEBUG:colcon.colcon_core.event_handler.log_command:Invoking command in '/root/workspaces/ros2_ws/build/ffw_swerve_drive_controller': CMAKE_PREFIX_PATH=${CMAKE_PREFIX_PATH}:/root/workspaces/ros2_ws/install/human_detector:/root/workspaces/ros2_ws/install/ffw_teleop:/root/workspaces/ros2_ws/install/ffw_bringup:/opt/ros/jazzy /usr/bin/cmake --build /root/workspaces/ros2_ws/build/ffw_swerve_drive_controller -- -j4 -l4
[3.214s] DEBUG:colcon.colcon_core.event_handler.log_command:Invoked command in '/root/workspaces/ros2_ws/build/ffw_description' returned '0': CMAKE_PREFIX_PATH=${CMAKE_PREFIX_PATH}:/root/workspaces/ros2_ws/install/human_detector:/root/workspaces/ros2_ws/install/ffw_teleop:/root/workspaces/ros2_ws/install/ffw_bringup:/opt/ros/jazzy /usr/bin/cmake --build /root/workspaces/ros2_ws/build/ffw_description -- -j4 -l4
[3.267s] DEBUG:colcon.colcon_core.event_handler.log_command:Invoking command in '/root/workspaces/ros2_ws/build/ffw_description': CMAKE_PREFIX_PATH=${CMAKE_PREFIX_PATH}:/root/workspaces/ros2_ws/install/human_detector:/root/workspaces/ros2_ws/install/ffw_teleop:/root/workspaces/ros2_ws/install/ffw_bringup:/opt/ros/jazzy /usr/bin/cmake --install /root/workspaces/ros2_ws/build/ffw_description
[3.365s] DEBUG:colcon.colcon_core.event_handler.log_command:Invoked command in '/root/workspaces/ros2_ws/build/ffw_moveit_config' returned '0': CMAKE_PREFIX_PATH=${CMAKE_PREFIX_PATH}:/root/workspaces/ros2_ws/install/human_detector:/root/workspaces/ros2_ws/install/ffw_teleop:/root/workspaces/ros2_ws/install/ffw_bringup:/opt/ros/jazzy /usr/bin/cmake --build /root/workspaces/ros2_ws/build/ffw_moveit_config -- -j4 -l4
[3.382s] DEBUG:colcon.colcon_core.event_handler.log_command:Invoking command in '/root/workspaces/ros2_ws/build/ffw_moveit_config': CMAKE_PREFIX_PATH=${CMAKE_PREFIX_PATH}:/root/workspaces/ros2_ws/install/human_detector:/root/workspaces/ros2_ws/install/ffw_teleop:/root/workspaces/ros2_ws/install/ffw_bringup:/opt/ros/jazzy /usr/bin/cmake --install /root/workspaces/ros2_ws/build/ffw_moveit_config
[3.815s] Level 1:colcon.colcon_core.environment:create_environment_scripts_only(ffw_moveit_config)
[3.820s] Level 1:colcon.colcon_core.environment:checking '/root/workspaces/ros2_ws/install/ffw_moveit_config' for CMake module files
[3.842s] Level 1:colcon.colcon_core.environment:checking '/root/workspaces/ros2_ws/install/ffw_moveit_config' for CMake config files
[3.854s] Level 1:colcon.colcon_core.shell:create_environment_hook('ffw_moveit_config', 'cmake_prefix_path')
[3.855s] INFO:colcon.colcon_core.shell:Creating environment hook '/root/workspaces/ros2_ws/install/ffw_moveit_config/share/ffw_moveit_config/hook/cmake_prefix_path.ps1'
[3.876s] INFO:colcon.colcon_core.shell:Creating environment descriptor '/root/workspaces/ros2_ws/install/ffw_moveit_config/share/ffw_moveit_config/hook/cmake_prefix_path.dsv'
[3.888s] DEBUG:colcon.colcon_core.event_handler.log_command:Invoked command in '/root/workspaces/ros2_ws/build/ffw_navigation' returned '0': CMAKE_PREFIX_PATH=${CMAKE_PREFIX_PATH}:/root/workspaces/ros2_ws/install/human_detector:/root/workspaces/ros2_ws/install/ffw_teleop:/root/workspaces/ros2_ws/install/ffw_bringup:/opt/ros/jazzy /usr/bin/cmake --build /root/workspaces/ros2_ws/build/ffw_navigation -- -j4 -l4
[3.895s] INFO:colcon.colcon_core.shell:Creating environment hook '/root/workspaces/ros2_ws/install/ffw_moveit_config/share/ffw_moveit_config/hook/cmake_prefix_path.sh'
[3.921s] DEBUG:colcon.colcon_core.event_handler.log_command:Invoking command in '/root/workspaces/ros2_ws/build/ffw_navigation': CMAKE_PREFIX_PATH=${CMAKE_PREFIX_PATH}:/root/workspaces/ros2_ws/install/human_detector:/root/workspaces/ros2_ws/install/ffw_teleop:/root/workspaces/ros2_ws/install/ffw_bringup:/opt/ros/jazzy /usr/bin/cmake --install /root/workspaces/ros2_ws/build/ffw_navigation
[3.922s] Level 1:colcon.colcon_core.environment:checking '/root/workspaces/ros2_ws/install/ffw_moveit_config/bin'
[3.923s] Level 1:colcon.colcon_core.environment:checking '/root/workspaces/ros2_ws/install/ffw_moveit_config/lib/pkgconfig/ffw_moveit_config.pc'
[3.923s] Level 1:colcon.colcon_core.environment:checking '/root/workspaces/ros2_ws/install/ffw_moveit_config/lib/python3.12/site-packages'
[3.924s] Level 1:colcon.colcon_core.environment:checking '/root/workspaces/ros2_ws/install/ffw_moveit_config/bin'
[3.924s] INFO:colcon.colcon_core.shell:Creating package script '/root/workspaces/ros2_ws/install/ffw_moveit_config/share/ffw_moveit_config/package.ps1'
[3.944s] INFO:colcon.colcon_core.shell:Creating package descriptor '/root/workspaces/ros2_ws/install/ffw_moveit_config/share/ffw_moveit_config/package.dsv'
[3.965s] INFO:colcon.colcon_core.shell:Creating package script '/root/workspaces/ros2_ws/install/ffw_moveit_config/share/ffw_moveit_config/package.sh'
[3.984s] INFO:colcon.colcon_core.shell:Creating package script '/root/workspaces/ros2_ws/install/ffw_moveit_config/share/ffw_moveit_config/package.bash'
[4.041s] INFO:colcon.colcon_core.shell:Creating package script '/root/workspaces/ros2_ws/install/ffw_moveit_config/share/ffw_moveit_config/package.zsh'
[4.062s] Level 1:colcon.colcon_core.environment:create_file_with_runtime_dependencies(/root/workspaces/ros2_ws/install/ffw_moveit_config/share/colcon-core/packages/ffw_moveit_config)
[4.086s] Level 1:colcon.colcon_core.environment:create_environment_scripts_only(ffw_moveit_config)
[4.087s] Level 1:colcon.colcon_core.environment:checking '/root/workspaces/ros2_ws/install/ffw_moveit_config' for CMake module files
[4.093s] Level 1:colcon.colcon_core.environment:checking '/root/workspaces/ros2_ws/install/ffw_moveit_config' for CMake config files
[4.105s] Level 1:colcon.colcon_core.shell:create_environment_hook('ffw_moveit_config', 'cmake_prefix_path')
[4.106s] INFO:colcon.colcon_core.shell:Creating environment hook '/root/workspaces/ros2_ws/install/ffw_moveit_config/share/ffw_moveit_config/hook/cmake_prefix_path.ps1'
[4.126s] INFO:colcon.colcon_core.shell:Creating environment descriptor '/root/workspaces/ros2_ws/install/ffw_moveit_config/share/ffw_moveit_config/hook/cmake_prefix_path.dsv'
[4.142s] DEBUG:colcon.colcon_core.event_handler.log_command:Invoked command in '/root/workspaces/ros2_ws/build/ffw_moveit_config' returned '0': CMAKE_PREFIX_PATH=${CMAKE_PREFIX_PATH}:/root/workspaces/ros2_ws/install/human_detector:/root/workspaces/ros2_ws/install/ffw_teleop:/root/workspaces/ros2_ws/install/ffw_bringup:/opt/ros/jazzy /usr/bin/cmake --install /root/workspaces/ros2_ws/build/ffw_moveit_config
[4.145s] INFO:colcon.colcon_core.shell:Creating environment hook '/root/workspaces/ros2_ws/install/ffw_moveit_config/share/ffw_moveit_config/hook/cmake_prefix_path.sh'
[4.164s] Level 1:colcon.colcon_core.environment:checking '/root/workspaces/ros2_ws/install/ffw_moveit_config/bin'
[4.165s] Level 1:colcon.colcon_core.environment:checking '/root/workspaces/ros2_ws/install/ffw_moveit_config/lib/pkgconfig/ffw_moveit_config.pc'
[4.165s] Level 1:colcon.colcon_core.environment:checking '/root/workspaces/ros2_ws/install/ffw_moveit_config/lib/python3.12/site-packages'
[4.166s] Level 1:colcon.colcon_core.environment:checking '/root/workspaces/ros2_ws/install/ffw_moveit_config/bin'
[4.166s] INFO:colcon.colcon_core.shell:Creating package script '/root/workspaces/ros2_ws/install/ffw_moveit_config/share/ffw_moveit_config/package.ps1'
[4.184s] INFO:colcon.colcon_core.shell:Creating package descriptor '/root/workspaces/ros2_ws/install/ffw_moveit_config/share/ffw_moveit_config/package.dsv'
[4.207s] INFO:colcon.colcon_core.shell:Creating package script '/root/workspaces/ros2_ws/install/ffw_moveit_config/share/ffw_moveit_config/package.sh'
[4.224s] INFO:colcon.colcon_core.shell:Creating package script '/root/workspaces/ros2_ws/install/ffw_moveit_config/share/ffw_moveit_config/package.bash'
[4.242s] INFO:colcon.colcon_core.shell:Creating package script '/root/workspaces/ros2_ws/install/ffw_moveit_config/share/ffw_moveit_config/package.zsh'
[4.259s] Level 1:colcon.colcon_core.environment:create_file_with_runtime_dependencies(/root/workspaces/ros2_ws/install/ffw_moveit_config/share/colcon-core/packages/ffw_moveit_config)
[4.279s] INFO:colcon.colcon_ros.task.ament_python.build:Building ROS package in '/root/workspaces/ros2_ws/src/ai-worker-sim/ffw_teleop' with build type 'ament_python'
[4.280s] Level 1:colcon.colcon_core.shell:create_environment_hook('ffw_teleop', 'ament_prefix_path')
[4.280s] INFO:colcon.colcon_core.shell:Creating environment hook '/root/workspaces/ros2_ws/install/ffw_teleop/share/ffw_teleop/hook/ament_prefix_path.ps1'
[4.295s] INFO:colcon.colcon_core.shell:Creating environment descriptor '/root/workspaces/ros2_ws/install/ffw_teleop/share/ffw_teleop/hook/ament_prefix_path.dsv'
[4.315s] INFO:colcon.colcon_core.shell:Creating environment hook '/root/workspaces/ros2_ws/install/ffw_teleop/share/ffw_teleop/hook/ament_prefix_path.sh'
[4.333s] INFO:colcon.colcon_core.shell:Skip shell extension 'powershell' for command environment: Not usable outside of PowerShell
[4.333s] DEBUG:colcon.colcon_core.shell:Skip shell extension 'dsv' for command environment
[4.563s] Level 1:colcon.colcon_core.environment:create_environment_scripts_only(ffw_description)
[4.563s] Level 1:colcon.colcon_core.environment:checking '/root/workspaces/ros2_ws/install/ffw_description' for CMake module files
[4.594s] Level 1:colcon.colcon_core.environment:checking '/root/workspaces/ros2_ws/install/ffw_description' for CMake config files
[4.616s] DEBUG:colcon.colcon_core.event_handler.log_command:Invoked command in '/root/workspaces/ros2_ws/build/ffw_description' returned '0': CMAKE_PREFIX_PATH=${CMAKE_PREFIX_PATH}:/root/workspaces/ros2_ws/install/human_detector:/root/workspaces/ros2_ws/install/ffw_teleop:/root/workspaces/ros2_ws/install/ffw_bringup:/opt/ros/jazzy /usr/bin/cmake --install /root/workspaces/ros2_ws/build/ffw_description
[4.617s] Level 1:colcon.colcon_core.shell:create_environment_hook('ffw_description', 'cmake_prefix_path')
[4.622s] INFO:colcon.colcon_core.shell:Creating environment hook '/root/workspaces/ros2_ws/install/ffw_description/share/ffw_description/hook/cmake_prefix_path.ps1'
[4.644s] INFO:colcon.colcon_core.shell:Creating environment descriptor '/root/workspaces/ros2_ws/install/ffw_description/share/ffw_description/hook/cmake_prefix_path.dsv'
[4.668s] INFO:colcon.colcon_core.shell:Creating environment hook '/root/workspaces/ros2_ws/install/ffw_description/share/ffw_description/hook/cmake_prefix_path.sh'
[4.690s] Level 1:colcon.colcon_core.environment:checking '/root/workspaces/ros2_ws/install/ffw_description/bin'
[4.690s] Level 1:colcon.colcon_core.environment:checking '/root/workspaces/ros2_ws/install/ffw_description/lib/pkgconfig/ffw_description.pc'
[4.690s] Level 1:colcon.colcon_core.environment:checking '/root/workspaces/ros2_ws/install/ffw_description/lib/python3.12/site-packages'
[4.691s] Level 1:colcon.colcon_core.environment:checking '/root/workspaces/ros2_ws/install/ffw_description/bin'
[4.691s] INFO:colcon.colcon_core.shell:Creating package script '/root/workspaces/ros2_ws/install/ffw_description/share/ffw_description/package.ps1'
[4.712s] INFO:colcon.colcon_core.shell:Creating package descriptor '/root/workspaces/ros2_ws/install/ffw_description/share/ffw_description/package.dsv'
[4.730s] INFO:colcon.colcon_core.shell:Creating package script '/root/workspaces/ros2_ws/install/ffw_description/share/ffw_description/package.sh'
[4.752s] INFO:colcon.colcon_core.shell:Creating package script '/root/workspaces/ros2_ws/install/ffw_description/share/ffw_description/package.bash'
[4.771s] INFO:colcon.colcon_core.shell:Creating package script '/root/workspaces/ros2_ws/install/ffw_description/share/ffw_description/package.zsh'
[4.788s] Level 1:colcon.colcon_core.environment:create_file_with_runtime_dependencies(/root/workspaces/ros2_ws/install/ffw_description/share/colcon-core/packages/ffw_description)
[4.813s] Level 1:colcon.colcon_core.environment:create_environment_scripts_only(ffw_description)
[4.814s] Level 1:colcon.colcon_core.environment:checking '/root/workspaces/ros2_ws/install/ffw_description' for CMake module files
[4.823s] Level 1:colcon.colcon_core.environment:checking '/root/workspaces/ros2_ws/install/ffw_description' for CMake config files
[4.840s] Level 1:colcon.colcon_core.shell:create_environment_hook('ffw_description', 'cmake_prefix_path')
[4.841s] INFO:colcon.colcon_core.shell:Creating environment hook '/root/workspaces/ros2_ws/install/ffw_description/share/ffw_description/hook/cmake_prefix_path.ps1'
[4.874s] INFO:colcon.colcon_core.shell:Creating environment descriptor '/root/workspaces/ros2_ws/install/ffw_description/share/ffw_description/hook/cmake_prefix_path.dsv'
[4.894s] INFO:colcon.colcon_core.shell:Creating environment hook '/root/workspaces/ros2_ws/install/ffw_description/share/ffw_description/hook/cmake_prefix_path.sh'
[4.912s] Level 1:colcon.colcon_core.environment:checking '/root/workspaces/ros2_ws/install/ffw_description/bin'
[4.912s] Level 1:colcon.colcon_core.environment:checking '/root/workspaces/ros2_ws/install/ffw_description/lib/pkgconfig/ffw_description.pc'
[4.917s] Level 1:colcon.colcon_core.environment:checking '/root/workspaces/ros2_ws/install/ffw_description/lib/python3.12/site-packages'
[4.922s] Level 1:colcon.colcon_core.environment:checking '/root/workspaces/ros2_ws/install/ffw_description/bin'
[4.929s] INFO:colcon.colcon_core.shell:Creating package script '/root/workspaces/ros2_ws/install/ffw_description/share/ffw_description/package.ps1'
[4.952s] INFO:colcon.colcon_core.shell:Creating package descriptor '/root/workspaces/ros2_ws/install/ffw_description/share/ffw_description/package.dsv'
[4.968s] INFO:colcon.colcon_core.shell:Creating package script '/root/workspaces/ros2_ws/install/ffw_description/share/ffw_description/package.sh'
[4.985s] INFO:colcon.colcon_core.shell:Creating package script '/root/workspaces/ros2_ws/install/ffw_description/share/ffw_description/package.bash'
[5.003s] INFO:colcon.colcon_core.shell:Creating package script '/root/workspaces/ros2_ws/install/ffw_description/share/ffw_description/package.zsh'
[5.022s] Level 1:colcon.colcon_core.environment:create_file_with_runtime_dependencies(/root/workspaces/ros2_ws/install/ffw_description/share/colcon-core/packages/ffw_description)
[5.040s] Level 1:colcon.colcon_core.environment:create_environment_scripts_only(ffw_navigation)
[5.040s] Level 1:colcon.colcon_core.environment:checking '/root/workspaces/ros2_ws/install/ffw_navigation' for CMake module files
[5.066s] Level 1:colcon.colcon_core.environment:checking '/root/workspaces/ros2_ws/install/ffw_navigation' for CMake config files
[5.071s] DEBUG:colcon.colcon_core.event_handler.log_command:Invoked command in '/root/workspaces/ros2_ws/build/ffw_navigation' returned '0': CMAKE_PREFIX_PATH=${CMAKE_PREFIX_PATH}:/root/workspaces/ros2_ws/install/human_detector:/root/workspaces/ros2_ws/install/ffw_teleop:/root/workspaces/ros2_ws/install/ffw_bringup:/opt/ros/jazzy /usr/bin/cmake --install /root/workspaces/ros2_ws/build/ffw_navigation
[5.078s] Level 1:colcon.colcon_core.shell:create_environment_hook('ffw_navigation', 'cmake_prefix_path')
[5.078s] INFO:colcon.colcon_core.shell:Creating environment hook '/root/workspaces/ros2_ws/install/ffw_navigation/share/ffw_navigation/hook/cmake_prefix_path.ps1'
[5.094s] INFO:colcon.colcon_core.shell:Creating environment descriptor '/root/workspaces/ros2_ws/install/ffw_navigation/share/ffw_navigation/hook/cmake_prefix_path.dsv'
[5.111s] INFO:colcon.colcon_core.shell:Creating environment hook '/root/workspaces/ros2_ws/install/ffw_navigation/share/ffw_navigation/hook/cmake_prefix_path.sh'
[5.129s] Level 1:colcon.colcon_core.environment:checking '/root/workspaces/ros2_ws/install/ffw_navigation/lib'
[5.130s] Level 1:colcon.colcon_core.shell:create_environment_hook('ffw_navigation', 'ld_library_path_lib')
[5.149s] INFO:colcon.colcon_core.shell:Creating environment hook '/root/workspaces/ros2_ws/install/ffw_navigation/share/ffw_navigation/hook/ld_library_path_lib.ps1'
[5.174s] INFO:colcon.colcon_core.shell:Creating environment descriptor '/root/workspaces/ros2_ws/install/ffw_navigation/share/ffw_navigation/hook/ld_library_path_lib.dsv'
[5.192s] INFO:colcon.colcon_core.shell:Creating environment hook '/root/workspaces/ros2_ws/install/ffw_navigation/share/ffw_navigation/hook/ld_library_path_lib.sh'
[5.214s] Level 1:colcon.colcon_core.environment:checking '/root/workspaces/ros2_ws/install/ffw_navigation/bin'
[5.214s] Level 1:colcon.colcon_core.environment:checking '/root/workspaces/ros2_ws/install/ffw_navigation/lib/pkgconfig/ffw_navigation.pc'
[5.223s] Level 1:colcon.colcon_core.environment:checking '/root/workspaces/ros2_ws/install/ffw_navigation/lib/python3.12/site-packages'
[5.228s] Level 1:colcon.colcon_core.environment:checking '/root/workspaces/ros2_ws/install/ffw_navigation/bin'
[5.243s] INFO:colcon.colcon_core.shell:Creating package script '/root/workspaces/ros2_ws/install/ffw_navigation/share/ffw_navigation/package.ps1'
[5.266s] INFO:colcon.colcon_core.shell:Creating package descriptor '/root/workspaces/ros2_ws/install/ffw_navigation/share/ffw_navigation/package.dsv'
[5.288s] INFO:colcon.colcon_core.shell:Creating package script '/root/workspaces/ros2_ws/install/ffw_navigation/share/ffw_navigation/package.sh'
[5.307s] INFO:colcon.colcon_core.shell:Creating package script '/root/workspaces/ros2_ws/install/ffw_navigation/share/ffw_navigation/package.bash'
[5.323s] INFO:colcon.colcon_core.shell:Creating package script '/root/workspaces/ros2_ws/install/ffw_navigation/share/ffw_navigation/package.zsh'
[5.341s] Level 1:colcon.colcon_core.environment:create_file_with_runtime_dependencies(/root/workspaces/ros2_ws/install/ffw_navigation/share/colcon-core/packages/ffw_navigation)
[5.363s] Level 1:colcon.colcon_core.environment:create_environment_scripts_only(ffw_navigation)
[5.364s] Level 1:colcon.colcon_core.environment:checking '/root/workspaces/ros2_ws/install/ffw_navigation' for CMake module files
[5.375s] Level 1:colcon.colcon_core.environment:checking '/root/workspaces/ros2_ws/install/ffw_navigation' for CMake config files
[5.386s] Level 1:colcon.colcon_core.shell:create_environment_hook('ffw_navigation', 'cmake_prefix_path')
[5.387s] INFO:colcon.colcon_core.shell:Creating environment hook '/root/workspaces/ros2_ws/install/ffw_navigation/share/ffw_navigation/hook/cmake_prefix_path.ps1'
[5.411s] INFO:colcon.colcon_core.shell:Creating environment descriptor '/root/workspaces/ros2_ws/install/ffw_navigation/share/ffw_navigation/hook/cmake_prefix_path.dsv'
[5.432s] INFO:colcon.colcon_core.shell:Creating environment hook '/root/workspaces/ros2_ws/install/ffw_navigation/share/ffw_navigation/hook/cmake_prefix_path.sh'
[5.461s] Level 1:colcon.colcon_core.environment:checking '/root/workspaces/ros2_ws/install/ffw_navigation/lib'
[5.462s] Level 1:colcon.colcon_core.shell:create_environment_hook('ffw_navigation', 'ld_library_path_lib')
[5.468s] INFO:colcon.colcon_core.shell:Creating environment hook '/root/workspaces/ros2_ws/install/ffw_navigation/share/ffw_navigation/hook/ld_library_path_lib.ps1'
[5.495s] INFO:colcon.colcon_core.shell:Creating environment descriptor '/root/workspaces/ros2_ws/install/ffw_navigation/share/ffw_navigation/hook/ld_library_path_lib.dsv'
[5.524s] INFO:colcon.colcon_core.shell:Creating environment hook '/root/workspaces/ros2_ws/install/ffw_navigation/share/ffw_navigation/hook/ld_library_path_lib.sh'
[5.543s] Level 1:colcon.colcon_core.environment:checking '/root/workspaces/ros2_ws/install/ffw_navigation/bin'
[5.543s] Level 1:colcon.colcon_core.environment:checking '/root/workspaces/ros2_ws/install/ffw_navigation/lib/pkgconfig/ffw_navigation.pc'
[5.549s] Level 1:colcon.colcon_core.environment:checking '/root/workspaces/ros2_ws/install/ffw_navigation/lib/python3.12/site-packages'
[5.555s] Level 1:colcon.colcon_core.environment:checking '/root/workspaces/ros2_ws/install/ffw_navigation/bin'
[5.560s] INFO:colcon.colcon_core.shell:Creating package script '/root/workspaces/ros2_ws/install/ffw_navigation/share/ffw_navigation/package.ps1'
[5.595s] INFO:colcon.colcon_core.shell:Creating package descriptor '/root/workspaces/ros2_ws/install/ffw_navigation/share/ffw_navigation/package.dsv'
[5.614s] INFO:colcon.colcon_core.shell:Creating package script '/root/workspaces/ros2_ws/install/ffw_navigation/share/ffw_navigation/package.sh'
[5.634s] INFO:colcon.colcon_core.shell:Creating package script '/root/workspaces/ros2_ws/install/ffw_navigation/share/ffw_navigation/package.bash'
[5.654s] INFO:colcon.colcon_core.shell:Creating package script '/root/workspaces/ros2_ws/install/ffw_navigation/share/ffw_navigation/package.zsh'
[5.672s] Level 1:colcon.colcon_core.environment:create_file_with_runtime_dependencies(/root/workspaces/ros2_ws/install/ffw_navigation/share/colcon-core/packages/ffw_navigation)
[5.721s] DEBUG:colcon.colcon_core.event_handler.log_command:Invoked command in '/root/workspaces/ros2_ws/build/ffw_swerve_drive_controller' returned '0': CMAKE_PREFIX_PATH=${CMAKE_PREFIX_PATH}:/root/workspaces/ros2_ws/install/human_detector:/root/workspaces/ros2_ws/install/ffw_teleop:/root/workspaces/ros2_ws/install/ffw_bringup:/opt/ros/jazzy /usr/bin/cmake --build /root/workspaces/ros2_ws/build/ffw_swerve_drive_controller -- -j4 -l4
[5.739s] DEBUG:colcon.colcon_core.event_handler.log_command:Invoking command in '/root/workspaces/ros2_ws/build/ffw_swerve_drive_controller': CMAKE_PREFIX_PATH=${CMAKE_PREFIX_PATH}:/root/workspaces/ros2_ws/install/human_detector:/root/workspaces/ros2_ws/install/ffw_teleop:/root/workspaces/ros2_ws/install/ffw_bringup:/opt/ros/jazzy /usr/bin/cmake --install /root/workspaces/ros2_ws/build/ffw_swerve_drive_controller
[5.740s] INFO:colcon.colcon_ros.task.ament_python.build:Building ROS package in '/root/workspaces/ros2_ws/src/ai-worker-sim/human_detector' with build type 'ament_python'
[5.753s] Level 1:colcon.colcon_core.shell:create_environment_hook('human_detector', 'ament_prefix_path')
[5.754s] INFO:colcon.colcon_core.shell:Creating environment hook '/root/workspaces/ros2_ws/install/human_detector/share/human_detector/hook/ament_prefix_path.ps1'
[5.772s] INFO:colcon.colcon_core.shell:Creating environment descriptor '/root/workspaces/ros2_ws/install/human_detector/share/human_detector/hook/ament_prefix_path.dsv'
[5.790s] INFO:colcon.colcon_core.shell:Creating environment hook '/root/workspaces/ros2_ws/install/human_detector/share/human_detector/hook/ament_prefix_path.sh'
[5.822s] INFO:colcon.colcon_core.shell:Skip shell extension 'powershell' for command environment: Not usable outside of PowerShell
[5.822s] DEBUG:colcon.colcon_core.shell:Skip shell extension 'dsv' for command environment
[5.917s] INFO:colcon.colcon_ros.task.ament_cmake.build:Building ROS package in '/root/workspaces/ros2_ws/src/ai-worker-sim/library_world' with build type 'ament_cmake'
[5.918s] INFO:colcon.colcon_cmake.task.cmake.build:Building CMake package in '/root/workspaces/ros2_ws/src/ai-worker-sim/library_world'
[5.930s] INFO:colcon.colcon_core.shell:Skip shell extension 'powershell' for command environment: Not usable outside of PowerShell
[5.930s] DEBUG:colcon.colcon_core.shell:Skip shell extension 'dsv' for command environment
[6.814s] INFO:colcon.colcon_core.task.python.build:Building Python package in '/root/workspaces/ros2_ws/src/ai-worker-sim/ffw_teleop'
[6.814s] INFO:colcon.colcon_core.shell:Skip shell extension 'powershell' for command environment: Not usable outside of PowerShell
[6.814s] DEBUG:colcon.colcon_core.shell:Skip shell extension 'dsv' for command environment
[7.660s] INFO:colcon.colcon_core.task.python.build:Building Python package in '/root/workspaces/ros2_ws/src/ai-worker-sim/human_detector'
[7.661s] INFO:colcon.colcon_core.shell:Skip shell extension 'powershell' for command environment: Not usable outside of PowerShell
[7.661s] DEBUG:colcon.colcon_core.shell:Skip shell extension 'dsv' for command environment
[7.867s] Level 1:colcon.colcon_core.environment:create_environment_scripts_only(ffw_swerve_drive_controller)
[7.868s] Level 1:colcon.colcon_core.environment:checking '/root/workspaces/ros2_ws/install/ffw_swerve_drive_controller' for CMake module files
[7.884s] Level 1:colcon.colcon_core.environment:checking '/root/workspaces/ros2_ws/install/ffw_swerve_drive_controller' for CMake config files
[7.902s] Level 1:colcon.colcon_core.shell:create_environment_hook('ffw_swerve_drive_controller', 'cmake_prefix_path')
[7.913s] INFO:colcon.colcon_core.shell:Creating environment hook '/root/workspaces/ros2_ws/install/ffw_swerve_drive_controller/share/ffw_swerve_drive_controller/hook/cmake_prefix_path.ps1'
[7.924s] DEBUG:colcon.colcon_core.event_handler.log_command:Invoking command in '/root/workspaces/ros2_ws/build/library_world': CMAKE_PREFIX_PATH=${CMAKE_PREFIX_PATH}:/root/workspaces/ros2_ws/install/human_detector:/root/workspaces/ros2_ws/install/ffw_teleop:/root/workspaces/ros2_ws/install/ffw_bringup:/opt/ros/jazzy /usr/bin/cmake --build /root/workspaces/ros2_ws/build/library_world -- -j4 -l4
[7.960s] DEBUG:colcon.colcon_core.event_handler.log_command:Invoked command in '/root/workspaces/ros2_ws/build/ffw_swerve_drive_controller' returned '0': CMAKE_PREFIX_PATH=${CMAKE_PREFIX_PATH}:/root/workspaces/ros2_ws/install/human_detector:/root/workspaces/ros2_ws/install/ffw_teleop:/root/workspaces/ros2_ws/install/ffw_bringup:/opt/ros/jazzy /usr/bin/cmake --install /root/workspaces/ros2_ws/build/ffw_swerve_drive_controller
[7.974s] INFO:colcon.colcon_core.shell:Creating environment descriptor '/root/workspaces/ros2_ws/install/ffw_swerve_drive_controller/share/ffw_swerve_drive_controller/hook/cmake_prefix_path.dsv'
[7.990s] INFO:colcon.colcon_core.shell:Creating environment hook '/root/workspaces/ros2_ws/install/ffw_swerve_drive_controller/share/ffw_swerve_drive_controller/hook/cmake_prefix_path.sh'
[8.013s] Level 1:colcon.colcon_core.environment:checking '/root/workspaces/ros2_ws/install/ffw_swerve_drive_controller/lib'
[8.014s] Level 1:colcon.colcon_core.shell:create_environment_hook('ffw_swerve_drive_controller', 'ld_library_path_lib')
[8.030s] INFO:colcon.colcon_core.shell:Creating environment hook '/root/workspaces/ros2_ws/install/ffw_swerve_drive_controller/share/ffw_swerve_drive_controller/hook/ld_library_path_lib.ps1'
[8.066s] INFO:colcon.colcon_core.shell:Creating environment descriptor '/root/workspaces/ros2_ws/install/ffw_swerve_drive_controller/share/ffw_swerve_drive_controller/hook/ld_library_path_lib.dsv'
[8.083s] INFO:colcon.colcon_core.shell:Creating environment hook '/root/workspaces/ros2_ws/install/ffw_swerve_drive_controller/share/ffw_swerve_drive_controller/hook/ld_library_path_lib.sh'
[8.103s] Level 1:colcon.colcon_core.environment:checking '/root/workspaces/ros2_ws/install/ffw_swerve_drive_controller/bin'
[8.103s] Level 1:colcon.colcon_core.environment:checking '/root/workspaces/ros2_ws/install/ffw_swerve_drive_controller/lib/pkgconfig/ffw_swerve_drive_controller.pc'
[8.116s] Level 1:colcon.colcon_core.environment:checking '/root/workspaces/ros2_ws/install/ffw_swerve_drive_controller/lib/python3.12/site-packages'
[8.128s] Level 1:colcon.colcon_core.environment:checking '/root/workspaces/ros2_ws/install/ffw_swerve_drive_controller/bin'
[8.137s] INFO:colcon.colcon_core.shell:Creating package script '/root/workspaces/ros2_ws/install/ffw_swerve_drive_controller/share/ffw_swerve_drive_controller/package.ps1'
[8.178s] INFO:colcon.colcon_core.shell:Creating package descriptor '/root/workspaces/ros2_ws/install/ffw_swerve_drive_controller/share/ffw_swerve_drive_controller/package.dsv'
[8.200s] INFO:colcon.colcon_core.shell:Creating package script '/root/workspaces/ros2_ws/install/ffw_swerve_drive_controller/share/ffw_swerve_drive_controller/package.sh'
[8.218s] INFO:colcon.colcon_core.shell:Creating package script '/root/workspaces/ros2_ws/install/ffw_swerve_drive_controller/share/ffw_swerve_drive_controller/package.bash'
[8.236s] INFO:colcon.colcon_core.shell:Creating package script '/root/workspaces/ros2_ws/install/ffw_swerve_drive_controller/share/ffw_swerve_drive_controller/package.zsh'
[8.251s] Level 1:colcon.colcon_core.environment:create_file_with_runtime_dependencies(/root/workspaces/ros2_ws/install/ffw_swerve_drive_controller/share/colcon-core/packages/ffw_swerve_drive_controller)
[8.277s] Level 1:colcon.colcon_core.environment:create_environment_scripts_only(ffw_swerve_drive_controller)
[8.278s] Level 1:colcon.colcon_core.environment:checking '/root/workspaces/ros2_ws/install/ffw_swerve_drive_controller' for CMake module files
[8.296s] Level 1:colcon.colcon_core.environment:checking '/root/workspaces/ros2_ws/install/ffw_swerve_drive_controller' for CMake config files
[8.319s] Level 1:colcon.colcon_core.shell:create_environment_hook('ffw_swerve_drive_controller', 'cmake_prefix_path')
[8.320s] INFO:colcon.colcon_core.shell:Creating environment hook '/root/workspaces/ros2_ws/install/ffw_swerve_drive_controller/share/ffw_swerve_drive_controller/hook/cmake_prefix_path.ps1'
[8.349s] INFO:colcon.colcon_core.shell:Creating environment descriptor '/root/workspaces/ros2_ws/install/ffw_swerve_drive_controller/share/ffw_swerve_drive_controller/hook/cmake_prefix_path.dsv'
[8.367s] INFO:colcon.colcon_core.shell:Creating environment hook '/root/workspaces/ros2_ws/install/ffw_swerve_drive_controller/share/ffw_swerve_drive_controller/hook/cmake_prefix_path.sh'
[8.388s] Level 1:colcon.colcon_core.environment:checking '/root/workspaces/ros2_ws/install/ffw_swerve_drive_controller/lib'
[8.400s] Level 1:colcon.colcon_core.shell:create_environment_hook('ffw_swerve_drive_controller', 'ld_library_path_lib')
[8.425s] INFO:colcon.colcon_core.shell:Creating environment hook '/root/workspaces/ros2_ws/install/ffw_swerve_drive_controller/share/ffw_swerve_drive_controller/hook/ld_library_path_lib.ps1'
[8.464s] INFO:colcon.colcon_core.shell:Creating environment descriptor '/root/workspaces/ros2_ws/install/ffw_swerve_drive_controller/share/ffw_swerve_drive_controller/hook/ld_library_path_lib.dsv'
[8.480s] INFO:colcon.colcon_core.shell:Creating environment hook '/root/workspaces/ros2_ws/install/ffw_swerve_drive_controller/share/ffw_swerve_drive_controller/hook/ld_library_path_lib.sh'
[8.504s] Level 1:colcon.colcon_core.environment:checking '/root/workspaces/ros2_ws/install/ffw_swerve_drive_controller/bin'
[8.504s] Level 1:colcon.colcon_core.environment:checking '/root/workspaces/ros2_ws/install/ffw_swerve_drive_controller/lib/pkgconfig/ffw_swerve_drive_controller.pc'
[8.516s] Level 1:colcon.colcon_core.environment:checking '/root/workspaces/ros2_ws/install/ffw_swerve_drive_controller/lib/python3.12/site-packages'
[8.526s] Level 1:colcon.colcon_core.environment:checking '/root/workspaces/ros2_ws/install/ffw_swerve_drive_controller/bin'
[8.538s] INFO:colcon.colcon_core.shell:Creating package script '/root/workspaces/ros2_ws/install/ffw_swerve_drive_controller/share/ffw_swerve_drive_controller/package.ps1'
[8.567s] INFO:colcon.colcon_core.shell:Creating package descriptor '/root/workspaces/ros2_ws/install/ffw_swerve_drive_controller/share/ffw_swerve_drive_controller/package.dsv'
[8.585s] INFO:colcon.colcon_core.shell:Creating package script '/root/workspaces/ros2_ws/install/ffw_swerve_drive_controller/share/ffw_swerve_drive_controller/package.sh'
[8.607s] INFO:colcon.colcon_core.shell:Creating package script '/root/workspaces/ros2_ws/install/ffw_swerve_drive_controller/share/ffw_swerve_drive_controller/package.bash'
[8.624s] INFO:colcon.colcon_core.shell:Creating package script '/root/workspaces/ros2_ws/install/ffw_swerve_drive_controller/share/ffw_swerve_drive_controller/package.zsh'
[8.648s] Level 1:colcon.colcon_core.environment:create_file_with_runtime_dependencies(/root/workspaces/ros2_ws/install/ffw_swerve_drive_controller/share/colcon-core/packages/ffw_swerve_drive_controller)
[8.665s] INFO:colcon.colcon_ros.task.ament_cmake.build:Building ROS package in '/root/workspaces/ros2_ws/src/Gazebo_worlds/warehouse_worlds' with build type 'ament_cmake'
[8.666s] INFO:colcon.colcon_cmake.task.cmake.build:Building CMake package in '/root/workspaces/ros2_ws/src/Gazebo_worlds/warehouse_worlds'
[8.666s] INFO:colcon.colcon_core.shell:Skip shell extension 'powershell' for command environment: Not usable outside of PowerShell
[8.666s] DEBUG:colcon.colcon_core.shell:Skip shell extension 'dsv' for command environment
[8.856s] DEBUG:colcon.colcon_core.event_handler.log_command:Invoked command in '/root/workspaces/ros2_ws/build/library_world' returned '0': CMAKE_PREFIX_PATH=${CMAKE_PREFIX_PATH}:/root/workspaces/ros2_ws/install/human_detector:/root/workspaces/ros2_ws/install/ffw_teleop:/root/workspaces/ros2_ws/install/ffw_bringup:/opt/ros/jazzy /usr/bin/cmake --build /root/workspaces/ros2_ws/build/library_world -- -j4 -l4
[8.881s] DEBUG:colcon.colcon_core.event_handler.log_command:Invoking command in '/root/workspaces/ros2_ws/build/library_world': CMAKE_PREFIX_PATH=${CMAKE_PREFIX_PATH}:/root/workspaces/ros2_ws/install/human_detector:/root/workspaces/ros2_ws/install/ffw_teleop:/root/workspaces/ros2_ws/install/ffw_bringup:/opt/ros/jazzy /usr/bin/cmake --install /root/workspaces/ros2_ws/build/library_world
[9.028s] DEBUG:colcon.colcon_core.event_handler.log_command:Invoking command in '/root/workspaces/ros2_ws/build/warehouse_worlds': CMAKE_PREFIX_PATH=${CMAKE_PREFIX_PATH}:/root/workspaces/ros2_ws/install/human_detector:/root/workspaces/ros2_ws/install/ffw_teleop:/root/workspaces/ros2_ws/install/ffw_bringup:/opt/ros/jazzy /usr/bin/cmake --build /root/workspaces/ros2_ws/build/warehouse_worlds -- -j4 -l4
[9.314s] DEBUG:colcon.colcon_core.event_handler.log_command:Invoked command in '/root/workspaces/ros2_ws/build/warehouse_worlds' returned '0': CMAKE_PREFIX_PATH=${CMAKE_PREFIX_PATH}:/root/workspaces/ros2_ws/install/human_detector:/root/workspaces/ros2_ws/install/ffw_teleop:/root/workspaces/ros2_ws/install/ffw_bringup:/opt/ros/jazzy /usr/bin/cmake --build /root/workspaces/ros2_ws/build/warehouse_worlds -- -j4 -l4
[9.315s] DEBUG:colcon.colcon_core.event_handler.log_command:Invoking command in '/root/workspaces/ros2_ws/build/warehouse_worlds': CMAKE_PREFIX_PATH=${CMAKE_PREFIX_PATH}:/root/workspaces/ros2_ws/install/human_detector:/root/workspaces/ros2_ws/install/ffw_teleop:/root/workspaces/ros2_ws/install/ffw_bringup:/opt/ros/jazzy /usr/bin/cmake --install /root/workspaces/ros2_ws/build/warehouse_worlds
[10.258s] Level 1:colcon.colcon_core.environment:create_environment_scripts_only(library_world)
[10.259s] Level 1:colcon.colcon_core.environment:checking '/root/workspaces/ros2_ws/install/library_world' for CMake module files
[10.276s] Level 1:colcon.colcon_core.environment:checking '/root/workspaces/ros2_ws/install/library_world' for CMake config files
[10.436s] Level 1:colcon.colcon_core.shell:create_environment_hook('library_world', 'cmake_prefix_path')
[10.437s] INFO:colcon.colcon_core.shell:Creating environment hook '/root/workspaces/ros2_ws/install/library_world/share/library_world/hook/cmake_prefix_path.ps1'
[10.456s] INFO:colcon.colcon_core.shell:Creating environment descriptor '/root/workspaces/ros2_ws/install/library_world/share/library_world/hook/cmake_prefix_path.dsv'
[10.471s] INFO:colcon.colcon_core.shell:Creating environment hook '/root/workspaces/ros2_ws/install/library_world/share/library_world/hook/cmake_prefix_path.sh'
[10.489s] Level 1:colcon.colcon_core.environment:checking '/root/workspaces/ros2_ws/install/library_world/bin'
[10.489s] Level 1:colcon.colcon_core.environment:checking '/root/workspaces/ros2_ws/install/library_world/lib/pkgconfig/library_world.pc'
[10.489s] Level 1:colcon.colcon_core.environment:checking '/root/workspaces/ros2_ws/install/library_world/lib/python3.12/site-packages'
[10.490s] Level 1:colcon.colcon_core.environment:checking '/root/workspaces/ros2_ws/install/library_world/bin'
[10.490s] INFO:colcon.colcon_core.shell:Creating package script '/root/workspaces/ros2_ws/install/library_world/share/library_world/package.ps1'
[10.507s] INFO:colcon.colcon_core.shell:Creating package descriptor '/root/workspaces/ros2_ws/install/library_world/share/library_world/package.dsv'
[10.524s] INFO:colcon.colcon_core.shell:Creating package script '/root/workspaces/ros2_ws/install/library_world/share/library_world/package.sh'
[10.541s] INFO:colcon.colcon_core.shell:Creating package script '/root/workspaces/ros2_ws/install/library_world/share/library_world/package.bash'
[10.557s] INFO:colcon.colcon_core.shell:Creating package script '/root/workspaces/ros2_ws/install/library_world/share/library_world/package.zsh'
[10.573s] Level 1:colcon.colcon_core.environment:create_file_with_runtime_dependencies(/root/workspaces/ros2_ws/install/library_world/share/colcon-core/packages/library_world)
[10.581s] Level 1:colcon.colcon_core.environment:create_environment_scripts_only(library_world)
[10.581s] Level 1:colcon.colcon_core.environment:checking '/root/workspaces/ros2_ws/install/library_world' for CMake module files
[10.586s] Level 1:colcon.colcon_core.environment:checking '/root/workspaces/ros2_ws/install/library_world' for CMake config files
[10.671s] Level 1:colcon.colcon_core.shell:create_environment_hook('library_world', 'cmake_prefix_path')
[10.672s] INFO:colcon.colcon_core.shell:Creating environment hook '/root/workspaces/ros2_ws/install/library_world/share/library_world/hook/cmake_prefix_path.ps1'
[10.690s] INFO:colcon.colcon_core.shell:Creating environment descriptor '/root/workspaces/ros2_ws/install/library_world/share/library_world/hook/cmake_prefix_path.dsv'
[10.722s] INFO:colcon.colcon_core.shell:Creating environment hook '/root/workspaces/ros2_ws/install/library_world/share/library_world/hook/cmake_prefix_path.sh'
[10.747s] Level 1:colcon.colcon_core.environment:checking '/root/workspaces/ros2_ws/install/library_world/bin'
[10.747s] Level 1:colcon.colcon_core.environment:checking '/root/workspaces/ros2_ws/install/library_world/lib/pkgconfig/library_world.pc'
[10.748s] Level 1:colcon.colcon_core.environment:checking '/root/workspaces/ros2_ws/install/library_world/lib/python3.12/site-packages'
[10.749s] Level 1:colcon.colcon_core.environment:checking '/root/workspaces/ros2_ws/install/library_world/bin'
[10.749s] INFO:colcon.colcon_core.shell:Creating package script '/root/workspaces/ros2_ws/install/library_world/share/library_world/package.ps1'
[10.767s] INFO:colcon.colcon_core.shell:Creating package descriptor '/root/workspaces/ros2_ws/install/library_world/share/library_world/package.dsv'
[10.788s] INFO:colcon.colcon_core.shell:Creating package script '/root/workspaces/ros2_ws/install/library_world/share/library_world/package.sh'
[10.805s] INFO:colcon.colcon_core.shell:Creating package script '/root/workspaces/ros2_ws/install/library_world/share/library_world/package.bash'
[10.823s] INFO:colcon.colcon_core.shell:Creating package script '/root/workspaces/ros2_ws/install/library_world/share/library_world/package.zsh'
[10.847s] Level 1:colcon.colcon_core.environment:create_file_with_runtime_dependencies(/root/workspaces/ros2_ws/install/library_world/share/colcon-core/packages/library_world)
[10.850s] INFO:colcon.colcon_ros.task.ament_python.build:Building ROS package in '/root/workspaces/ros2_ws/src/ai-worker-sim/ffw_bringup' with build type 'ament_python'
[10.850s] Level 1:colcon.colcon_core.shell:create_environment_hook('ffw_bringup', 'ament_prefix_path')
[10.851s] INFO:colcon.colcon_core.shell:Creating environment hook '/root/workspaces/ros2_ws/install/ffw_bringup/share/ffw_bringup/hook/ament_prefix_path.ps1'
[10.867s] INFO:colcon.colcon_core.shell:Creating environment descriptor '/root/workspaces/ros2_ws/install/ffw_bringup/share/ffw_bringup/hook/ament_prefix_path.dsv'
[10.891s] INFO:colcon.colcon_core.shell:Creating environment hook '/root/workspaces/ros2_ws/install/ffw_bringup/share/ffw_bringup/hook/ament_prefix_path.sh'
[10.913s] INFO:colcon.colcon_core.shell:Skip shell extension 'powershell' for command environment: Not usable outside of PowerShell
[10.914s] DEBUG:colcon.colcon_core.shell:Skip shell extension 'dsv' for command environment
[11.432s] DEBUG:colcon.colcon_core.event_handler.log_command:Invoked command in '/root/workspaces/ros2_ws/build/library_world' returned '0': CMAKE_PREFIX_PATH=${CMAKE_PREFIX_PATH}:/root/workspaces/ros2_ws/install/human_detector:/root/workspaces/ros2_ws/install/ffw_teleop:/root/workspaces/ros2_ws/install/ffw_bringup:/opt/ros/jazzy /usr/bin/cmake --install /root/workspaces/ros2_ws/build/library_world
[11.880s] INFO:colcon.colcon_core.task.python.build:Building Python package in '/root/workspaces/ros2_ws/src/ai-worker-sim/ffw_bringup'
[11.880s] INFO:colcon.colcon_core.shell:Skip shell extension 'powershell' for command environment: Not usable outside of PowerShell
[11.880s] DEBUG:colcon.colcon_core.shell:Skip shell extension 'dsv' for command environment
[12.073s] DEBUG:colcon.colcon_core.task.python.build:Available setuptools commands: build_clib, sdist, check, upload, install_egg_info, bdist_wheel, build_py, compile_catalog, clean, bdist, egg_info, bdist_rpm, easy_install, install_headers, build_ext, symlink_data, alias, build_scripts, setopt, saveopts, editable_wheel, extract_messages, dist_info, install, bdist_egg, install_data, develop, bdist_dumb, upload_docs, test, register, build, init_catalog, install_lib, rotate, update_catalog, install_scripts
[12.140s] DEBUG:colcon.colcon_core.task.python.build:Available setuptools commands: build_clib, sdist, check, upload, install_egg_info, bdist_wheel, build_py, compile_catalog, clean, bdist, egg_info, bdist_rpm, easy_install, install_headers, build_ext, symlink_data, alias, build_scripts, setopt, saveopts, editable_wheel, extract_messages, dist_info, install, bdist_egg, install_data, develop, bdist_dumb, upload_docs, test, register, build, init_catalog, install_lib, rotate, update_catalog, install_scripts
[12.193s] Level 1:colcon.colcon_core.environment:create_environment_scripts_only(warehouse_worlds)
[12.193s] Level 1:colcon.colcon_core.environment:checking '/root/workspaces/ros2_ws/install/warehouse_worlds' for CMake module files
[12.211s] Level 1:colcon.colcon_core.environment:checking '/root/workspaces/ros2_ws/install/warehouse_worlds' for CMake config files
[12.392s] Level 1:colcon.colcon_core.shell:create_environment_hook('warehouse_worlds', 'cmake_prefix_path')
[12.392s] INFO:colcon.colcon_core.shell:Creating environment hook '/root/workspaces/ros2_ws/install/warehouse_worlds/share/warehouse_worlds/hook/cmake_prefix_path.ps1'
[12.411s] INFO:colcon.colcon_core.shell:Creating environment descriptor '/root/workspaces/ros2_ws/install/warehouse_worlds/share/warehouse_worlds/hook/cmake_prefix_path.dsv'
[12.428s] INFO:colcon.colcon_core.shell:Creating environment hook '/root/workspaces/ros2_ws/install/warehouse_worlds/share/warehouse_worlds/hook/cmake_prefix_path.sh'
[12.447s] Level 1:colcon.colcon_core.environment:checking '/root/workspaces/ros2_ws/install/warehouse_worlds/bin'
[12.447s] Level 1:colcon.colcon_core.environment:checking '/root/workspaces/ros2_ws/install/warehouse_worlds/lib/pkgconfig/warehouse_worlds.pc'
[12.448s] Level 1:colcon.colcon_core.environment:checking '/root/workspaces/ros2_ws/install/warehouse_worlds/lib/python3.12/site-packages'
[12.449s] Level 1:colcon.colcon_core.environment:checking '/root/workspaces/ros2_ws/install/warehouse_worlds/bin'
[12.449s] INFO:colcon.colcon_core.shell:Creating package script '/root/workspaces/ros2_ws/install/warehouse_worlds/share/warehouse_worlds/package.ps1'
[12.469s] INFO:colcon.colcon_core.shell:Creating package descriptor '/root/workspaces/ros2_ws/install/warehouse_worlds/share/warehouse_worlds/package.dsv'
[12.484s] INFO:colcon.colcon_core.shell:Creating package script '/root/workspaces/ros2_ws/install/warehouse_worlds/share/warehouse_worlds/package.sh'
[12.500s] INFO:colcon.colcon_core.shell:Creating package script '/root/workspaces/ros2_ws/install/warehouse_worlds/share/warehouse_worlds/package.bash'
[12.517s] INFO:colcon.colcon_core.shell:Creating package script '/root/workspaces/ros2_ws/install/warehouse_worlds/share/warehouse_worlds/package.zsh'
[12.534s] Level 1:colcon.colcon_core.environment:create_file_with_runtime_dependencies(/root/workspaces/ros2_ws/install/warehouse_worlds/share/colcon-core/packages/warehouse_worlds)
[12.542s] Level 1:colcon.colcon_core.environment:create_environment_scripts_only(warehouse_worlds)
[12.542s] Level 1:colcon.colcon_core.environment:checking '/root/workspaces/ros2_ws/install/warehouse_worlds' for CMake module files
[12.546s] Level 1:colcon.colcon_core.environment:checking '/root/workspaces/ros2_ws/install/warehouse_worlds' for CMake config files
[12.613s] Level 1:colcon.colcon_core.shell:create_environment_hook('warehouse_worlds', 'cmake_prefix_path')
[12.613s] INFO:colcon.colcon_core.shell:Creating environment hook '/root/workspaces/ros2_ws/install/warehouse_worlds/share/warehouse_worlds/hook/cmake_prefix_path.ps1'
[12.638s] INFO:colcon.colcon_core.shell:Creating environment descriptor '/root/workspaces/ros2_ws/install/warehouse_worlds/share/warehouse_worlds/hook/cmake_prefix_path.dsv'
[12.655s] INFO:colcon.colcon_core.shell:Creating environment hook '/root/workspaces/ros2_ws/install/warehouse_worlds/share/warehouse_worlds/hook/cmake_prefix_path.sh'
[12.680s] Level 1:colcon.colcon_core.environment:checking '/root/workspaces/ros2_ws/install/warehouse_worlds/bin'
[12.683s] Level 1:colcon.colcon_core.environment:checking '/root/workspaces/ros2_ws/install/warehouse_worlds/lib/pkgconfig/warehouse_worlds.pc'
[12.689s] Level 1:colcon.colcon_core.environment:checking '/root/workspaces/ros2_ws/install/warehouse_worlds/lib/python3.12/site-packages'
[12.690s] Level 1:colcon.colcon_core.environment:checking '/root/workspaces/ros2_ws/install/warehouse_worlds/bin'
[12.691s] INFO:colcon.colcon_core.shell:Creating package script '/root/workspaces/ros2_ws/install/warehouse_worlds/share/warehouse_worlds/package.ps1'
[12.718s] INFO:colcon.colcon_core.shell:Creating package descriptor '/root/workspaces/ros2_ws/install/warehouse_worlds/share/warehouse_worlds/package.dsv'
[12.746s] INFO:colcon.colcon_core.shell:Creating package script '/root/workspaces/ros2_ws/install/warehouse_worlds/share/warehouse_worlds/package.sh'
[12.764s] INFO:colcon.colcon_core.shell:Creating package script '/root/workspaces/ros2_ws/install/warehouse_worlds/share/warehouse_worlds/package.bash'
[12.794s] INFO:colcon.colcon_core.shell:Creating package script '/root/workspaces/ros2_ws/install/warehouse_worlds/share/warehouse_worlds/package.zsh'
[12.803s] DEBUG:colcon.colcon_core.event_handler.log_command:Invoking command in '/root/workspaces/ros2_ws/src/ai-worker-sim/ffw_teleop': PYTHONPATH=/root/workspaces/ros2_ws/build/ffw_teleop/prefix_override:/usr/lib/python3/dist-packages/colcon_core/task/python/colcon_distutils_commands:/root/workspaces/ros2_ws/install/ffw_teleop/lib/python3.12/site-packages:${PYTHONPATH} /usr/bin/python3 -W ignore:setup.py install is deprecated -W ignore:easy_install command is deprecated setup.py egg_info --egg-base ../../../build/ffw_teleop build --build-base /root/workspaces/ros2_ws/build/ffw_teleop/build install --record /root/workspaces/ros2_ws/build/ffw_teleop/install.log --install-scripts $base/lib/ffw_teleop --single-version-externally-managed install_data
[12.812s] Level 1:colcon.colcon_core.environment:create_file_with_runtime_dependencies(/root/workspaces/ros2_ws/install/warehouse_worlds/share/colcon-core/packages/warehouse_worlds)
[12.888s] DEBUG:colcon.colcon_core.event_handler.log_command:Invoking command in '/root/workspaces/ros2_ws/src/ai-worker-sim/human_detector': PYTHONPATH=/root/workspaces/ros2_ws/build/human_detector/prefix_override:/usr/lib/python3/dist-packages/colcon_core/task/python/colcon_distutils_commands:/root/workspaces/ros2_ws/install/human_detector/lib/python3.12/site-packages:${PYTHONPATH} /usr/bin/python3 -W ignore:setup.py install is deprecated -W ignore:easy_install command is deprecated setup.py egg_info --egg-base ../../../build/human_detector build --build-base /root/workspaces/ros2_ws/build/human_detector/build install --record /root/workspaces/ros2_ws/build/human_detector/install.log --install-scripts $base/lib/human_detector --single-version-externally-managed install_data
[12.888s] DEBUG:colcon.colcon_core.event_handler.log_command:Invoked command in '/root/workspaces/ros2_ws/build/warehouse_worlds' returned '0': CMAKE_PREFIX_PATH=${CMAKE_PREFIX_PATH}:/root/workspaces/ros2_ws/install/human_detector:/root/workspaces/ros2_ws/install/ffw_teleop:/root/workspaces/ros2_ws/install/ffw_bringup:/opt/ros/jazzy /usr/bin/cmake --install /root/workspaces/ros2_ws/build/warehouse_worlds
[15.160s] Level 1:colcon.colcon_core.environment:checking '/root/workspaces/ros2_ws/install/ffw_teleop' for CMake module files
[15.161s] DEBUG:colcon.colcon_core.event_handler.log_command:Invoked command in '/root/workspaces/ros2_ws/src/ai-worker-sim/ffw_teleop' returned '0': PYTHONPATH=/root/workspaces/ros2_ws/build/ffw_teleop/prefix_override:/usr/lib/python3/dist-packages/colcon_core/task/python/colcon_distutils_commands:/root/workspaces/ros2_ws/install/ffw_teleop/lib/python3.12/site-packages:${PYTHONPATH} /usr/bin/python3 -W ignore:setup.py install is deprecated -W ignore:easy_install command is deprecated setup.py egg_info --egg-base ../../../build/ffw_teleop build --build-base /root/workspaces/ros2_ws/build/ffw_teleop/build install --record /root/workspaces/ros2_ws/build/ffw_teleop/install.log --install-scripts $base/lib/ffw_teleop --single-version-externally-managed install_data
[15.180s] Level 1:colcon.colcon_core.environment:checking '/root/workspaces/ros2_ws/install/ffw_teleop' for CMake config files
[15.195s] Level 1:colcon.colcon_core.environment:checking '/root/workspaces/ros2_ws/install/ffw_teleop/lib'
[15.196s] Level 1:colcon.colcon_core.environment:checking '/root/workspaces/ros2_ws/install/ffw_teleop/bin'
[15.198s] Level 1:colcon.colcon_core.environment:checking '/root/workspaces/ros2_ws/install/ffw_teleop/lib/pkgconfig/ffw_teleop.pc'
[15.201s] Level 1:colcon.colcon_core.environment:checking '/root/workspaces/ros2_ws/install/ffw_teleop/lib/python3.12/site-packages'
[15.201s] Level 1:colcon.colcon_core.shell:create_environment_hook('ffw_teleop', 'pythonpath')
[15.201s] INFO:colcon.colcon_core.shell:Creating environment hook '/root/workspaces/ros2_ws/install/ffw_teleop/share/ffw_teleop/hook/pythonpath.ps1'
[15.219s] INFO:colcon.colcon_core.shell:Creating environment descriptor '/root/workspaces/ros2_ws/install/ffw_teleop/share/ffw_teleop/hook/pythonpath.dsv'
[15.235s] INFO:colcon.colcon_core.shell:Creating environment hook '/root/workspaces/ros2_ws/install/ffw_teleop/share/ffw_teleop/hook/pythonpath.sh'
[15.251s] Level 1:colcon.colcon_core.environment:checking '/root/workspaces/ros2_ws/install/ffw_teleop/bin'
[15.251s] Level 1:colcon.colcon_core.environment:create_environment_scripts_only(ffw_teleop)
[15.263s] INFO:colcon.colcon_core.shell:Creating package script '/root/workspaces/ros2_ws/install/ffw_teleop/share/ffw_teleop/package.ps1'
[15.300s] INFO:colcon.colcon_core.shell:Creating package descriptor '/root/workspaces/ros2_ws/install/ffw_teleop/share/ffw_teleop/package.dsv'
[15.321s] INFO:colcon.colcon_core.shell:Creating package script '/root/workspaces/ros2_ws/install/ffw_teleop/share/ffw_teleop/package.sh'
[15.339s] INFO:colcon.colcon_core.shell:Creating package script '/root/workspaces/ros2_ws/install/ffw_teleop/share/ffw_teleop/package.bash'
[15.362s] INFO:colcon.colcon_core.shell:Creating package script '/root/workspaces/ros2_ws/install/ffw_teleop/share/ffw_teleop/package.zsh'
[15.378s] Level 1:colcon.colcon_core.environment:create_file_with_runtime_dependencies(/root/workspaces/ros2_ws/install/ffw_teleop/share/colcon-core/packages/ffw_teleop)
[15.396s] DEBUG:colcon.colcon_core.task.python.build:Available setuptools commands: build_clib, sdist, check, upload, install_egg_info, bdist_wheel, build_py, compile_catalog, clean, bdist, egg_info, bdist_rpm, easy_install, install_headers, build_ext, symlink_data, alias, build_scripts, setopt, saveopts, editable_wheel, extract_messages, dist_info, install, bdist_egg, install_data, develop, bdist_dumb, upload_docs, test, register, build, init_catalog, install_lib, rotate, update_catalog, install_scripts
[15.430s] Level 1:colcon.colcon_core.environment:checking '/root/workspaces/ros2_ws/install/human_detector' for CMake module files
[15.475s] Level 1:colcon.colcon_core.environment:checking '/root/workspaces/ros2_ws/install/human_detector' for CMake config files
[15.479s] DEBUG:colcon.colcon_core.event_handler.log_command:Invoking command in '/root/workspaces/ros2_ws/src/ai-worker-sim/ffw_bringup': CMAKE_PREFIX_PATH=/root/workspaces/ros2_ws/install/ffw_description:/root/workspaces/ros2_ws/install/warehouse_worlds:/root/workspaces/ros2_ws/install/warehouse_world:/root/workspaces/ros2_ws/install/library_world:/root/workspaces/ros2_ws/install/ffw_swerve_drive_controller:/root/workspaces/ros2_ws/install/ffw_navigation:/root/workspaces/ros2_ws/install/ffw_moveit_config:/root/workspaces/turtlebot_ws/install/turtlebot3_simulations:/root/workspaces/turtlebot_ws/install/turtlebot3_gazebo:/root/workspaces/turtlebot_ws/install/turtlebot3_fake_node:/opt/ros/jazzy/opt/gz_sim_vendor:/opt/ros/jazzy/opt/gz_sensors_vendor:/opt/ros/jazzy/opt/gz_physics_vendor:/opt/ros/jazzy/opt/sdformat_vendor:/opt/ros/jazzy/opt/gz_gui_vendor:/opt/ros/jazzy/opt/gz_transport_vendor:/opt/ros/jazzy/opt/gz_rendering_vendor:/opt/ros/jazzy/opt/gz_plugin_vendor:/opt/ros/jazzy/opt/gz_fuel_tools_vendor:/opt/ros/jazzy/opt/gz_msgs_vendor:/opt/ros/jazzy/opt/gz_common_vendor:/opt/ros/jazzy/opt/gz_math_vendor:/opt/ros/jazzy/opt/gz_utils_vendor:/opt/ros/jazzy/opt/gz_tools_vendor:/opt/ros/jazzy/opt/gz_ogre_next_vendor:/opt/ros/jazzy/opt/gz_dartsim_vendor:/opt/ros/jazzy/opt/gz_cmake_vendor PYTHONPATH=/root/workspaces/ros2_ws/build/ffw_bringup/prefix_override:/usr/lib/python3/dist-packages/colcon_core/task/python/colcon_distutils_commands:/root/workspaces/ros2_ws/install/ffw_bringup/lib/python3.12/site-packages:${PYTHONPATH} /usr/bin/python3 -W ignore:setup.py install is deprecated -W ignore:easy_install command is deprecated setup.py egg_info --egg-base ../../../build/ffw_bringup build --build-base /root/workspaces/ros2_ws/build/ffw_bringup/build install --record /root/workspaces/ros2_ws/build/ffw_bringup/install.log --install-scripts $base/lib/ffw_bringup --single-version-externally-managed install_data
[15.490s] DEBUG:colcon.colcon_core.event_handler.log_command:Invoked command in '/root/workspaces/ros2_ws/src/ai-worker-sim/human_detector' returned '0': PYTHONPATH=/root/workspaces/ros2_ws/build/human_detector/prefix_override:/usr/lib/python3/dist-packages/colcon_core/task/python/colcon_distutils_commands:/root/workspaces/ros2_ws/install/human_detector/lib/python3.12/site-packages:${PYTHONPATH} /usr/bin/python3 -W ignore:setup.py install is deprecated -W ignore:easy_install command is deprecated setup.py egg_info --egg-base ../../../build/human_detector build --build-base /root/workspaces/ros2_ws/build/human_detector/build install --record /root/workspaces/ros2_ws/build/human_detector/install.log --install-scripts $base/lib/human_detector --single-version-externally-managed install_data
[15.495s] Level 1:colcon.colcon_core.environment:checking '/root/workspaces/ros2_ws/install/human_detector/lib'
[15.497s] Level 1:colcon.colcon_core.environment:checking '/root/workspaces/ros2_ws/install/human_detector/bin'
[15.511s] Level 1:colcon.colcon_core.environment:checking '/root/workspaces/ros2_ws/install/human_detector/lib/pkgconfig/human_detector.pc'
[15.513s] Level 1:colcon.colcon_core.environment:checking '/root/workspaces/ros2_ws/install/human_detector/lib/python3.12/site-packages'
[15.514s] Level 1:colcon.colcon_core.shell:create_environment_hook('human_detector', 'pythonpath')
[15.514s] INFO:colcon.colcon_core.shell:Creating environment hook '/root/workspaces/ros2_ws/install/human_detector/share/human_detector/hook/pythonpath.ps1'
[15.531s] INFO:colcon.colcon_core.shell:Creating environment descriptor '/root/workspaces/ros2_ws/install/human_detector/share/human_detector/hook/pythonpath.dsv'
[15.557s] INFO:colcon.colcon_core.shell:Creating environment hook '/root/workspaces/ros2_ws/install/human_detector/share/human_detector/hook/pythonpath.sh'
[15.575s] Level 1:colcon.colcon_core.environment:checking '/root/workspaces/ros2_ws/install/human_detector/bin'
[15.575s] Level 1:colcon.colcon_core.environment:create_environment_scripts_only(human_detector)
[15.576s] INFO:colcon.colcon_core.shell:Creating package script '/root/workspaces/ros2_ws/install/human_detector/share/human_detector/package.ps1'
[15.594s] INFO:colcon.colcon_core.shell:Creating package descriptor '/root/workspaces/ros2_ws/install/human_detector/share/human_detector/package.dsv'
[15.621s] INFO:colcon.colcon_core.shell:Creating package script '/root/workspaces/ros2_ws/install/human_detector/share/human_detector/package.sh'
[15.644s] INFO:colcon.colcon_core.shell:Creating package script '/root/workspaces/ros2_ws/install/human_detector/share/human_detector/package.bash'
[15.660s] INFO:colcon.colcon_core.shell:Creating package script '/root/workspaces/ros2_ws/install/human_detector/share/human_detector/package.zsh'
[15.676s] Level 1:colcon.colcon_core.environment:create_file_with_runtime_dependencies(/root/workspaces/ros2_ws/install/human_detector/share/colcon-core/packages/human_detector)
[17.888s] Level 1:colcon.colcon_core.environment:checking '/root/workspaces/ros2_ws/install/ffw_bringup' for CMake module files
[17.889s] DEBUG:colcon.colcon_core.event_handler.log_command:Invoked command in '/root/workspaces/ros2_ws/src/ai-worker-sim/ffw_bringup' returned '0': CMAKE_PREFIX_PATH=/root/workspaces/ros2_ws/install/ffw_description:/root/workspaces/ros2_ws/install/warehouse_worlds:/root/workspaces/ros2_ws/install/warehouse_world:/root/workspaces/ros2_ws/install/library_world:/root/workspaces/ros2_ws/install/ffw_swerve_drive_controller:/root/workspaces/ros2_ws/install/ffw_navigation:/root/workspaces/ros2_ws/install/ffw_moveit_config:/root/workspaces/turtlebot_ws/install/turtlebot3_simulations:/root/workspaces/turtlebot_ws/install/turtlebot3_gazebo:/root/workspaces/turtlebot_ws/install/turtlebot3_fake_node:/opt/ros/jazzy/opt/gz_sim_vendor:/opt/ros/jazzy/opt/gz_sensors_vendor:/opt/ros/jazzy/opt/gz_physics_vendor:/opt/ros/jazzy/opt/sdformat_vendor:/opt/ros/jazzy/opt/gz_gui_vendor:/opt/ros/jazzy/opt/gz_transport_vendor:/opt/ros/jazzy/opt/gz_rendering_vendor:/opt/ros/jazzy/opt/gz_plugin_vendor:/opt/ros/jazzy/opt/gz_fuel_tools_vendor:/opt/ros/jazzy/opt/gz_msgs_vendor:/opt/ros/jazzy/opt/gz_common_vendor:/opt/ros/jazzy/opt/gz_math_vendor:/opt/ros/jazzy/opt/gz_utils_vendor:/opt/ros/jazzy/opt/gz_tools_vendor:/opt/ros/jazzy/opt/gz_ogre_next_vendor:/opt/ros/jazzy/opt/gz_dartsim_vendor:/opt/ros/jazzy/opt/gz_cmake_vendor PYTHONPATH=/root/workspaces/ros2_ws/build/ffw_bringup/prefix_override:/usr/lib/python3/dist-packages/colcon_core/task/python/colcon_distutils_commands:/root/workspaces/ros2_ws/install/ffw_bringup/lib/python3.12/site-packages:${PYTHONPATH} /usr/bin/python3 -W ignore:setup.py install is deprecated -W ignore:easy_install command is deprecated setup.py egg_info --egg-base ../../../build/ffw_bringup build --build-base /root/workspaces/ros2_ws/build/ffw_bringup/build install --record /root/workspaces/ros2_ws/build/ffw_bringup/install.log --install-scripts $base/lib/ffw_bringup --single-version-externally-managed install_data
[17.909s] Level 1:colcon.colcon_core.environment:checking '/root/workspaces/ros2_ws/install/ffw_bringup' for CMake config files
[17.936s] Level 1:colcon.colcon_core.environment:checking '/root/workspaces/ros2_ws/install/ffw_bringup/lib'
[17.947s] Level 1:colcon.colcon_core.environment:checking '/root/workspaces/ros2_ws/install/ffw_bringup/bin'
[17.958s] Level 1:colcon.colcon_core.environment:checking '/root/workspaces/ros2_ws/install/ffw_bringup/lib/pkgconfig/ffw_bringup.pc'
[17.961s] Level 1:colcon.colcon_core.environment:checking '/root/workspaces/ros2_ws/install/ffw_bringup/lib/python3.12/site-packages'
[17.970s] Level 1:colcon.colcon_core.shell:create_environment_hook('ffw_bringup', 'pythonpath')
[17.981s] INFO:colcon.colcon_core.shell:Creating environment hook '/root/workspaces/ros2_ws/install/ffw_bringup/share/ffw_bringup/hook/pythonpath.ps1'
[18.011s] INFO:colcon.colcon_core.shell:Creating environment descriptor '/root/workspaces/ros2_ws/install/ffw_bringup/share/ffw_bringup/hook/pythonpath.dsv'
[18.028s] INFO:colcon.colcon_core.shell:Creating environment hook '/root/workspaces/ros2_ws/install/ffw_bringup/share/ffw_bringup/hook/pythonpath.sh'
[18.046s] Level 1:colcon.colcon_core.environment:checking '/root/workspaces/ros2_ws/install/ffw_bringup/bin'
[18.046s] Level 1:colcon.colcon_core.environment:create_environment_scripts_only(ffw_bringup)
[18.057s] INFO:colcon.colcon_core.shell:Creating package script '/root/workspaces/ros2_ws/install/ffw_bringup/share/ffw_bringup/package.ps1'
[18.080s] INFO:colcon.colcon_core.shell:Creating package descriptor '/root/workspaces/ros2_ws/install/ffw_bringup/share/ffw_bringup/package.dsv'
[18.096s] INFO:colcon.colcon_core.shell:Creating package script '/root/workspaces/ros2_ws/install/ffw_bringup/share/ffw_bringup/package.sh'
[18.119s] INFO:colcon.colcon_core.shell:Creating package script '/root/workspaces/ros2_ws/install/ffw_bringup/share/ffw_bringup/package.bash'
[18.134s] INFO:colcon.colcon_core.shell:Creating package script '/root/workspaces/ros2_ws/install/ffw_bringup/share/ffw_bringup/package.zsh'
[18.151s] Level 1:colcon.colcon_core.environment:create_file_with_runtime_dependencies(/root/workspaces/ros2_ws/install/ffw_bringup/share/colcon-core/packages/ffw_bringup)
[18.172s] DEBUG:colcon.colcon_parallel_executor.executor.parallel:closing loop
[18.172s] DEBUG:colcon.colcon_parallel_executor.executor.parallel:loop closed
[18.173s] DEBUG:colcon.colcon_parallel_executor.executor.parallel:run_until_complete finished with '0'
[18.173s] DEBUG:colcon.colcon_core.event_reactor:joining thread
[18.253s] INFO:colcon.colcon_core.plugin_system:Skipping extension 'colcon_notification.desktop_notification.notify_send': Could not find 'notify-send'
[18.255s] INFO:colcon.colcon_core.plugin_system:Skipping extension 'colcon_notification.desktop_notification.terminal_notifier': Not used on non-Darwin systems
[18.267s] INFO:colcon.colcon_core.plugin_system:Skipping extension 'colcon_notification.desktop_notification.win32': Not used on non-Windows systems
[18.267s] INFO:colcon.colcon_notification.desktop_notification:Sending desktop notification using 'notify2'
[18.286s] DEBUG:colcon.colcon_notification.desktop_notification.notify2:Failed to initialize notify2: org.freedesktop.DBus.Error.Spawn.ExecFailed: /usr/bin/dbus-launch terminated abnormally without any error message
[18.287s] DEBUG:colcon.colcon_core.event_reactor:joined thread
[18.288s] INFO:colcon.colcon_core.shell:Creating prefix script '/root/workspaces/ros2_ws/install/local_setup.ps1'
[18.308s] INFO:colcon.colcon_core.shell:Creating prefix util module '/root/workspaces/ros2_ws/install/_local_setup_util_ps1.py'
[18.345s] INFO:colcon.colcon_core.shell:Creating prefix chain script '/root/workspaces/ros2_ws/install/setup.ps1'
[18.401s] INFO:colcon.colcon_core.shell:Creating prefix script '/root/workspaces/ros2_ws/install/local_setup.sh'
[18.427s] INFO:colcon.colcon_core.shell:Creating prefix util module '/root/workspaces/ros2_ws/install/_local_setup_util_sh.py'
[18.458s] INFO:colcon.colcon_core.shell:Creating prefix chain script '/root/workspaces/ros2_ws/install/setup.sh'
[18.516s] INFO:colcon.colcon_core.shell:Creating prefix script '/root/workspaces/ros2_ws/install/local_setup.bash'
[18.533s] INFO:colcon.colcon_core.shell:Creating prefix chain script '/root/workspaces/ros2_ws/install/setup.bash'
[18.583s] INFO:colcon.colcon_core.shell:Creating prefix script '/root/workspaces/ros2_ws/install/local_setup.zsh'
[18.614s] INFO:colcon.colcon_core.shell:Creating prefix chain script '/root/workspaces/ros2_ws/install/setup.zsh'
