[0.000000] (-) TimerEvent: {}
[0.000150] (ffw_description) JobQueued: {'identifier': 'ffw_description', 'dependencies': OrderedDict()}
[0.000178] (ffw_moveit_config) JobQueued: {'identifier': 'ffw_moveit_config', 'dependencies': OrderedDict()}
[0.000192] (ffw_navigation) JobQueued: {'identifier': 'ffw_navigation', 'dependencies': OrderedDict()}
[0.000203] (ffw_swerve_drive_controller) JobQueued: {'identifier': 'ffw_swerve_drive_controller', 'dependencies': OrderedDict()}
[0.000213] (ffw_teleop) JobQueued: {'identifier': 'ffw_teleop', 'dependencies': OrderedDict()}
[0.000222] (library_world) JobQueued: {'identifier': 'library_world', 'dependencies': OrderedDict()}
[0.000229] (warehouse_worlds) JobQueued: {'identifier': 'warehouse_worlds', 'dependencies': OrderedDict()}
[0.000237] (ffw_bringup) JobQueued: {'identifier': 'ffw_bringup', 'dependencies': OrderedDict({'ffw_description': '/root/workspaces/ros2_ws/install/ffw_description'})}
[0.000251] (ffw_description) JobStarted: {'identifier': 'ffw_description'}
[0.063372] (ffw_moveit_config) JobStarted: {'identifier': 'ffw_moveit_config'}
[0.094175] (-) TimerEvent: {}
[0.108224] (ffw_navigation) JobStarted: {'identifier': 'ffw_navigation'}
[0.151314] (ffw_swerve_drive_controller) JobStarted: {'identifier': 'ffw_swerve_drive_controller'}
[0.194274] (-) TimerEvent: {}
[0.213387] (ffw_description) JobProgress: {'identifier': 'ffw_description', 'progress': 'cmake'}
[0.271521] (ffw_description) Command: {'cmd': ['/usr/bin/cmake', '/root/workspaces/ros2_ws/src/ai-worker-sim/ffw_description', '-DCMAKE_INSTALL_PREFIX=/root/workspaces/ros2_ws/install/ffw_description'], 'cwd': '/root/workspaces/ros2_ws/build/ffw_description', 'env': OrderedDict({'LESSOPEN': '| /usr/bin/lesspipe %s', 'ACTIVE_WS_PATH': '/root/workspaces/turtlebot_ws', 'GZ_SIM_RESOURCE_PATH': '/opt/ros/jazzy/share', 'SUPERVISOR_GROUP_NAME': 'ttyd', 'GZ_CONFIG_PATH': '/opt/ros/jazzy/opt/gz_sim_vendor/share/gz:/opt/ros/jazzy/opt/sdformat_vendor/share/gz:/opt/ros/jazzy/opt/gz_gui_vendor/share/gz:/opt/ros/jazzy/opt/gz_transport_vendor/share/gz:/opt/ros/jazzy/opt/gz_rendering_vendor/share/gz:/opt/ros/jazzy/opt/gz_plugin_vendor/share/gz:/opt/ros/jazzy/opt/gz_fuel_tools_vendor/share/gz:/opt/ros/jazzy/opt/gz_msgs_vendor/share/gz:/opt/ros/jazzy/opt/gz_common_vendor/share/gz', 'HOSTNAME': 'ip-172-31-30-45.eu-central-1.compute.internal', 'SHLVL': '1', 'LD_LIBRARY_PATH': '/opt/ros/jazzy/opt/gz_sim_vendor/lib:/opt/ros/jazzy/opt/gz_sensors_vendor/lib:/opt/ros/jazzy/opt/gz_physics_vendor/lib:/opt/ros/jazzy/opt/sdformat_vendor/lib:/opt/ros/jazzy/opt/rviz_ogre_vendor/lib:/opt/ros/jazzy/lib/x86_64-linux-gnu:/opt/ros/jazzy/opt/gz_gui_vendor/lib:/opt/ros/jazzy/opt/gz_transport_vendor/lib:/opt/ros/jazzy/opt/gz_rendering_vendor/lib:/opt/ros/jazzy/opt/gz_plugin_vendor/lib:/opt/ros/jazzy/opt/gz_fuel_tools_vendor/lib:/opt/ros/jazzy/opt/gz_msgs_vendor/lib:/opt/ros/jazzy/opt/gz_common_vendor/lib:/opt/ros/jazzy/opt/gz_math_vendor/lib:/opt/ros/jazzy/opt/gz_utils_vendor/lib:/opt/ros/jazzy/opt/gz_tools_vendor/lib:/opt/ros/jazzy/opt/gz_ogre_next_vendor/lib:/opt/ros/jazzy/opt/gz_dartsim_vendor/lib:/opt/ros/jazzy/opt/gz_cmake_vendor/lib:/opt/ros/jazzy/lib', 'HOME': '/root', 'EFS_PATH': '/workspaces/113baa83-0a52-42aa-9f6b-d5b552759739', 'OLDPWD': '/root/workspaces/ros2_ws/src', 'ROS_PYTHON_VERSION': '3', 'AWS_CONTAINER_CREDENTIALS_RELATIVE_URI': '/v2/credentials/a1e09ffa-983f-471c-8ec0-b8e714b0031e', 'AWS_EXECUTION_ENV': 'AWS_ECS_FARGATE', 'COLCON_PREFIX_PATH': '/root/workspaces/turtlebot_ws/install', 'ECS_AGENT_URI': 'http://169.254.170.2/api/07ce5f5e937f436fbcd52f6e51abfffa-1842134484', 'ROS_DISTRO': 'jazzy', 'AWS_DEFAULT_REGION': 'eu-central-1', '_': '/usr/bin/colcon', 'ROS_VERSION': '2', 'ECS_CONTAINER_METADATA_URI_V4': 'http://169.254.170.2/v4/07ce5f5e937f436fbcd52f6e51abfffa-1842134484', 'TERM': 'xterm-256color', 'ECS_CONTAINER_METADATA_URI': 'http://169.254.170.2/v3/07ce5f5e937f436fbcd52f6e51abfffa-1842134484', 'SESSION_UUID': '113baa83-0a52-42aa-9f6b-d5b552759739', 'PATH': '/opt/ros/jazzy/opt/gz_msgs_vendor/bin:/opt/ros/jazzy/opt/gz_tools_vendor/bin:/opt/ros/jazzy/opt/gz_ogre_next_vendor/bin:/opt/ros/jazzy/bin:/usr/local/sbin:/usr/local/bin:/usr/sbin:/usr/bin:/sbin:/bin', 'XDG_RUNTIME_DIR': '/tmp/runtime-root', 'DISPLAY': ':1', 'LANG': 'en_US.UTF-8', 'LS_COLORS': 'rs=0:di=01;34:ln=01;36:mh=00:pi=40;33:so=01;35:do=01;35:bd=40;33;01:cd=40;33;01:or=40;31;01:mi=00:su=37;41:sg=30;43:ca=00:tw=30;42:ow=34;42:st=37;44:ex=01;32:*.tar=01;31:*.tgz=01;31:*.arc=01;31:*.arj=01;31:*.taz=01;31:*.lha=01;31:*.lz4=01;31:*.lzh=01;31:*.lzma=01;31:*.tlz=01;31:*.txz=01;31:*.tzo=01;31:*.t7z=01;31:*.zip=01;31:*.z=01;31:*.dz=01;31:*.gz=01;31:*.lrz=01;31:*.lz=01;31:*.lzo=01;31:*.xz=01;31:*.zst=01;31:*.tzst=01;31:*.bz2=01;31:*.bz=01;31:*.tbz=01;31:*.tbz2=01;31:*.tz=01;31:*.deb=01;31:*.rpm=01;31:*.jar=01;31:*.war=01;31:*.ear=01;31:*.sar=01;31:*.rar=01;31:*.alz=01;31:*.ace=01;31:*.zoo=01;31:*.cpio=01;31:*.7z=01;31:*.rz=01;31:*.cab=01;31:*.wim=01;31:*.swm=01;31:*.dwm=01;31:*.esd=01;31:*.avif=01;35:*.jpg=01;35:*.jpeg=01;35:*.mjpg=01;35:*.mjpeg=01;35:*.gif=01;35:*.bmp=01;35:*.pbm=01;35:*.pgm=01;35:*.ppm=01;35:*.tga=01;35:*.xbm=01;35:*.xpm=01;35:*.tif=01;35:*.tiff=01;35:*.png=01;35:*.svg=01;35:*.svgz=01;35:*.mng=01;35:*.pcx=01;35:*.mov=01;35:*.mpg=01;35:*.mpeg=01;35:*.m2v=01;35:*.mkv=01;35:*.webm=01;35:*.webp=01;35:*.ogm=01;35:*.mp4=01;35:*.m4v=01;35:*.mp4v=01;35:*.vob=01;35:*.qt=01;35:*.nuv=01;35:*.wmv=01;35:*.asf=01;35:*.rm=01;35:*.rmvb=01;35:*.flc=01;35:*.avi=01;35:*.fli=01;35:*.flv=01;35:*.gl=01;35:*.dl=01;35:*.xcf=01;35:*.xwd=01;35:*.yuv=01;35:*.cgm=01;35:*.emf=01;35:*.ogv=01;35:*.ogx=01;35:*.aac=00;36:*.au=00;36:*.flac=00;36:*.m4a=00;36:*.mid=00;36:*.midi=00;36:*.mka=00;36:*.mp3=00;36:*.mpc=00;36:*.ogg=00;36:*.ra=00;36:*.wav=00;36:*.oga=00;36:*.opus=00;36:*.spx=00;36:*.xspf=00;36:*~=00;90:*#=00;90:*.bak=00;90:*.crdownload=00;90:*.dpkg-dist=00;90:*.dpkg-new=00;90:*.dpkg-old=00;90:*.dpkg-tmp=00;90:*.old=00;90:*.orig=00;90:*.part=00;90:*.rej=00;90:*.rpmnew=00;90:*.rpmorig=00;90:*.rpmsave=00;90:*.swp=00;90:*.tmp=00;90:*.ucf-dist=00;90:*.ucf-new=00;90:*.ucf-old=00;90:', 'SUPERVISOR_ENABLED': '1', 'ROS_DOMAIN_ID': '30', 'AMENT_PREFIX_PATH': '/root/workspaces/turtlebot_ws/install/turtlebot3_simulations:/root/workspaces/turtlebot_ws/install/turtlebot3_gazebo:/root/workspaces/turtlebot_ws/install/turtlebot3_fake_node:/opt/ros/jazzy', 'DEBIAN_FRONTEND': 'noninteractive', 'ACTIVE_WS_NAME': 'turtlebot_ws', 'AWS_REGION': 'eu-central-1', 'LESSCLOSE': '/usr/bin/lesspipe %s %s', 'SUPERVISOR_SERVER_URL': 'unix:///var/run/supervisor.sock', 'ROS_AUTOMATIC_DISCOVERY_RANGE': 'SUBNET', 'SUPERVISOR_PROCESS_NAME': 'ttyd', 'PWD': '/root/workspaces/ros2_ws/build/ffw_description', 'TURTLEBOT3_MODEL': 'burger', 'LC_ALL': 'en_US.UTF-8', 'PYTHONPATH': '/opt/ros/jazzy/lib/python3.12/site-packages', 'COLCON': '1', 'CMAKE_PREFIX_PATH': '/root/workspaces/turtlebot_ws/install/turtlebot3_simulations:/root/workspaces/turtlebot_ws/install/turtlebot3_gazebo:/root/workspaces/turtlebot_ws/install/turtlebot3_fake_node:/opt/ros/jazzy/opt/gz_sim_vendor:/opt/ros/jazzy/opt/gz_sensors_vendor:/opt/ros/jazzy/opt/gz_physics_vendor:/opt/ros/jazzy/opt/sdformat_vendor:/opt/ros/jazzy/opt/gz_gui_vendor:/opt/ros/jazzy/opt/gz_transport_vendor:/opt/ros/jazzy/opt/gz_rendering_vendor:/opt/ros/jazzy/opt/gz_plugin_vendor:/opt/ros/jazzy/opt/gz_fuel_tools_vendor:/opt/ros/jazzy/opt/gz_msgs_vendor:/opt/ros/jazzy/opt/gz_common_vendor:/opt/ros/jazzy/opt/gz_math_vendor:/opt/ros/jazzy/opt/gz_utils_vendor:/opt/ros/jazzy/opt/gz_tools_vendor:/opt/ros/jazzy/opt/gz_ogre_next_vendor:/opt/ros/jazzy/opt/gz_dartsim_vendor:/opt/ros/jazzy/opt/gz_cmake_vendor:/opt/ros/jazzy'}), 'shell': False}
[0.307037] (-) TimerEvent: {}
[0.307152] (ffw_moveit_config) JobProgress: {'identifier': 'ffw_moveit_config', 'progress': 'cmake'}
[0.347387] (ffw_moveit_config) Command: {'cmd': ['/usr/bin/cmake', '/root/workspaces/ros2_ws/src/ai-worker-sim/ffw_moveit_config', '-DCMAKE_INSTALL_PREFIX=/root/workspaces/ros2_ws/install/ffw_moveit_config'], 'cwd': '/root/workspaces/ros2_ws/build/ffw_moveit_config', 'env': OrderedDict({'LESSOPEN': '| /usr/bin/lesspipe %s', 'ACTIVE_WS_PATH': '/root/workspaces/turtlebot_ws', 'GZ_SIM_RESOURCE_PATH': '/opt/ros/jazzy/share', 'SUPERVISOR_GROUP_NAME': 'ttyd', 'GZ_CONFIG_PATH': '/opt/ros/jazzy/opt/gz_sim_vendor/share/gz:/opt/ros/jazzy/opt/sdformat_vendor/share/gz:/opt/ros/jazzy/opt/gz_gui_vendor/share/gz:/opt/ros/jazzy/opt/gz_transport_vendor/share/gz:/opt/ros/jazzy/opt/gz_rendering_vendor/share/gz:/opt/ros/jazzy/opt/gz_plugin_vendor/share/gz:/opt/ros/jazzy/opt/gz_fuel_tools_vendor/share/gz:/opt/ros/jazzy/opt/gz_msgs_vendor/share/gz:/opt/ros/jazzy/opt/gz_common_vendor/share/gz', 'HOSTNAME': 'ip-172-31-30-45.eu-central-1.compute.internal', 'SHLVL': '1', 'LD_LIBRARY_PATH': '/opt/ros/jazzy/opt/gz_sim_vendor/lib:/opt/ros/jazzy/opt/gz_sensors_vendor/lib:/opt/ros/jazzy/opt/gz_physics_vendor/lib:/opt/ros/jazzy/opt/sdformat_vendor/lib:/opt/ros/jazzy/opt/rviz_ogre_vendor/lib:/opt/ros/jazzy/lib/x86_64-linux-gnu:/opt/ros/jazzy/opt/gz_gui_vendor/lib:/opt/ros/jazzy/opt/gz_transport_vendor/lib:/opt/ros/jazzy/opt/gz_rendering_vendor/lib:/opt/ros/jazzy/opt/gz_plugin_vendor/lib:/opt/ros/jazzy/opt/gz_fuel_tools_vendor/lib:/opt/ros/jazzy/opt/gz_msgs_vendor/lib:/opt/ros/jazzy/opt/gz_common_vendor/lib:/opt/ros/jazzy/opt/gz_math_vendor/lib:/opt/ros/jazzy/opt/gz_utils_vendor/lib:/opt/ros/jazzy/opt/gz_tools_vendor/lib:/opt/ros/jazzy/opt/gz_ogre_next_vendor/lib:/opt/ros/jazzy/opt/gz_dartsim_vendor/lib:/opt/ros/jazzy/opt/gz_cmake_vendor/lib:/opt/ros/jazzy/lib', 'HOME': '/root', 'EFS_PATH': '/workspaces/113baa83-0a52-42aa-9f6b-d5b552759739', 'OLDPWD': '/root/workspaces/ros2_ws/src', 'ROS_PYTHON_VERSION': '3', 'AWS_CONTAINER_CREDENTIALS_RELATIVE_URI': '/v2/credentials/a1e09ffa-983f-471c-8ec0-b8e714b0031e', 'AWS_EXECUTION_ENV': 'AWS_ECS_FARGATE', 'COLCON_PREFIX_PATH': '/root/workspaces/turtlebot_ws/install', 'ECS_AGENT_URI': 'http://169.254.170.2/api/07ce5f5e937f436fbcd52f6e51abfffa-1842134484', 'ROS_DISTRO': 'jazzy', 'AWS_DEFAULT_REGION': 'eu-central-1', '_': '/usr/bin/colcon', 'ROS_VERSION': '2', 'ECS_CONTAINER_METADATA_URI_V4': 'http://169.254.170.2/v4/07ce5f5e937f436fbcd52f6e51abfffa-1842134484', 'TERM': 'xterm-256color', 'ECS_CONTAINER_METADATA_URI': 'http://169.254.170.2/v3/07ce5f5e937f436fbcd52f6e51abfffa-1842134484', 'SESSION_UUID': '113baa83-0a52-42aa-9f6b-d5b552759739', 'PATH': '/opt/ros/jazzy/opt/gz_msgs_vendor/bin:/opt/ros/jazzy/opt/gz_tools_vendor/bin:/opt/ros/jazzy/opt/gz_ogre_next_vendor/bin:/opt/ros/jazzy/bin:/usr/local/sbin:/usr/local/bin:/usr/sbin:/usr/bin:/sbin:/bin', 'XDG_RUNTIME_DIR': '/tmp/runtime-root', 'DISPLAY': ':1', 'LANG': 'en_US.UTF-8', 'LS_COLORS': 'rs=0:di=01;34:ln=01;36:mh=00:pi=40;33:so=01;35:do=01;35:bd=40;33;01:cd=40;33;01:or=40;31;01:mi=00:su=37;41:sg=30;43:ca=00:tw=30;42:ow=34;42:st=37;44:ex=01;32:*.tar=01;31:*.tgz=01;31:*.arc=01;31:*.arj=01;31:*.taz=01;31:*.lha=01;31:*.lz4=01;31:*.lzh=01;31:*.lzma=01;31:*.tlz=01;31:*.txz=01;31:*.tzo=01;31:*.t7z=01;31:*.zip=01;31:*.z=01;31:*.dz=01;31:*.gz=01;31:*.lrz=01;31:*.lz=01;31:*.lzo=01;31:*.xz=01;31:*.zst=01;31:*.tzst=01;31:*.bz2=01;31:*.bz=01;31:*.tbz=01;31:*.tbz2=01;31:*.tz=01;31:*.deb=01;31:*.rpm=01;31:*.jar=01;31:*.war=01;31:*.ear=01;31:*.sar=01;31:*.rar=01;31:*.alz=01;31:*.ace=01;31:*.zoo=01;31:*.cpio=01;31:*.7z=01;31:*.rz=01;31:*.cab=01;31:*.wim=01;31:*.swm=01;31:*.dwm=01;31:*.esd=01;31:*.avif=01;35:*.jpg=01;35:*.jpeg=01;35:*.mjpg=01;35:*.mjpeg=01;35:*.gif=01;35:*.bmp=01;35:*.pbm=01;35:*.pgm=01;35:*.ppm=01;35:*.tga=01;35:*.xbm=01;35:*.xpm=01;35:*.tif=01;35:*.tiff=01;35:*.png=01;35:*.svg=01;35:*.svgz=01;35:*.mng=01;35:*.pcx=01;35:*.mov=01;35:*.mpg=01;35:*.mpeg=01;35:*.m2v=01;35:*.mkv=01;35:*.webm=01;35:*.webp=01;35:*.ogm=01;35:*.mp4=01;35:*.m4v=01;35:*.mp4v=01;35:*.vob=01;35:*.qt=01;35:*.nuv=01;35:*.wmv=01;35:*.asf=01;35:*.rm=01;35:*.rmvb=01;35:*.flc=01;35:*.avi=01;35:*.fli=01;35:*.flv=01;35:*.gl=01;35:*.dl=01;35:*.xcf=01;35:*.xwd=01;35:*.yuv=01;35:*.cgm=01;35:*.emf=01;35:*.ogv=01;35:*.ogx=01;35:*.aac=00;36:*.au=00;36:*.flac=00;36:*.m4a=00;36:*.mid=00;36:*.midi=00;36:*.mka=00;36:*.mp3=00;36:*.mpc=00;36:*.ogg=00;36:*.ra=00;36:*.wav=00;36:*.oga=00;36:*.opus=00;36:*.spx=00;36:*.xspf=00;36:*~=00;90:*#=00;90:*.bak=00;90:*.crdownload=00;90:*.dpkg-dist=00;90:*.dpkg-new=00;90:*.dpkg-old=00;90:*.dpkg-tmp=00;90:*.old=00;90:*.orig=00;90:*.part=00;90:*.rej=00;90:*.rpmnew=00;90:*.rpmorig=00;90:*.rpmsave=00;90:*.swp=00;90:*.tmp=00;90:*.ucf-dist=00;90:*.ucf-new=00;90:*.ucf-old=00;90:', 'SUPERVISOR_ENABLED': '1', 'ROS_DOMAIN_ID': '30', 'AMENT_PREFIX_PATH': '/root/workspaces/turtlebot_ws/install/turtlebot3_simulations:/root/workspaces/turtlebot_ws/install/turtlebot3_gazebo:/root/workspaces/turtlebot_ws/install/turtlebot3_fake_node:/opt/ros/jazzy', 'DEBIAN_FRONTEND': 'noninteractive', 'ACTIVE_WS_NAME': 'turtlebot_ws', 'AWS_REGION': 'eu-central-1', 'LESSCLOSE': '/usr/bin/lesspipe %s %s', 'SUPERVISOR_SERVER_URL': 'unix:///var/run/supervisor.sock', 'ROS_AUTOMATIC_DISCOVERY_RANGE': 'SUBNET', 'SUPERVISOR_PROCESS_NAME': 'ttyd', 'PWD': '/root/workspaces/ros2_ws/build/ffw_moveit_config', 'TURTLEBOT3_MODEL': 'burger', 'LC_ALL': 'en_US.UTF-8', 'PYTHONPATH': '/opt/ros/jazzy/lib/python3.12/site-packages', 'COLCON': '1', 'CMAKE_PREFIX_PATH': '/root/workspaces/turtlebot_ws/install/turtlebot3_simulations:/root/workspaces/turtlebot_ws/install/turtlebot3_gazebo:/root/workspaces/turtlebot_ws/install/turtlebot3_fake_node:/opt/ros/jazzy/opt/gz_sim_vendor:/opt/ros/jazzy/opt/gz_sensors_vendor:/opt/ros/jazzy/opt/gz_physics_vendor:/opt/ros/jazzy/opt/sdformat_vendor:/opt/ros/jazzy/opt/gz_gui_vendor:/opt/ros/jazzy/opt/gz_transport_vendor:/opt/ros/jazzy/opt/gz_rendering_vendor:/opt/ros/jazzy/opt/gz_plugin_vendor:/opt/ros/jazzy/opt/gz_fuel_tools_vendor:/opt/ros/jazzy/opt/gz_msgs_vendor:/opt/ros/jazzy/opt/gz_common_vendor:/opt/ros/jazzy/opt/gz_math_vendor:/opt/ros/jazzy/opt/gz_utils_vendor:/opt/ros/jazzy/opt/gz_tools_vendor:/opt/ros/jazzy/opt/gz_ogre_next_vendor:/opt/ros/jazzy/opt/gz_dartsim_vendor:/opt/ros/jazzy/opt/gz_cmake_vendor:/opt/ros/jazzy'}), 'shell': False}
[0.382976] (ffw_navigation) JobProgress: {'identifier': 'ffw_navigation', 'progress': 'cmake'}
[0.407143] (-) TimerEvent: {}
[0.416120] (ffw_navigation) Command: {'cmd': ['/usr/bin/cmake', '/root/workspaces/ros2_ws/src/ai-worker-sim/ffw_navigation', '-DCMAKE_INSTALL_PREFIX=/root/workspaces/ros2_ws/install/ffw_navigation'], 'cwd': '/root/workspaces/ros2_ws/build/ffw_navigation', 'env': OrderedDict({'LESSOPEN': '| /usr/bin/lesspipe %s', 'ACTIVE_WS_PATH': '/root/workspaces/turtlebot_ws', 'GZ_SIM_RESOURCE_PATH': '/opt/ros/jazzy/share', 'SUPERVISOR_GROUP_NAME': 'ttyd', 'GZ_CONFIG_PATH': '/opt/ros/jazzy/opt/gz_sim_vendor/share/gz:/opt/ros/jazzy/opt/sdformat_vendor/share/gz:/opt/ros/jazzy/opt/gz_gui_vendor/share/gz:/opt/ros/jazzy/opt/gz_transport_vendor/share/gz:/opt/ros/jazzy/opt/gz_rendering_vendor/share/gz:/opt/ros/jazzy/opt/gz_plugin_vendor/share/gz:/opt/ros/jazzy/opt/gz_fuel_tools_vendor/share/gz:/opt/ros/jazzy/opt/gz_msgs_vendor/share/gz:/opt/ros/jazzy/opt/gz_common_vendor/share/gz', 'HOSTNAME': 'ip-172-31-30-45.eu-central-1.compute.internal', 'SHLVL': '1', 'LD_LIBRARY_PATH': '/opt/ros/jazzy/opt/gz_sim_vendor/lib:/opt/ros/jazzy/opt/gz_sensors_vendor/lib:/opt/ros/jazzy/opt/gz_physics_vendor/lib:/opt/ros/jazzy/opt/sdformat_vendor/lib:/opt/ros/jazzy/opt/rviz_ogre_vendor/lib:/opt/ros/jazzy/lib/x86_64-linux-gnu:/opt/ros/jazzy/opt/gz_gui_vendor/lib:/opt/ros/jazzy/opt/gz_transport_vendor/lib:/opt/ros/jazzy/opt/gz_rendering_vendor/lib:/opt/ros/jazzy/opt/gz_plugin_vendor/lib:/opt/ros/jazzy/opt/gz_fuel_tools_vendor/lib:/opt/ros/jazzy/opt/gz_msgs_vendor/lib:/opt/ros/jazzy/opt/gz_common_vendor/lib:/opt/ros/jazzy/opt/gz_math_vendor/lib:/opt/ros/jazzy/opt/gz_utils_vendor/lib:/opt/ros/jazzy/opt/gz_tools_vendor/lib:/opt/ros/jazzy/opt/gz_ogre_next_vendor/lib:/opt/ros/jazzy/opt/gz_dartsim_vendor/lib:/opt/ros/jazzy/opt/gz_cmake_vendor/lib:/opt/ros/jazzy/lib', 'HOME': '/root', 'EFS_PATH': '/workspaces/113baa83-0a52-42aa-9f6b-d5b552759739', 'OLDPWD': '/root/workspaces/ros2_ws/src', 'ROS_PYTHON_VERSION': '3', 'AWS_CONTAINER_CREDENTIALS_RELATIVE_URI': '/v2/credentials/a1e09ffa-983f-471c-8ec0-b8e714b0031e', 'AWS_EXECUTION_ENV': 'AWS_ECS_FARGATE', 'COLCON_PREFIX_PATH': '/root/workspaces/turtlebot_ws/install', 'ECS_AGENT_URI': 'http://169.254.170.2/api/07ce5f5e937f436fbcd52f6e51abfffa-1842134484', 'ROS_DISTRO': 'jazzy', 'AWS_DEFAULT_REGION': 'eu-central-1', '_': '/usr/bin/colcon', 'ROS_VERSION': '2', 'ECS_CONTAINER_METADATA_URI_V4': 'http://169.254.170.2/v4/07ce5f5e937f436fbcd52f6e51abfffa-1842134484', 'TERM': 'xterm-256color', 'ECS_CONTAINER_METADATA_URI': 'http://169.254.170.2/v3/07ce5f5e937f436fbcd52f6e51abfffa-1842134484', 'SESSION_UUID': '113baa83-0a52-42aa-9f6b-d5b552759739', 'PATH': '/opt/ros/jazzy/opt/gz_msgs_vendor/bin:/opt/ros/jazzy/opt/gz_tools_vendor/bin:/opt/ros/jazzy/opt/gz_ogre_next_vendor/bin:/opt/ros/jazzy/bin:/usr/local/sbin:/usr/local/bin:/usr/sbin:/usr/bin:/sbin:/bin', 'XDG_RUNTIME_DIR': '/tmp/runtime-root', 'DISPLAY': ':1', 'LANG': 'en_US.UTF-8', 'LS_COLORS': 'rs=0:di=01;34:ln=01;36:mh=00:pi=40;33:so=01;35:do=01;35:bd=40;33;01:cd=40;33;01:or=40;31;01:mi=00:su=37;41:sg=30;43:ca=00:tw=30;42:ow=34;42:st=37;44:ex=01;32:*.tar=01;31:*.tgz=01;31:*.arc=01;31:*.arj=01;31:*.taz=01;31:*.lha=01;31:*.lz4=01;31:*.lzh=01;31:*.lzma=01;31:*.tlz=01;31:*.txz=01;31:*.tzo=01;31:*.t7z=01;31:*.zip=01;31:*.z=01;31:*.dz=01;31:*.gz=01;31:*.lrz=01;31:*.lz=01;31:*.lzo=01;31:*.xz=01;31:*.zst=01;31:*.tzst=01;31:*.bz2=01;31:*.bz=01;31:*.tbz=01;31:*.tbz2=01;31:*.tz=01;31:*.deb=01;31:*.rpm=01;31:*.jar=01;31:*.war=01;31:*.ear=01;31:*.sar=01;31:*.rar=01;31:*.alz=01;31:*.ace=01;31:*.zoo=01;31:*.cpio=01;31:*.7z=01;31:*.rz=01;31:*.cab=01;31:*.wim=01;31:*.swm=01;31:*.dwm=01;31:*.esd=01;31:*.avif=01;35:*.jpg=01;35:*.jpeg=01;35:*.mjpg=01;35:*.mjpeg=01;35:*.gif=01;35:*.bmp=01;35:*.pbm=01;35:*.pgm=01;35:*.ppm=01;35:*.tga=01;35:*.xbm=01;35:*.xpm=01;35:*.tif=01;35:*.tiff=01;35:*.png=01;35:*.svg=01;35:*.svgz=01;35:*.mng=01;35:*.pcx=01;35:*.mov=01;35:*.mpg=01;35:*.mpeg=01;35:*.m2v=01;35:*.mkv=01;35:*.webm=01;35:*.webp=01;35:*.ogm=01;35:*.mp4=01;35:*.m4v=01;35:*.mp4v=01;35:*.vob=01;35:*.qt=01;35:*.nuv=01;35:*.wmv=01;35:*.asf=01;35:*.rm=01;35:*.rmvb=01;35:*.flc=01;35:*.avi=01;35:*.fli=01;35:*.flv=01;35:*.gl=01;35:*.dl=01;35:*.xcf=01;35:*.xwd=01;35:*.yuv=01;35:*.cgm=01;35:*.emf=01;35:*.ogv=01;35:*.ogx=01;35:*.aac=00;36:*.au=00;36:*.flac=00;36:*.m4a=00;36:*.mid=00;36:*.midi=00;36:*.mka=00;36:*.mp3=00;36:*.mpc=00;36:*.ogg=00;36:*.ra=00;36:*.wav=00;36:*.oga=00;36:*.opus=00;36:*.spx=00;36:*.xspf=00;36:*~=00;90:*#=00;90:*.bak=00;90:*.crdownload=00;90:*.dpkg-dist=00;90:*.dpkg-new=00;90:*.dpkg-old=00;90:*.dpkg-tmp=00;90:*.old=00;90:*.orig=00;90:*.part=00;90:*.rej=00;90:*.rpmnew=00;90:*.rpmorig=00;90:*.rpmsave=00;90:*.swp=00;90:*.tmp=00;90:*.ucf-dist=00;90:*.ucf-new=00;90:*.ucf-old=00;90:', 'SUPERVISOR_ENABLED': '1', 'ROS_DOMAIN_ID': '30', 'AMENT_PREFIX_PATH': '/root/workspaces/turtlebot_ws/install/turtlebot3_simulations:/root/workspaces/turtlebot_ws/install/turtlebot3_gazebo:/root/workspaces/turtlebot_ws/install/turtlebot3_fake_node:/opt/ros/jazzy', 'DEBIAN_FRONTEND': 'noninteractive', 'ACTIVE_WS_NAME': 'turtlebot_ws', 'AWS_REGION': 'eu-central-1', 'LESSCLOSE': '/usr/bin/lesspipe %s %s', 'SUPERVISOR_SERVER_URL': 'unix:///var/run/supervisor.sock', 'ROS_AUTOMATIC_DISCOVERY_RANGE': 'SUBNET', 'SUPERVISOR_PROCESS_NAME': 'ttyd', 'PWD': '/root/workspaces/ros2_ws/build/ffw_navigation', 'TURTLEBOT3_MODEL': 'burger', 'LC_ALL': 'en_US.UTF-8', 'PYTHONPATH': '/opt/ros/jazzy/lib/python3.12/site-packages', 'COLCON': '1', 'CMAKE_PREFIX_PATH': '/root/workspaces/turtlebot_ws/install/turtlebot3_simulations:/root/workspaces/turtlebot_ws/install/turtlebot3_gazebo:/root/workspaces/turtlebot_ws/install/turtlebot3_fake_node:/opt/ros/jazzy/opt/gz_sim_vendor:/opt/ros/jazzy/opt/gz_sensors_vendor:/opt/ros/jazzy/opt/gz_physics_vendor:/opt/ros/jazzy/opt/sdformat_vendor:/opt/ros/jazzy/opt/gz_gui_vendor:/opt/ros/jazzy/opt/gz_transport_vendor:/opt/ros/jazzy/opt/gz_rendering_vendor:/opt/ros/jazzy/opt/gz_plugin_vendor:/opt/ros/jazzy/opt/gz_fuel_tools_vendor:/opt/ros/jazzy/opt/gz_msgs_vendor:/opt/ros/jazzy/opt/gz_common_vendor:/opt/ros/jazzy/opt/gz_math_vendor:/opt/ros/jazzy/opt/gz_utils_vendor:/opt/ros/jazzy/opt/gz_tools_vendor:/opt/ros/jazzy/opt/gz_ogre_next_vendor:/opt/ros/jazzy/opt/gz_dartsim_vendor:/opt/ros/jazzy/opt/gz_cmake_vendor:/opt/ros/jazzy'}), 'shell': False}
[0.450857] (ffw_swerve_drive_controller) JobProgress: {'identifier': 'ffw_swerve_drive_controller', 'progress': 'cmake'}
[0.492787] (ffw_swerve_drive_controller) Command: {'cmd': ['/usr/bin/cmake', '/root/workspaces/ros2_ws/src/ai-worker-sim/ffw_swerve_drive_controller', '-DCMAKE_INSTALL_PREFIX=/root/workspaces/ros2_ws/install/ffw_swerve_drive_controller'], 'cwd': '/root/workspaces/ros2_ws/build/ffw_swerve_drive_controller', 'env': OrderedDict({'LESSOPEN': '| /usr/bin/lesspipe %s', 'ACTIVE_WS_PATH': '/root/workspaces/turtlebot_ws', 'GZ_SIM_RESOURCE_PATH': '/opt/ros/jazzy/share', 'SUPERVISOR_GROUP_NAME': 'ttyd', 'GZ_CONFIG_PATH': '/opt/ros/jazzy/opt/gz_sim_vendor/share/gz:/opt/ros/jazzy/opt/sdformat_vendor/share/gz:/opt/ros/jazzy/opt/gz_gui_vendor/share/gz:/opt/ros/jazzy/opt/gz_transport_vendor/share/gz:/opt/ros/jazzy/opt/gz_rendering_vendor/share/gz:/opt/ros/jazzy/opt/gz_plugin_vendor/share/gz:/opt/ros/jazzy/opt/gz_fuel_tools_vendor/share/gz:/opt/ros/jazzy/opt/gz_msgs_vendor/share/gz:/opt/ros/jazzy/opt/gz_common_vendor/share/gz', 'HOSTNAME': 'ip-172-31-30-45.eu-central-1.compute.internal', 'SHLVL': '1', 'LD_LIBRARY_PATH': '/opt/ros/jazzy/opt/gz_sim_vendor/lib:/opt/ros/jazzy/opt/gz_sensors_vendor/lib:/opt/ros/jazzy/opt/gz_physics_vendor/lib:/opt/ros/jazzy/opt/sdformat_vendor/lib:/opt/ros/jazzy/opt/rviz_ogre_vendor/lib:/opt/ros/jazzy/lib/x86_64-linux-gnu:/opt/ros/jazzy/opt/gz_gui_vendor/lib:/opt/ros/jazzy/opt/gz_transport_vendor/lib:/opt/ros/jazzy/opt/gz_rendering_vendor/lib:/opt/ros/jazzy/opt/gz_plugin_vendor/lib:/opt/ros/jazzy/opt/gz_fuel_tools_vendor/lib:/opt/ros/jazzy/opt/gz_msgs_vendor/lib:/opt/ros/jazzy/opt/gz_common_vendor/lib:/opt/ros/jazzy/opt/gz_math_vendor/lib:/opt/ros/jazzy/opt/gz_utils_vendor/lib:/opt/ros/jazzy/opt/gz_tools_vendor/lib:/opt/ros/jazzy/opt/gz_ogre_next_vendor/lib:/opt/ros/jazzy/opt/gz_dartsim_vendor/lib:/opt/ros/jazzy/opt/gz_cmake_vendor/lib:/opt/ros/jazzy/lib', 'HOME': '/root', 'EFS_PATH': '/workspaces/113baa83-0a52-42aa-9f6b-d5b552759739', 'OLDPWD': '/root/workspaces/ros2_ws/src', 'ROS_PYTHON_VERSION': '3', 'AWS_CONTAINER_CREDENTIALS_RELATIVE_URI': '/v2/credentials/a1e09ffa-983f-471c-8ec0-b8e714b0031e', 'AWS_EXECUTION_ENV': 'AWS_ECS_FARGATE', 'COLCON_PREFIX_PATH': '/root/workspaces/turtlebot_ws/install', 'ECS_AGENT_URI': 'http://169.254.170.2/api/07ce5f5e937f436fbcd52f6e51abfffa-1842134484', 'ROS_DISTRO': 'jazzy', 'AWS_DEFAULT_REGION': 'eu-central-1', '_': '/usr/bin/colcon', 'ROS_VERSION': '2', 'ECS_CONTAINER_METADATA_URI_V4': 'http://169.254.170.2/v4/07ce5f5e937f436fbcd52f6e51abfffa-1842134484', 'TERM': 'xterm-256color', 'ECS_CONTAINER_METADATA_URI': 'http://169.254.170.2/v3/07ce5f5e937f436fbcd52f6e51abfffa-1842134484', 'SESSION_UUID': '113baa83-0a52-42aa-9f6b-d5b552759739', 'PATH': '/opt/ros/jazzy/opt/gz_msgs_vendor/bin:/opt/ros/jazzy/opt/gz_tools_vendor/bin:/opt/ros/jazzy/opt/gz_ogre_next_vendor/bin:/opt/ros/jazzy/bin:/usr/local/sbin:/usr/local/bin:/usr/sbin:/usr/bin:/sbin:/bin', 'XDG_RUNTIME_DIR': '/tmp/runtime-root', 'DISPLAY': ':1', 'LANG': 'en_US.UTF-8', 'LS_COLORS': 'rs=0:di=01;34:ln=01;36:mh=00:pi=40;33:so=01;35:do=01;35:bd=40;33;01:cd=40;33;01:or=40;31;01:mi=00:su=37;41:sg=30;43:ca=00:tw=30;42:ow=34;42:st=37;44:ex=01;32:*.tar=01;31:*.tgz=01;31:*.arc=01;31:*.arj=01;31:*.taz=01;31:*.lha=01;31:*.lz4=01;31:*.lzh=01;31:*.lzma=01;31:*.tlz=01;31:*.txz=01;31:*.tzo=01;31:*.t7z=01;31:*.zip=01;31:*.z=01;31:*.dz=01;31:*.gz=01;31:*.lrz=01;31:*.lz=01;31:*.lzo=01;31:*.xz=01;31:*.zst=01;31:*.tzst=01;31:*.bz2=01;31:*.bz=01;31:*.tbz=01;31:*.tbz2=01;31:*.tz=01;31:*.deb=01;31:*.rpm=01;31:*.jar=01;31:*.war=01;31:*.ear=01;31:*.sar=01;31:*.rar=01;31:*.alz=01;31:*.ace=01;31:*.zoo=01;31:*.cpio=01;31:*.7z=01;31:*.rz=01;31:*.cab=01;31:*.wim=01;31:*.swm=01;31:*.dwm=01;31:*.esd=01;31:*.avif=01;35:*.jpg=01;35:*.jpeg=01;35:*.mjpg=01;35:*.mjpeg=01;35:*.gif=01;35:*.bmp=01;35:*.pbm=01;35:*.pgm=01;35:*.ppm=01;35:*.tga=01;35:*.xbm=01;35:*.xpm=01;35:*.tif=01;35:*.tiff=01;35:*.png=01;35:*.svg=01;35:*.svgz=01;35:*.mng=01;35:*.pcx=01;35:*.mov=01;35:*.mpg=01;35:*.mpeg=01;35:*.m2v=01;35:*.mkv=01;35:*.webm=01;35:*.webp=01;35:*.ogm=01;35:*.mp4=01;35:*.m4v=01;35:*.mp4v=01;35:*.vob=01;35:*.qt=01;35:*.nuv=01;35:*.wmv=01;35:*.asf=01;35:*.rm=01;35:*.rmvb=01;35:*.flc=01;35:*.avi=01;35:*.fli=01;35:*.flv=01;35:*.gl=01;35:*.dl=01;35:*.xcf=01;35:*.xwd=01;35:*.yuv=01;35:*.cgm=01;35:*.emf=01;35:*.ogv=01;35:*.ogx=01;35:*.aac=00;36:*.au=00;36:*.flac=00;36:*.m4a=00;36:*.mid=00;36:*.midi=00;36:*.mka=00;36:*.mp3=00;36:*.mpc=00;36:*.ogg=00;36:*.ra=00;36:*.wav=00;36:*.oga=00;36:*.opus=00;36:*.spx=00;36:*.xspf=00;36:*~=00;90:*#=00;90:*.bak=00;90:*.crdownload=00;90:*.dpkg-dist=00;90:*.dpkg-new=00;90:*.dpkg-old=00;90:*.dpkg-tmp=00;90:*.old=00;90:*.orig=00;90:*.part=00;90:*.rej=00;90:*.rpmnew=00;90:*.rpmorig=00;90:*.rpmsave=00;90:*.swp=00;90:*.tmp=00;90:*.ucf-dist=00;90:*.ucf-new=00;90:*.ucf-old=00;90:', 'SUPERVISOR_ENABLED': '1', 'ROS_DOMAIN_ID': '30', 'AMENT_PREFIX_PATH': '/root/workspaces/turtlebot_ws/install/turtlebot3_simulations:/root/workspaces/turtlebot_ws/install/turtlebot3_gazebo:/root/workspaces/turtlebot_ws/install/turtlebot3_fake_node:/opt/ros/jazzy', 'DEBIAN_FRONTEND': 'noninteractive', 'ACTIVE_WS_NAME': 'turtlebot_ws', 'AWS_REGION': 'eu-central-1', 'LESSCLOSE': '/usr/bin/lesspipe %s %s', 'SUPERVISOR_SERVER_URL': 'unix:///var/run/supervisor.sock', 'ROS_AUTOMATIC_DISCOVERY_RANGE': 'SUBNET', 'SUPERVISOR_PROCESS_NAME': 'ttyd', 'PWD': '/root/workspaces/ros2_ws/build/ffw_swerve_drive_controller', 'TURTLEBOT3_MODEL': 'burger', 'LC_ALL': 'en_US.UTF-8', 'PYTHONPATH': '/opt/ros/jazzy/lib/python3.12/site-packages', 'COLCON': '1', 'CMAKE_PREFIX_PATH': '/root/workspaces/turtlebot_ws/install/turtlebot3_simulations:/root/workspaces/turtlebot_ws/install/turtlebot3_gazebo:/root/workspaces/turtlebot_ws/install/turtlebot3_fake_node:/opt/ros/jazzy/opt/gz_sim_vendor:/opt/ros/jazzy/opt/gz_sensors_vendor:/opt/ros/jazzy/opt/gz_physics_vendor:/opt/ros/jazzy/opt/sdformat_vendor:/opt/ros/jazzy/opt/gz_gui_vendor:/opt/ros/jazzy/opt/gz_transport_vendor:/opt/ros/jazzy/opt/gz_rendering_vendor:/opt/ros/jazzy/opt/gz_plugin_vendor:/opt/ros/jazzy/opt/gz_fuel_tools_vendor:/opt/ros/jazzy/opt/gz_msgs_vendor:/opt/ros/jazzy/opt/gz_common_vendor:/opt/ros/jazzy/opt/gz_math_vendor:/opt/ros/jazzy/opt/gz_utils_vendor:/opt/ros/jazzy/opt/gz_tools_vendor:/opt/ros/jazzy/opt/gz_ogre_next_vendor:/opt/ros/jazzy/opt/gz_dartsim_vendor:/opt/ros/jazzy/opt/gz_cmake_vendor:/opt/ros/jazzy'}), 'shell': False}
[0.526929] (-) TimerEvent: {}
[0.572145] (ffw_description) StdoutLine: {'line': b'-- The C compiler identification is GNU 13.3.0\n'}
[0.627065] (-) TimerEvent: {}
[0.630555] (ffw_moveit_config) StdoutLine: {'line': b'-- The C compiler identification is GNU 13.3.0\n'}
[0.727186] (-) TimerEvent: {}
[0.738150] (ffw_navigation) StdoutLine: {'line': b'-- The C compiler identification is GNU 13.3.0\n'}
[0.761453] (ffw_swerve_drive_controller) StdoutLine: {'line': b'-- The C compiler identification is GNU 13.3.0\n'}
[0.781662] (ffw_description) StdoutLine: {'line': b'-- The CXX compiler identification is GNU 13.3.0\n'}
[0.827328] (-) TimerEvent: {}
[0.860409] (ffw_description) StdoutLine: {'line': b'-- Detecting C compiler ABI info\n'}
[0.867199] (ffw_moveit_config) StdoutLine: {'line': b'-- The CXX compiler identification is GNU 13.3.0\n'}
[0.927464] (-) TimerEvent: {}
[0.947941] (ffw_moveit_config) StdoutLine: {'line': b'-- Detecting C compiler ABI info\n'}
[0.960736] (ffw_navigation) StdoutLine: {'line': b'-- The CXX compiler identification is GNU 13.3.0\n'}
[0.991760] (ffw_swerve_drive_controller) StdoutLine: {'line': b'-- The CXX compiler identification is GNU 13.3.0\n'}
[1.027585] (-) TimerEvent: {}
[1.044020] (ffw_navigation) StdoutLine: {'line': b'-- Detecting C compiler ABI info\n'}
[1.074440] (ffw_swerve_drive_controller) StdoutLine: {'line': b'-- Detecting C compiler ABI info\n'}
[1.127708] (-) TimerEvent: {}
[1.228051] (-) TimerEvent: {}
[1.328378] (-) TimerEvent: {}
[1.428714] (-) TimerEvent: {}
[1.529048] (-) TimerEvent: {}
[1.629392] (-) TimerEvent: {}
[1.729819] (-) TimerEvent: {}
[1.794731] (ffw_description) StdoutLine: {'line': b'-- Detecting C compiler ABI info - done\n'}
[1.809219] (ffw_description) StdoutLine: {'line': b'-- Check for working C compiler: /usr/bin/cc - skipped\n'}
[1.809489] (ffw_description) StdoutLine: {'line': b'-- Detecting C compile features\n'}
[1.809878] (ffw_description) StdoutLine: {'line': b'-- Detecting C compile features - done\n'}
[1.829944] (-) TimerEvent: {}
[1.882190] (ffw_description) StdoutLine: {'line': b'-- Detecting CXX compiler ABI info\n'}
[1.930061] (-) TimerEvent: {}
[1.931431] (ffw_moveit_config) StdoutLine: {'line': b'-- Detecting C compiler ABI info - done\n'}
[1.945496] (ffw_moveit_config) StdoutLine: {'line': b'-- Check for working C compiler: /usr/bin/cc - skipped\n'}
[1.958259] (ffw_moveit_config) StdoutLine: {'line': b'-- Detecting C compile features\n'}
[1.958402] (ffw_moveit_config) StdoutLine: {'line': b'-- Detecting C compile features - done\n'}
[1.975031] (ffw_swerve_drive_controller) StdoutLine: {'line': b'-- Detecting C compiler ABI info - done\n'}
[1.986230] (ffw_navigation) StdoutLine: {'line': b'-- Detecting C compiler ABI info - done\n'}
[1.988509] (ffw_swerve_drive_controller) StdoutLine: {'line': b'-- Check for working C compiler: /usr/bin/cc - skipped\n'}
[1.992338] (ffw_swerve_drive_controller) StdoutLine: {'line': b'-- Detecting C compile features\n'}
[2.012800] (ffw_swerve_drive_controller) StdoutLine: {'line': b'-- Detecting C compile features - done\n'}
[2.012983] (ffw_navigation) StdoutLine: {'line': b'-- Check for working C compiler: /usr/bin/cc - skipped\n'}
[2.013076] (ffw_navigation) StdoutLine: {'line': b'-- Detecting C compile features\n'}
[2.013162] (ffw_navigation) StdoutLine: {'line': b'-- Detecting C compile features - done\n'}
[2.017270] (ffw_moveit_config) StdoutLine: {'line': b'-- Detecting CXX compiler ABI info\n'}
[2.030163] (-) TimerEvent: {}
[2.061195] (ffw_swerve_drive_controller) StdoutLine: {'line': b'-- Detecting CXX compiler ABI info\n'}
[2.071048] (ffw_navigation) StdoutLine: {'line': b'-- Detecting CXX compiler ABI info\n'}
[2.130296] (-) TimerEvent: {}
[2.230632] (-) TimerEvent: {}
[2.330931] (-) TimerEvent: {}
[2.431285] (-) TimerEvent: {}
[2.531612] (-) TimerEvent: {}
[2.632104] (-) TimerEvent: {}
[2.732437] (-) TimerEvent: {}
[2.832746] (-) TimerEvent: {}
[2.835468] (ffw_description) StdoutLine: {'line': b'-- Detecting CXX compiler ABI info - done\n'}
[2.849937] (ffw_description) StdoutLine: {'line': b'-- Check for working CXX compiler: /usr/bin/c++ - skipped\n'}
[2.856287] (ffw_description) StdoutLine: {'line': b'-- Detecting CXX compile features\n'}
[2.856411] (ffw_description) StdoutLine: {'line': b'-- Detecting CXX compile features - done\n'}
[2.932861] (-) TimerEvent: {}
[2.950669] (ffw_moveit_config) StdoutLine: {'line': b'-- Detecting CXX compiler ABI info - done\n'}
[2.950862] (ffw_swerve_drive_controller) StdoutLine: {'line': b'-- Detecting CXX compiler ABI info - done\n'}
[2.969347] (ffw_swerve_drive_controller) StdoutLine: {'line': b'-- Check for working CXX compiler: /usr/bin/c++ - skipped\n'}
[2.969651] (ffw_swerve_drive_controller) StdoutLine: {'line': b'-- Detecting CXX compile features\n'}
[2.969944] (ffw_moveit_config) StdoutLine: {'line': b'-- Check for working CXX compiler: /usr/bin/c++ - skipped\n'}
[2.970222] (ffw_swerve_drive_controller) StdoutLine: {'line': b'-- Detecting CXX compile features - done\n'}
[2.970343] (ffw_moveit_config) StdoutLine: {'line': b'-- Detecting CXX compile features\n'}
[2.975222] (ffw_moveit_config) StdoutLine: {'line': b'-- Detecting CXX compile features - done\n'}
[2.993469] (ffw_description) StdoutLine: {'line': b'-- Found ament_cmake: 2.5.6 (/opt/ros/jazzy/share/ament_cmake/cmake)\n'}
[2.999283] (ffw_navigation) StdoutLine: {'line': b'-- Detecting CXX compiler ABI info - done\n'}
[3.013990] (ffw_navigation) StdoutLine: {'line': b'-- Check for working CXX compiler: /usr/bin/c++ - skipped\n'}
[3.014246] (ffw_navigation) StdoutLine: {'line': b'-- Detecting CXX compile features\n'}
[3.014671] (ffw_navigation) StdoutLine: {'line': b'-- Detecting CXX compile features - done\n'}
[3.032971] (-) TimerEvent: {}
[3.081966] (ffw_swerve_drive_controller) StdoutLine: {'line': b'-- Found ament_cmake: 2.5.6 (/opt/ros/jazzy/share/ament_cmake/cmake)\n'}
[3.085303] (ffw_moveit_config) StdoutLine: {'line': b'-- Found ament_cmake: 2.5.6 (/opt/ros/jazzy/share/ament_cmake/cmake)\n'}
[3.128196] (ffw_navigation) StdoutLine: {'line': b'-- Found ament_cmake: 2.5.6 (/opt/ros/jazzy/share/ament_cmake/cmake)\n'}
[3.133058] (-) TimerEvent: {}
[3.233356] (-) TimerEvent: {}
[3.333686] (-) TimerEvent: {}
[3.388463] (ffw_moveit_config) StdoutLine: {'line': b'-- Found Python3: /usr/bin/python3 (found version "3.12.3") found components: Interpreter \n'}
[3.391858] (ffw_swerve_drive_controller) StdoutLine: {'line': b'-- Found Python3: /usr/bin/python3 (found version "3.12.3") found components: Interpreter \n'}
[3.409306] (ffw_navigation) StdoutLine: {'line': b'-- Found Python3: /usr/bin/python3 (found version "3.12.3") found components: Interpreter \n'}
[3.413889] (ffw_description) StdoutLine: {'line': b'-- Found Python3: /usr/bin/python3 (found version "3.12.3") found components: Interpreter \n'}
[3.433778] (-) TimerEvent: {}
[3.536287] (-) TimerEvent: {}
[3.636597] (-) TimerEvent: {}
[3.736958] (-) TimerEvent: {}
[3.837316] (-) TimerEvent: {}
[3.937631] (-) TimerEvent: {}
[4.037925] (-) TimerEvent: {}
[4.138238] (-) TimerEvent: {}
[4.238804] (-) TimerEvent: {}
[4.339144] (-) TimerEvent: {}
[4.421020] (ffw_navigation) StdoutLine: {'line': b'-- Found behaviortree_cpp: 4.9.0 (/opt/ros/jazzy/share/behaviortree_cpp/cmake)\n'}
[4.439261] (-) TimerEvent: {}
[4.473431] (ffw_swerve_drive_controller) StdoutLine: {'line': b'-- Found controller_interface: 4.45.2 (/opt/ros/jazzy/share/controller_interface/cmake)\n'}
[4.527935] (ffw_navigation) StdoutLine: {'line': b'-- Found nav_msgs: 5.3.8 (/opt/ros/jazzy/share/nav_msgs/cmake)\n'}
[4.539393] (-) TimerEvent: {}
[4.639753] (-) TimerEvent: {}
[4.740077] (-) TimerEvent: {}
[4.840375] (-) TimerEvent: {}
[4.940694] (-) TimerEvent: {}
[4.968406] (ffw_moveit_config) StdoutLine: {'line': b'-- Configuring done (4.6s)\n'}
[4.999159] (ffw_navigation) StdoutLine: {'line': b'-- Found rosidl_generator_c: 4.6.9 (/opt/ros/jazzy/share/rosidl_generator_c/cmake)\n'}
[5.001255] (ffw_description) StdoutLine: {'line': b'-- Configuring done (4.7s)\n'}
[5.040812] (-) TimerEvent: {}
[5.043838] (ffw_swerve_drive_controller) StdoutLine: {'line': b'-- Found rosidl_generator_c: 4.6.9 (/opt/ros/jazzy/share/rosidl_generator_c/cmake)\n'}
[5.140928] (-) TimerEvent: {}
[5.151209] (ffw_navigation) StdoutLine: {'line': b'-- Found rosidl_generator_cpp: 4.6.9 (/opt/ros/jazzy/share/rosidl_generator_cpp/cmake)\n'}
[5.161906] (ffw_swerve_drive_controller) StdoutLine: {'line': b'-- Found rosidl_generator_cpp: 4.6.9 (/opt/ros/jazzy/share/rosidl_generator_cpp/cmake)\n'}
[5.241052] (-) TimerEvent: {}
[5.325466] (ffw_swerve_drive_controller) StdoutLine: {'line': b'-- Using all available rosidl_typesupport_c: rosidl_typesupport_fastrtps_c;rosidl_typesupport_introspection_c\n'}
[5.325799] (ffw_navigation) StdoutLine: {'line': b'-- Using all available rosidl_typesupport_c: rosidl_typesupport_fastrtps_c;rosidl_typesupport_introspection_c\n'}
[5.341189] (-) TimerEvent: {}
[5.441457] (-) TimerEvent: {}
[5.498327] (ffw_navigation) StdoutLine: {'line': b'-- Using all available rosidl_typesupport_cpp: rosidl_typesupport_fastrtps_cpp;rosidl_typesupport_introspection_cpp\n'}
[5.498812] (ffw_swerve_drive_controller) StdoutLine: {'line': b'-- Using all available rosidl_typesupport_cpp: rosidl_typesupport_fastrtps_cpp;rosidl_typesupport_introspection_cpp\n'}
[5.541578] (-) TimerEvent: {}
[5.611877] (ffw_moveit_config) StdoutLine: {'line': b'-- Generating done (0.6s)\n'}
[5.641708] (-) TimerEvent: {}
[5.657385] (ffw_description) StdoutLine: {'line': b'-- Generating done (0.6s)\n'}
[5.741828] (-) TimerEvent: {}
[5.842176] (-) TimerEvent: {}
[5.909136] (ffw_moveit_config) StdoutLine: {'line': b'-- Build files have been written to: /root/workspaces/ros2_ws/build/ffw_moveit_config\n'}
[5.913470] (ffw_moveit_config) CommandEnded: {'returncode': 0}
[5.916018] (ffw_navigation) StdoutLine: {'line': b'-- Found rclcpp: 28.1.21 (/opt/ros/jazzy/share/rclcpp/cmake)\n'}
[5.916179] (ffw_moveit_config) JobProgress: {'identifier': 'ffw_moveit_config', 'progress': 'build'}
[5.917751] (ffw_moveit_config) Command: {'cmd': ['/usr/bin/cmake', '--build', '/root/workspaces/ros2_ws/build/ffw_moveit_config', '--', '-j4', '-l4'], 'cwd': '/root/workspaces/ros2_ws/build/ffw_moveit_config', 'env': OrderedDict({'LESSOPEN': '| /usr/bin/lesspipe %s', 'ACTIVE_WS_PATH': '/root/workspaces/turtlebot_ws', 'GZ_SIM_RESOURCE_PATH': '/opt/ros/jazzy/share', 'SUPERVISOR_GROUP_NAME': 'ttyd', 'GZ_CONFIG_PATH': '/opt/ros/jazzy/opt/gz_sim_vendor/share/gz:/opt/ros/jazzy/opt/sdformat_vendor/share/gz:/opt/ros/jazzy/opt/gz_gui_vendor/share/gz:/opt/ros/jazzy/opt/gz_transport_vendor/share/gz:/opt/ros/jazzy/opt/gz_rendering_vendor/share/gz:/opt/ros/jazzy/opt/gz_plugin_vendor/share/gz:/opt/ros/jazzy/opt/gz_fuel_tools_vendor/share/gz:/opt/ros/jazzy/opt/gz_msgs_vendor/share/gz:/opt/ros/jazzy/opt/gz_common_vendor/share/gz', 'HOSTNAME': 'ip-172-31-30-45.eu-central-1.compute.internal', 'SHLVL': '1', 'LD_LIBRARY_PATH': '/opt/ros/jazzy/opt/gz_sim_vendor/lib:/opt/ros/jazzy/opt/gz_sensors_vendor/lib:/opt/ros/jazzy/opt/gz_physics_vendor/lib:/opt/ros/jazzy/opt/sdformat_vendor/lib:/opt/ros/jazzy/opt/rviz_ogre_vendor/lib:/opt/ros/jazzy/lib/x86_64-linux-gnu:/opt/ros/jazzy/opt/gz_gui_vendor/lib:/opt/ros/jazzy/opt/gz_transport_vendor/lib:/opt/ros/jazzy/opt/gz_rendering_vendor/lib:/opt/ros/jazzy/opt/gz_plugin_vendor/lib:/opt/ros/jazzy/opt/gz_fuel_tools_vendor/lib:/opt/ros/jazzy/opt/gz_msgs_vendor/lib:/opt/ros/jazzy/opt/gz_common_vendor/lib:/opt/ros/jazzy/opt/gz_math_vendor/lib:/opt/ros/jazzy/opt/gz_utils_vendor/lib:/opt/ros/jazzy/opt/gz_tools_vendor/lib:/opt/ros/jazzy/opt/gz_ogre_next_vendor/lib:/opt/ros/jazzy/opt/gz_dartsim_vendor/lib:/opt/ros/jazzy/opt/gz_cmake_vendor/lib:/opt/ros/jazzy/lib', 'HOME': '/root', 'EFS_PATH': '/workspaces/113baa83-0a52-42aa-9f6b-d5b552759739', 'OLDPWD': '/root/workspaces/ros2_ws/src', 'ROS_PYTHON_VERSION': '3', 'AWS_CONTAINER_CREDENTIALS_RELATIVE_URI': '/v2/credentials/a1e09ffa-983f-471c-8ec0-b8e714b0031e', 'AWS_EXECUTION_ENV': 'AWS_ECS_FARGATE', 'COLCON_PREFIX_PATH': '/root/workspaces/turtlebot_ws/install', 'ECS_AGENT_URI': 'http://169.254.170.2/api/07ce5f5e937f436fbcd52f6e51abfffa-1842134484', 'ROS_DISTRO': 'jazzy', 'AWS_DEFAULT_REGION': 'eu-central-1', '_': '/usr/bin/colcon', 'ROS_VERSION': '2', 'ECS_CONTAINER_METADATA_URI_V4': 'http://169.254.170.2/v4/07ce5f5e937f436fbcd52f6e51abfffa-1842134484', 'TERM': 'xterm-256color', 'ECS_CONTAINER_METADATA_URI': 'http://169.254.170.2/v3/07ce5f5e937f436fbcd52f6e51abfffa-1842134484', 'SESSION_UUID': '113baa83-0a52-42aa-9f6b-d5b552759739', 'PATH': '/opt/ros/jazzy/opt/gz_msgs_vendor/bin:/opt/ros/jazzy/opt/gz_tools_vendor/bin:/opt/ros/jazzy/opt/gz_ogre_next_vendor/bin:/opt/ros/jazzy/bin:/usr/local/sbin:/usr/local/bin:/usr/sbin:/usr/bin:/sbin:/bin', 'XDG_RUNTIME_DIR': '/tmp/runtime-root', 'DISPLAY': ':1', 'LANG': 'en_US.UTF-8', 'LS_COLORS': 'rs=0:di=01;34:ln=01;36:mh=00:pi=40;33:so=01;35:do=01;35:bd=40;33;01:cd=40;33;01:or=40;31;01:mi=00:su=37;41:sg=30;43:ca=00:tw=30;42:ow=34;42:st=37;44:ex=01;32:*.tar=01;31:*.tgz=01;31:*.arc=01;31:*.arj=01;31:*.taz=01;31:*.lha=01;31:*.lz4=01;31:*.lzh=01;31:*.lzma=01;31:*.tlz=01;31:*.txz=01;31:*.tzo=01;31:*.t7z=01;31:*.zip=01;31:*.z=01;31:*.dz=01;31:*.gz=01;31:*.lrz=01;31:*.lz=01;31:*.lzo=01;31:*.xz=01;31:*.zst=01;31:*.tzst=01;31:*.bz2=01;31:*.bz=01;31:*.tbz=01;31:*.tbz2=01;31:*.tz=01;31:*.deb=01;31:*.rpm=01;31:*.jar=01;31:*.war=01;31:*.ear=01;31:*.sar=01;31:*.rar=01;31:*.alz=01;31:*.ace=01;31:*.zoo=01;31:*.cpio=01;31:*.7z=01;31:*.rz=01;31:*.cab=01;31:*.wim=01;31:*.swm=01;31:*.dwm=01;31:*.esd=01;31:*.avif=01;35:*.jpg=01;35:*.jpeg=01;35:*.mjpg=01;35:*.mjpeg=01;35:*.gif=01;35:*.bmp=01;35:*.pbm=01;35:*.pgm=01;35:*.ppm=01;35:*.tga=01;35:*.xbm=01;35:*.xpm=01;35:*.tif=01;35:*.tiff=01;35:*.png=01;35:*.svg=01;35:*.svgz=01;35:*.mng=01;35:*.pcx=01;35:*.mov=01;35:*.mpg=01;35:*.mpeg=01;35:*.m2v=01;35:*.mkv=01;35:*.webm=01;35:*.webp=01;35:*.ogm=01;35:*.mp4=01;35:*.m4v=01;35:*.mp4v=01;35:*.vob=01;35:*.qt=01;35:*.nuv=01;35:*.wmv=01;35:*.asf=01;35:*.rm=01;35:*.rmvb=01;35:*.flc=01;35:*.avi=01;35:*.fli=01;35:*.flv=01;35:*.gl=01;35:*.dl=01;35:*.xcf=01;35:*.xwd=01;35:*.yuv=01;35:*.cgm=01;35:*.emf=01;35:*.ogv=01;35:*.ogx=01;35:*.aac=00;36:*.au=00;36:*.flac=00;36:*.m4a=00;36:*.mid=00;36:*.midi=00;36:*.mka=00;36:*.mp3=00;36:*.mpc=00;36:*.ogg=00;36:*.ra=00;36:*.wav=00;36:*.oga=00;36:*.opus=00;36:*.spx=00;36:*.xspf=00;36:*~=00;90:*#=00;90:*.bak=00;90:*.crdownload=00;90:*.dpkg-dist=00;90:*.dpkg-new=00;90:*.dpkg-old=00;90:*.dpkg-tmp=00;90:*.old=00;90:*.orig=00;90:*.part=00;90:*.rej=00;90:*.rpmnew=00;90:*.rpmorig=00;90:*.rpmsave=00;90:*.swp=00;90:*.tmp=00;90:*.ucf-dist=00;90:*.ucf-new=00;90:*.ucf-old=00;90:', 'SUPERVISOR_ENABLED': '1', 'ROS_DOMAIN_ID': '30', 'AMENT_PREFIX_PATH': '/root/workspaces/turtlebot_ws/install/turtlebot3_simulations:/root/workspaces/turtlebot_ws/install/turtlebot3_gazebo:/root/workspaces/turtlebot_ws/install/turtlebot3_fake_node:/opt/ros/jazzy', 'DEBIAN_FRONTEND': 'noninteractive', 'ACTIVE_WS_NAME': 'turtlebot_ws', 'AWS_REGION': 'eu-central-1', 'LESSCLOSE': '/usr/bin/lesspipe %s %s', 'SUPERVISOR_SERVER_URL': 'unix:///var/run/supervisor.sock', 'ROS_AUTOMATIC_DISCOVERY_RANGE': 'SUBNET', 'SUPERVISOR_PROCESS_NAME': 'ttyd', 'PWD': '/root/workspaces/ros2_ws/build/ffw_moveit_config', 'TURTLEBOT3_MODEL': 'burger', 'LC_ALL': 'en_US.UTF-8', 'PYTHONPATH': '/opt/ros/jazzy/lib/python3.12/site-packages', 'COLCON': '1', 'CMAKE_PREFIX_PATH': '/root/workspaces/turtlebot_ws/install/turtlebot3_simulations:/root/workspaces/turtlebot_ws/install/turtlebot3_gazebo:/root/workspaces/turtlebot_ws/install/turtlebot3_fake_node:/opt/ros/jazzy/opt/gz_sim_vendor:/opt/ros/jazzy/opt/gz_sensors_vendor:/opt/ros/jazzy/opt/gz_physics_vendor:/opt/ros/jazzy/opt/sdformat_vendor:/opt/ros/jazzy/opt/gz_gui_vendor:/opt/ros/jazzy/opt/gz_transport_vendor:/opt/ros/jazzy/opt/gz_rendering_vendor:/opt/ros/jazzy/opt/gz_plugin_vendor:/opt/ros/jazzy/opt/gz_fuel_tools_vendor:/opt/ros/jazzy/opt/gz_msgs_vendor:/opt/ros/jazzy/opt/gz_common_vendor:/opt/ros/jazzy/opt/gz_math_vendor:/opt/ros/jazzy/opt/gz_utils_vendor:/opt/ros/jazzy/opt/gz_tools_vendor:/opt/ros/jazzy/opt/gz_ogre_next_vendor:/opt/ros/jazzy/opt/gz_dartsim_vendor:/opt/ros/jazzy/opt/gz_cmake_vendor:/opt/ros/jazzy'}), 'shell': False}
[5.942280] (-) TimerEvent: {}
[5.946269] (ffw_description) StdoutLine: {'line': b'-- Build files have been written to: /root/workspaces/ros2_ws/build/ffw_description\n'}
[5.950752] (ffw_description) CommandEnded: {'returncode': 0}
[5.955122] (ffw_description) JobProgress: {'identifier': 'ffw_description', 'progress': 'build'}
[5.960318] (ffw_description) Command: {'cmd': ['/usr/bin/cmake', '--build', '/root/workspaces/ros2_ws/build/ffw_description', '--', '-j4', '-l4'], 'cwd': '/root/workspaces/ros2_ws/build/ffw_description', 'env': OrderedDict({'LESSOPEN': '| /usr/bin/lesspipe %s', 'ACTIVE_WS_PATH': '/root/workspaces/turtlebot_ws', 'GZ_SIM_RESOURCE_PATH': '/opt/ros/jazzy/share', 'SUPERVISOR_GROUP_NAME': 'ttyd', 'GZ_CONFIG_PATH': '/opt/ros/jazzy/opt/gz_sim_vendor/share/gz:/opt/ros/jazzy/opt/sdformat_vendor/share/gz:/opt/ros/jazzy/opt/gz_gui_vendor/share/gz:/opt/ros/jazzy/opt/gz_transport_vendor/share/gz:/opt/ros/jazzy/opt/gz_rendering_vendor/share/gz:/opt/ros/jazzy/opt/gz_plugin_vendor/share/gz:/opt/ros/jazzy/opt/gz_fuel_tools_vendor/share/gz:/opt/ros/jazzy/opt/gz_msgs_vendor/share/gz:/opt/ros/jazzy/opt/gz_common_vendor/share/gz', 'HOSTNAME': 'ip-172-31-30-45.eu-central-1.compute.internal', 'SHLVL': '1', 'LD_LIBRARY_PATH': '/opt/ros/jazzy/opt/gz_sim_vendor/lib:/opt/ros/jazzy/opt/gz_sensors_vendor/lib:/opt/ros/jazzy/opt/gz_physics_vendor/lib:/opt/ros/jazzy/opt/sdformat_vendor/lib:/opt/ros/jazzy/opt/rviz_ogre_vendor/lib:/opt/ros/jazzy/lib/x86_64-linux-gnu:/opt/ros/jazzy/opt/gz_gui_vendor/lib:/opt/ros/jazzy/opt/gz_transport_vendor/lib:/opt/ros/jazzy/opt/gz_rendering_vendor/lib:/opt/ros/jazzy/opt/gz_plugin_vendor/lib:/opt/ros/jazzy/opt/gz_fuel_tools_vendor/lib:/opt/ros/jazzy/opt/gz_msgs_vendor/lib:/opt/ros/jazzy/opt/gz_common_vendor/lib:/opt/ros/jazzy/opt/gz_math_vendor/lib:/opt/ros/jazzy/opt/gz_utils_vendor/lib:/opt/ros/jazzy/opt/gz_tools_vendor/lib:/opt/ros/jazzy/opt/gz_ogre_next_vendor/lib:/opt/ros/jazzy/opt/gz_dartsim_vendor/lib:/opt/ros/jazzy/opt/gz_cmake_vendor/lib:/opt/ros/jazzy/lib', 'HOME': '/root', 'EFS_PATH': '/workspaces/113baa83-0a52-42aa-9f6b-d5b552759739', 'OLDPWD': '/root/workspaces/ros2_ws/src', 'ROS_PYTHON_VERSION': '3', 'AWS_CONTAINER_CREDENTIALS_RELATIVE_URI': '/v2/credentials/a1e09ffa-983f-471c-8ec0-b8e714b0031e', 'AWS_EXECUTION_ENV': 'AWS_ECS_FARGATE', 'COLCON_PREFIX_PATH': '/root/workspaces/turtlebot_ws/install', 'ECS_AGENT_URI': 'http://169.254.170.2/api/07ce5f5e937f436fbcd52f6e51abfffa-1842134484', 'ROS_DISTRO': 'jazzy', 'AWS_DEFAULT_REGION': 'eu-central-1', '_': '/usr/bin/colcon', 'ROS_VERSION': '2', 'ECS_CONTAINER_METADATA_URI_V4': 'http://169.254.170.2/v4/07ce5f5e937f436fbcd52f6e51abfffa-1842134484', 'TERM': 'xterm-256color', 'ECS_CONTAINER_METADATA_URI': 'http://169.254.170.2/v3/07ce5f5e937f436fbcd52f6e51abfffa-1842134484', 'SESSION_UUID': '113baa83-0a52-42aa-9f6b-d5b552759739', 'PATH': '/opt/ros/jazzy/opt/gz_msgs_vendor/bin:/opt/ros/jazzy/opt/gz_tools_vendor/bin:/opt/ros/jazzy/opt/gz_ogre_next_vendor/bin:/opt/ros/jazzy/bin:/usr/local/sbin:/usr/local/bin:/usr/sbin:/usr/bin:/sbin:/bin', 'XDG_RUNTIME_DIR': '/tmp/runtime-root', 'DISPLAY': ':1', 'LANG': 'en_US.UTF-8', 'LS_COLORS': 'rs=0:di=01;34:ln=01;36:mh=00:pi=40;33:so=01;35:do=01;35:bd=40;33;01:cd=40;33;01:or=40;31;01:mi=00:su=37;41:sg=30;43:ca=00:tw=30;42:ow=34;42:st=37;44:ex=01;32:*.tar=01;31:*.tgz=01;31:*.arc=01;31:*.arj=01;31:*.taz=01;31:*.lha=01;31:*.lz4=01;31:*.lzh=01;31:*.lzma=01;31:*.tlz=01;31:*.txz=01;31:*.tzo=01;31:*.t7z=01;31:*.zip=01;31:*.z=01;31:*.dz=01;31:*.gz=01;31:*.lrz=01;31:*.lz=01;31:*.lzo=01;31:*.xz=01;31:*.zst=01;31:*.tzst=01;31:*.bz2=01;31:*.bz=01;31:*.tbz=01;31:*.tbz2=01;31:*.tz=01;31:*.deb=01;31:*.rpm=01;31:*.jar=01;31:*.war=01;31:*.ear=01;31:*.sar=01;31:*.rar=01;31:*.alz=01;31:*.ace=01;31:*.zoo=01;31:*.cpio=01;31:*.7z=01;31:*.rz=01;31:*.cab=01;31:*.wim=01;31:*.swm=01;31:*.dwm=01;31:*.esd=01;31:*.avif=01;35:*.jpg=01;35:*.jpeg=01;35:*.mjpg=01;35:*.mjpeg=01;35:*.gif=01;35:*.bmp=01;35:*.pbm=01;35:*.pgm=01;35:*.ppm=01;35:*.tga=01;35:*.xbm=01;35:*.xpm=01;35:*.tif=01;35:*.tiff=01;35:*.png=01;35:*.svg=01;35:*.svgz=01;35:*.mng=01;35:*.pcx=01;35:*.mov=01;35:*.mpg=01;35:*.mpeg=01;35:*.m2v=01;35:*.mkv=01;35:*.webm=01;35:*.webp=01;35:*.ogm=01;35:*.mp4=01;35:*.m4v=01;35:*.mp4v=01;35:*.vob=01;35:*.qt=01;35:*.nuv=01;35:*.wmv=01;35:*.asf=01;35:*.rm=01;35:*.rmvb=01;35:*.flc=01;35:*.avi=01;35:*.fli=01;35:*.flv=01;35:*.gl=01;35:*.dl=01;35:*.xcf=01;35:*.xwd=01;35:*.yuv=01;35:*.cgm=01;35:*.emf=01;35:*.ogv=01;35:*.ogx=01;35:*.aac=00;36:*.au=00;36:*.flac=00;36:*.m4a=00;36:*.mid=00;36:*.midi=00;36:*.mka=00;36:*.mp3=00;36:*.mpc=00;36:*.ogg=00;36:*.ra=00;36:*.wav=00;36:*.oga=00;36:*.opus=00;36:*.spx=00;36:*.xspf=00;36:*~=00;90:*#=00;90:*.bak=00;90:*.crdownload=00;90:*.dpkg-dist=00;90:*.dpkg-new=00;90:*.dpkg-old=00;90:*.dpkg-tmp=00;90:*.old=00;90:*.orig=00;90:*.part=00;90:*.rej=00;90:*.rpmnew=00;90:*.rpmorig=00;90:*.rpmsave=00;90:*.swp=00;90:*.tmp=00;90:*.ucf-dist=00;90:*.ucf-new=00;90:*.ucf-old=00;90:', 'SUPERVISOR_ENABLED': '1', 'ROS_DOMAIN_ID': '30', 'AMENT_PREFIX_PATH': '/root/workspaces/turtlebot_ws/install/turtlebot3_simulations:/root/workspaces/turtlebot_ws/install/turtlebot3_gazebo:/root/workspaces/turtlebot_ws/install/turtlebot3_fake_node:/opt/ros/jazzy', 'DEBIAN_FRONTEND': 'noninteractive', 'ACTIVE_WS_NAME': 'turtlebot_ws', 'AWS_REGION': 'eu-central-1', 'LESSCLOSE': '/usr/bin/lesspipe %s %s', 'SUPERVISOR_SERVER_URL': 'unix:///var/run/supervisor.sock', 'ROS_AUTOMATIC_DISCOVERY_RANGE': 'SUBNET', 'SUPERVISOR_PROCESS_NAME': 'ttyd', 'PWD': '/root/workspaces/ros2_ws/build/ffw_description', 'TURTLEBOT3_MODEL': 'burger', 'LC_ALL': 'en_US.UTF-8', 'PYTHONPATH': '/opt/ros/jazzy/lib/python3.12/site-packages', 'COLCON': '1', 'CMAKE_PREFIX_PATH': '/root/workspaces/turtlebot_ws/install/turtlebot3_simulations:/root/workspaces/turtlebot_ws/install/turtlebot3_gazebo:/root/workspaces/turtlebot_ws/install/turtlebot3_fake_node:/opt/ros/jazzy/opt/gz_sim_vendor:/opt/ros/jazzy/opt/gz_sensors_vendor:/opt/ros/jazzy/opt/gz_physics_vendor:/opt/ros/jazzy/opt/sdformat_vendor:/opt/ros/jazzy/opt/gz_gui_vendor:/opt/ros/jazzy/opt/gz_transport_vendor:/opt/ros/jazzy/opt/gz_rendering_vendor:/opt/ros/jazzy/opt/gz_plugin_vendor:/opt/ros/jazzy/opt/gz_fuel_tools_vendor:/opt/ros/jazzy/opt/gz_msgs_vendor:/opt/ros/jazzy/opt/gz_common_vendor:/opt/ros/jazzy/opt/gz_math_vendor:/opt/ros/jazzy/opt/gz_utils_vendor:/opt/ros/jazzy/opt/gz_tools_vendor:/opt/ros/jazzy/opt/gz_ogre_next_vendor:/opt/ros/jazzy/opt/gz_dartsim_vendor:/opt/ros/jazzy/opt/gz_cmake_vendor:/opt/ros/jazzy'}), 'shell': False}
[6.015880] (ffw_moveit_config) CommandEnded: {'returncode': 0}
[6.023937] (ffw_moveit_config) JobProgress: {'identifier': 'ffw_moveit_config', 'progress': 'install'}
[6.042381] (-) TimerEvent: {}
[6.048045] (ffw_moveit_config) Command: {'cmd': ['/usr/bin/cmake', '--install', '/root/workspaces/ros2_ws/build/ffw_moveit_config'], 'cwd': '/root/workspaces/ros2_ws/build/ffw_moveit_config', 'env': OrderedDict({'LESSOPEN': '| /usr/bin/lesspipe %s', 'ACTIVE_WS_PATH': '/root/workspaces/turtlebot_ws', 'GZ_SIM_RESOURCE_PATH': '/opt/ros/jazzy/share', 'SUPERVISOR_GROUP_NAME': 'ttyd', 'GZ_CONFIG_PATH': '/opt/ros/jazzy/opt/gz_sim_vendor/share/gz:/opt/ros/jazzy/opt/sdformat_vendor/share/gz:/opt/ros/jazzy/opt/gz_gui_vendor/share/gz:/opt/ros/jazzy/opt/gz_transport_vendor/share/gz:/opt/ros/jazzy/opt/gz_rendering_vendor/share/gz:/opt/ros/jazzy/opt/gz_plugin_vendor/share/gz:/opt/ros/jazzy/opt/gz_fuel_tools_vendor/share/gz:/opt/ros/jazzy/opt/gz_msgs_vendor/share/gz:/opt/ros/jazzy/opt/gz_common_vendor/share/gz', 'HOSTNAME': 'ip-172-31-30-45.eu-central-1.compute.internal', 'SHLVL': '1', 'LD_LIBRARY_PATH': '/opt/ros/jazzy/opt/gz_sim_vendor/lib:/opt/ros/jazzy/opt/gz_sensors_vendor/lib:/opt/ros/jazzy/opt/gz_physics_vendor/lib:/opt/ros/jazzy/opt/sdformat_vendor/lib:/opt/ros/jazzy/opt/rviz_ogre_vendor/lib:/opt/ros/jazzy/lib/x86_64-linux-gnu:/opt/ros/jazzy/opt/gz_gui_vendor/lib:/opt/ros/jazzy/opt/gz_transport_vendor/lib:/opt/ros/jazzy/opt/gz_rendering_vendor/lib:/opt/ros/jazzy/opt/gz_plugin_vendor/lib:/opt/ros/jazzy/opt/gz_fuel_tools_vendor/lib:/opt/ros/jazzy/opt/gz_msgs_vendor/lib:/opt/ros/jazzy/opt/gz_common_vendor/lib:/opt/ros/jazzy/opt/gz_math_vendor/lib:/opt/ros/jazzy/opt/gz_utils_vendor/lib:/opt/ros/jazzy/opt/gz_tools_vendor/lib:/opt/ros/jazzy/opt/gz_ogre_next_vendor/lib:/opt/ros/jazzy/opt/gz_dartsim_vendor/lib:/opt/ros/jazzy/opt/gz_cmake_vendor/lib:/opt/ros/jazzy/lib', 'HOME': '/root', 'EFS_PATH': '/workspaces/113baa83-0a52-42aa-9f6b-d5b552759739', 'OLDPWD': '/root/workspaces/ros2_ws/src', 'ROS_PYTHON_VERSION': '3', 'AWS_CONTAINER_CREDENTIALS_RELATIVE_URI': '/v2/credentials/a1e09ffa-983f-471c-8ec0-b8e714b0031e', 'AWS_EXECUTION_ENV': 'AWS_ECS_FARGATE', 'COLCON_PREFIX_PATH': '/root/workspaces/turtlebot_ws/install', 'ECS_AGENT_URI': 'http://169.254.170.2/api/07ce5f5e937f436fbcd52f6e51abfffa-1842134484', 'ROS_DISTRO': 'jazzy', 'AWS_DEFAULT_REGION': 'eu-central-1', '_': '/usr/bin/colcon', 'ROS_VERSION': '2', 'ECS_CONTAINER_METADATA_URI_V4': 'http://169.254.170.2/v4/07ce5f5e937f436fbcd52f6e51abfffa-1842134484', 'TERM': 'xterm-256color', 'ECS_CONTAINER_METADATA_URI': 'http://169.254.170.2/v3/07ce5f5e937f436fbcd52f6e51abfffa-1842134484', 'SESSION_UUID': '113baa83-0a52-42aa-9f6b-d5b552759739', 'PATH': '/opt/ros/jazzy/opt/gz_msgs_vendor/bin:/opt/ros/jazzy/opt/gz_tools_vendor/bin:/opt/ros/jazzy/opt/gz_ogre_next_vendor/bin:/opt/ros/jazzy/bin:/usr/local/sbin:/usr/local/bin:/usr/sbin:/usr/bin:/sbin:/bin', 'XDG_RUNTIME_DIR': '/tmp/runtime-root', 'DISPLAY': ':1', 'LANG': 'en_US.UTF-8', 'LS_COLORS': 'rs=0:di=01;34:ln=01;36:mh=00:pi=40;33:so=01;35:do=01;35:bd=40;33;01:cd=40;33;01:or=40;31;01:mi=00:su=37;41:sg=30;43:ca=00:tw=30;42:ow=34;42:st=37;44:ex=01;32:*.tar=01;31:*.tgz=01;31:*.arc=01;31:*.arj=01;31:*.taz=01;31:*.lha=01;31:*.lz4=01;31:*.lzh=01;31:*.lzma=01;31:*.tlz=01;31:*.txz=01;31:*.tzo=01;31:*.t7z=01;31:*.zip=01;31:*.z=01;31:*.dz=01;31:*.gz=01;31:*.lrz=01;31:*.lz=01;31:*.lzo=01;31:*.xz=01;31:*.zst=01;31:*.tzst=01;31:*.bz2=01;31:*.bz=01;31:*.tbz=01;31:*.tbz2=01;31:*.tz=01;31:*.deb=01;31:*.rpm=01;31:*.jar=01;31:*.war=01;31:*.ear=01;31:*.sar=01;31:*.rar=01;31:*.alz=01;31:*.ace=01;31:*.zoo=01;31:*.cpio=01;31:*.7z=01;31:*.rz=01;31:*.cab=01;31:*.wim=01;31:*.swm=01;31:*.dwm=01;31:*.esd=01;31:*.avif=01;35:*.jpg=01;35:*.jpeg=01;35:*.mjpg=01;35:*.mjpeg=01;35:*.gif=01;35:*.bmp=01;35:*.pbm=01;35:*.pgm=01;35:*.ppm=01;35:*.tga=01;35:*.xbm=01;35:*.xpm=01;35:*.tif=01;35:*.tiff=01;35:*.png=01;35:*.svg=01;35:*.svgz=01;35:*.mng=01;35:*.pcx=01;35:*.mov=01;35:*.mpg=01;35:*.mpeg=01;35:*.m2v=01;35:*.mkv=01;35:*.webm=01;35:*.webp=01;35:*.ogm=01;35:*.mp4=01;35:*.m4v=01;35:*.mp4v=01;35:*.vob=01;35:*.qt=01;35:*.nuv=01;35:*.wmv=01;35:*.asf=01;35:*.rm=01;35:*.rmvb=01;35:*.flc=01;35:*.avi=01;35:*.fli=01;35:*.flv=01;35:*.gl=01;35:*.dl=01;35:*.xcf=01;35:*.xwd=01;35:*.yuv=01;35:*.cgm=01;35:*.emf=01;35:*.ogv=01;35:*.ogx=01;35:*.aac=00;36:*.au=00;36:*.flac=00;36:*.m4a=00;36:*.mid=00;36:*.midi=00;36:*.mka=00;36:*.mp3=00;36:*.mpc=00;36:*.ogg=00;36:*.ra=00;36:*.wav=00;36:*.oga=00;36:*.opus=00;36:*.spx=00;36:*.xspf=00;36:*~=00;90:*#=00;90:*.bak=00;90:*.crdownload=00;90:*.dpkg-dist=00;90:*.dpkg-new=00;90:*.dpkg-old=00;90:*.dpkg-tmp=00;90:*.old=00;90:*.orig=00;90:*.part=00;90:*.rej=00;90:*.rpmnew=00;90:*.rpmorig=00;90:*.rpmsave=00;90:*.swp=00;90:*.tmp=00;90:*.ucf-dist=00;90:*.ucf-new=00;90:*.ucf-old=00;90:', 'SUPERVISOR_ENABLED': '1', 'ROS_DOMAIN_ID': '30', 'AMENT_PREFIX_PATH': '/root/workspaces/turtlebot_ws/install/turtlebot3_simulations:/root/workspaces/turtlebot_ws/install/turtlebot3_gazebo:/root/workspaces/turtlebot_ws/install/turtlebot3_fake_node:/opt/ros/jazzy', 'DEBIAN_FRONTEND': 'noninteractive', 'ACTIVE_WS_NAME': 'turtlebot_ws', 'AWS_REGION': 'eu-central-1', 'LESSCLOSE': '/usr/bin/lesspipe %s %s', 'SUPERVISOR_SERVER_URL': 'unix:///var/run/supervisor.sock', 'ROS_AUTOMATIC_DISCOVERY_RANGE': 'SUBNET', 'SUPERVISOR_PROCESS_NAME': 'ttyd', 'PWD': '/root/workspaces/ros2_ws/build/ffw_moveit_config', 'TURTLEBOT3_MODEL': 'burger', 'LC_ALL': 'en_US.UTF-8', 'PYTHONPATH': '/opt/ros/jazzy/lib/python3.12/site-packages', 'COLCON': '1', 'CMAKE_PREFIX_PATH': '/root/workspaces/turtlebot_ws/install/turtlebot3_simulations:/root/workspaces/turtlebot_ws/install/turtlebot3_gazebo:/root/workspaces/turtlebot_ws/install/turtlebot3_fake_node:/opt/ros/jazzy/opt/gz_sim_vendor:/opt/ros/jazzy/opt/gz_sensors_vendor:/opt/ros/jazzy/opt/gz_physics_vendor:/opt/ros/jazzy/opt/sdformat_vendor:/opt/ros/jazzy/opt/gz_gui_vendor:/opt/ros/jazzy/opt/gz_transport_vendor:/opt/ros/jazzy/opt/gz_rendering_vendor:/opt/ros/jazzy/opt/gz_plugin_vendor:/opt/ros/jazzy/opt/gz_fuel_tools_vendor:/opt/ros/jazzy/opt/gz_msgs_vendor:/opt/ros/jazzy/opt/gz_common_vendor:/opt/ros/jazzy/opt/gz_math_vendor:/opt/ros/jazzy/opt/gz_utils_vendor:/opt/ros/jazzy/opt/gz_tools_vendor:/opt/ros/jazzy/opt/gz_ogre_next_vendor:/opt/ros/jazzy/opt/gz_dartsim_vendor:/opt/ros/jazzy/opt/gz_cmake_vendor:/opt/ros/jazzy'}), 'shell': False}
[6.063375] (ffw_description) CommandEnded: {'returncode': 0}
[6.070374] (ffw_description) JobProgress: {'identifier': 'ffw_description', 'progress': 'install'}
[6.072587] (ffw_description) Command: {'cmd': ['/usr/bin/cmake', '--install', '/root/workspaces/ros2_ws/build/ffw_description'], 'cwd': '/root/workspaces/ros2_ws/build/ffw_description', 'env': OrderedDict({'LESSOPEN': '| /usr/bin/lesspipe %s', 'ACTIVE_WS_PATH': '/root/workspaces/turtlebot_ws', 'GZ_SIM_RESOURCE_PATH': '/opt/ros/jazzy/share', 'SUPERVISOR_GROUP_NAME': 'ttyd', 'GZ_CONFIG_PATH': '/opt/ros/jazzy/opt/gz_sim_vendor/share/gz:/opt/ros/jazzy/opt/sdformat_vendor/share/gz:/opt/ros/jazzy/opt/gz_gui_vendor/share/gz:/opt/ros/jazzy/opt/gz_transport_vendor/share/gz:/opt/ros/jazzy/opt/gz_rendering_vendor/share/gz:/opt/ros/jazzy/opt/gz_plugin_vendor/share/gz:/opt/ros/jazzy/opt/gz_fuel_tools_vendor/share/gz:/opt/ros/jazzy/opt/gz_msgs_vendor/share/gz:/opt/ros/jazzy/opt/gz_common_vendor/share/gz', 'HOSTNAME': 'ip-172-31-30-45.eu-central-1.compute.internal', 'SHLVL': '1', 'LD_LIBRARY_PATH': '/opt/ros/jazzy/opt/gz_sim_vendor/lib:/opt/ros/jazzy/opt/gz_sensors_vendor/lib:/opt/ros/jazzy/opt/gz_physics_vendor/lib:/opt/ros/jazzy/opt/sdformat_vendor/lib:/opt/ros/jazzy/opt/rviz_ogre_vendor/lib:/opt/ros/jazzy/lib/x86_64-linux-gnu:/opt/ros/jazzy/opt/gz_gui_vendor/lib:/opt/ros/jazzy/opt/gz_transport_vendor/lib:/opt/ros/jazzy/opt/gz_rendering_vendor/lib:/opt/ros/jazzy/opt/gz_plugin_vendor/lib:/opt/ros/jazzy/opt/gz_fuel_tools_vendor/lib:/opt/ros/jazzy/opt/gz_msgs_vendor/lib:/opt/ros/jazzy/opt/gz_common_vendor/lib:/opt/ros/jazzy/opt/gz_math_vendor/lib:/opt/ros/jazzy/opt/gz_utils_vendor/lib:/opt/ros/jazzy/opt/gz_tools_vendor/lib:/opt/ros/jazzy/opt/gz_ogre_next_vendor/lib:/opt/ros/jazzy/opt/gz_dartsim_vendor/lib:/opt/ros/jazzy/opt/gz_cmake_vendor/lib:/opt/ros/jazzy/lib', 'HOME': '/root', 'EFS_PATH': '/workspaces/113baa83-0a52-42aa-9f6b-d5b552759739', 'OLDPWD': '/root/workspaces/ros2_ws/src', 'ROS_PYTHON_VERSION': '3', 'AWS_CONTAINER_CREDENTIALS_RELATIVE_URI': '/v2/credentials/a1e09ffa-983f-471c-8ec0-b8e714b0031e', 'AWS_EXECUTION_ENV': 'AWS_ECS_FARGATE', 'COLCON_PREFIX_PATH': '/root/workspaces/turtlebot_ws/install', 'ECS_AGENT_URI': 'http://169.254.170.2/api/07ce5f5e937f436fbcd52f6e51abfffa-1842134484', 'ROS_DISTRO': 'jazzy', 'AWS_DEFAULT_REGION': 'eu-central-1', '_': '/usr/bin/colcon', 'ROS_VERSION': '2', 'ECS_CONTAINER_METADATA_URI_V4': 'http://169.254.170.2/v4/07ce5f5e937f436fbcd52f6e51abfffa-1842134484', 'TERM': 'xterm-256color', 'ECS_CONTAINER_METADATA_URI': 'http://169.254.170.2/v3/07ce5f5e937f436fbcd52f6e51abfffa-1842134484', 'SESSION_UUID': '113baa83-0a52-42aa-9f6b-d5b552759739', 'PATH': '/opt/ros/jazzy/opt/gz_msgs_vendor/bin:/opt/ros/jazzy/opt/gz_tools_vendor/bin:/opt/ros/jazzy/opt/gz_ogre_next_vendor/bin:/opt/ros/jazzy/bin:/usr/local/sbin:/usr/local/bin:/usr/sbin:/usr/bin:/sbin:/bin', 'XDG_RUNTIME_DIR': '/tmp/runtime-root', 'DISPLAY': ':1', 'LANG': 'en_US.UTF-8', 'LS_COLORS': 'rs=0:di=01;34:ln=01;36:mh=00:pi=40;33:so=01;35:do=01;35:bd=40;33;01:cd=40;33;01:or=40;31;01:mi=00:su=37;41:sg=30;43:ca=00:tw=30;42:ow=34;42:st=37;44:ex=01;32:*.tar=01;31:*.tgz=01;31:*.arc=01;31:*.arj=01;31:*.taz=01;31:*.lha=01;31:*.lz4=01;31:*.lzh=01;31:*.lzma=01;31:*.tlz=01;31:*.txz=01;31:*.tzo=01;31:*.t7z=01;31:*.zip=01;31:*.z=01;31:*.dz=01;31:*.gz=01;31:*.lrz=01;31:*.lz=01;31:*.lzo=01;31:*.xz=01;31:*.zst=01;31:*.tzst=01;31:*.bz2=01;31:*.bz=01;31:*.tbz=01;31:*.tbz2=01;31:*.tz=01;31:*.deb=01;31:*.rpm=01;31:*.jar=01;31:*.war=01;31:*.ear=01;31:*.sar=01;31:*.rar=01;31:*.alz=01;31:*.ace=01;31:*.zoo=01;31:*.cpio=01;31:*.7z=01;31:*.rz=01;31:*.cab=01;31:*.wim=01;31:*.swm=01;31:*.dwm=01;31:*.esd=01;31:*.avif=01;35:*.jpg=01;35:*.jpeg=01;35:*.mjpg=01;35:*.mjpeg=01;35:*.gif=01;35:*.bmp=01;35:*.pbm=01;35:*.pgm=01;35:*.ppm=01;35:*.tga=01;35:*.xbm=01;35:*.xpm=01;35:*.tif=01;35:*.tiff=01;35:*.png=01;35:*.svg=01;35:*.svgz=01;35:*.mng=01;35:*.pcx=01;35:*.mov=01;35:*.mpg=01;35:*.mpeg=01;35:*.m2v=01;35:*.mkv=01;35:*.webm=01;35:*.webp=01;35:*.ogm=01;35:*.mp4=01;35:*.m4v=01;35:*.mp4v=01;35:*.vob=01;35:*.qt=01;35:*.nuv=01;35:*.wmv=01;35:*.asf=01;35:*.rm=01;35:*.rmvb=01;35:*.flc=01;35:*.avi=01;35:*.fli=01;35:*.flv=01;35:*.gl=01;35:*.dl=01;35:*.xcf=01;35:*.xwd=01;35:*.yuv=01;35:*.cgm=01;35:*.emf=01;35:*.ogv=01;35:*.ogx=01;35:*.aac=00;36:*.au=00;36:*.flac=00;36:*.m4a=00;36:*.mid=00;36:*.midi=00;36:*.mka=00;36:*.mp3=00;36:*.mpc=00;36:*.ogg=00;36:*.ra=00;36:*.wav=00;36:*.oga=00;36:*.opus=00;36:*.spx=00;36:*.xspf=00;36:*~=00;90:*#=00;90:*.bak=00;90:*.crdownload=00;90:*.dpkg-dist=00;90:*.dpkg-new=00;90:*.dpkg-old=00;90:*.dpkg-tmp=00;90:*.old=00;90:*.orig=00;90:*.part=00;90:*.rej=00;90:*.rpmnew=00;90:*.rpmorig=00;90:*.rpmsave=00;90:*.swp=00;90:*.tmp=00;90:*.ucf-dist=00;90:*.ucf-new=00;90:*.ucf-old=00;90:', 'SUPERVISOR_ENABLED': '1', 'ROS_DOMAIN_ID': '30', 'AMENT_PREFIX_PATH': '/root/workspaces/turtlebot_ws/install/turtlebot3_simulations:/root/workspaces/turtlebot_ws/install/turtlebot3_gazebo:/root/workspaces/turtlebot_ws/install/turtlebot3_fake_node:/opt/ros/jazzy', 'DEBIAN_FRONTEND': 'noninteractive', 'ACTIVE_WS_NAME': 'turtlebot_ws', 'AWS_REGION': 'eu-central-1', 'LESSCLOSE': '/usr/bin/lesspipe %s %s', 'SUPERVISOR_SERVER_URL': 'unix:///var/run/supervisor.sock', 'ROS_AUTOMATIC_DISCOVERY_RANGE': 'SUBNET', 'SUPERVISOR_PROCESS_NAME': 'ttyd', 'PWD': '/root/workspaces/ros2_ws/build/ffw_description', 'TURTLEBOT3_MODEL': 'burger', 'LC_ALL': 'en_US.UTF-8', 'PYTHONPATH': '/opt/ros/jazzy/lib/python3.12/site-packages', 'COLCON': '1', 'CMAKE_PREFIX_PATH': '/root/workspaces/turtlebot_ws/install/turtlebot3_simulations:/root/workspaces/turtlebot_ws/install/turtlebot3_gazebo:/root/workspaces/turtlebot_ws/install/turtlebot3_fake_node:/opt/ros/jazzy/opt/gz_sim_vendor:/opt/ros/jazzy/opt/gz_sensors_vendor:/opt/ros/jazzy/opt/gz_physics_vendor:/opt/ros/jazzy/opt/sdformat_vendor:/opt/ros/jazzy/opt/gz_gui_vendor:/opt/ros/jazzy/opt/gz_transport_vendor:/opt/ros/jazzy/opt/gz_rendering_vendor:/opt/ros/jazzy/opt/gz_plugin_vendor:/opt/ros/jazzy/opt/gz_fuel_tools_vendor:/opt/ros/jazzy/opt/gz_msgs_vendor:/opt/ros/jazzy/opt/gz_common_vendor:/opt/ros/jazzy/opt/gz_math_vendor:/opt/ros/jazzy/opt/gz_utils_vendor:/opt/ros/jazzy/opt/gz_tools_vendor:/opt/ros/jazzy/opt/gz_ogre_next_vendor:/opt/ros/jazzy/opt/gz_dartsim_vendor:/opt/ros/jazzy/opt/gz_cmake_vendor:/opt/ros/jazzy'}), 'shell': False}
[6.081502] (ffw_moveit_config) StdoutLine: {'line': b'-- Install configuration: ""\n'}
[6.081655] (ffw_moveit_config) StdoutLine: {'line': b'-- Installing: /root/workspaces/ros2_ws/install/ffw_moveit_config/share/ffw_moveit_config/launch\n'}
[6.115813] (ffw_description) StdoutLine: {'line': b'-- Install configuration: ""\n'}
[6.117591] (ffw_description) StdoutLine: {'line': b'-- Installing: /root/workspaces/ros2_ws/install/ffw_description/share/ffw_description/launch\n'}
[6.133517] (ffw_moveit_config) StdoutLine: {'line': b'-- Installing: /root/workspaces/ros2_ws/install/ffw_moveit_config/share/ffw_moveit_config/launch/moveit.launch.py\n'}
[6.142490] (-) TimerEvent: {}
[6.155841] (ffw_description) StdoutLine: {'line': b'-- Installing: /root/workspaces/ros2_ws/install/ffw_description/share/ffw_description/launch/ffw_sg2_rev1.launch.py\n'}
[6.162047] (ffw_moveit_config) StdoutLine: {'line': b'-- Installing: /root/workspaces/ros2_ws/install/ffw_moveit_config/share/ffw_moveit_config/config\n'}
[6.190039] (ffw_moveit_config) StdoutLine: {'line': b'-- Installing: /root/workspaces/ros2_ws/install/ffw_moveit_config/share/ffw_moveit_config/config/ffw.srdf\n'}
[6.201775] (ffw_description) StdoutLine: {'line': b'-- Installing: /root/workspaces/ros2_ws/install/ffw_description/share/ffw_description/meshes\n'}
[6.227749] (ffw_description) StdoutLine: {'line': b'-- Installing: /root/workspaces/ros2_ws/install/ffw_description/share/ffw_description/meshes/common\n'}
[6.239848] (ffw_moveit_config) StdoutLine: {'line': b'-- Installing: /root/workspaces/ros2_ws/install/ffw_moveit_config/share/ffw_moveit_config/config/pilz_industrial_motion_planner_planning.yaml\n'}
[6.242575] (-) TimerEvent: {}
[6.251124] (ffw_description) StdoutLine: {'line': b'-- Installing: /root/workspaces/ros2_ws/install/ffw_description/share/ffw_description/meshes/common/hx5_d20\n'}
[6.273806] (ffw_description) StdoutLine: {'line': b'-- Installing: /root/workspaces/ros2_ws/install/ffw_description/share/ffw_description/meshes/common/hx5_d20/hx5_d20_left\n'}
[6.287009] (ffw_moveit_config) StdoutLine: {'line': b'-- Installing: /root/workspaces/ros2_ws/install/ffw_moveit_config/share/ffw_moveit_config/config/pilz_cartesian_limits.yaml\n'}
[6.303305] (ffw_description) StdoutLine: {'line': b'-- Installing: /root/workspaces/ros2_ws/install/ffw_description/share/ffw_description/meshes/common/hx5_d20/hx5_d20_left/hx5_d20_base_unit.stl\n'}
[6.306699] (ffw_navigation) StdoutLine: {'line': b'-- Found rmw_implementation_cmake: 7.3.3 (/opt/ros/jazzy/share/rmw_implementation_cmake/cmake)\n'}
[6.335181] (ffw_moveit_config) StdoutLine: {'line': b'-- Installing: /root/workspaces/ros2_ws/install/ffw_moveit_config/share/ffw_moveit_config/config/joint_limits.yaml\n'}
[6.342692] (-) TimerEvent: {}
[6.390249] (ffw_navigation) StdoutLine: {'line': b'-- Found rmw_fastrtps_cpp: 8.4.4 (/opt/ros/jazzy/share/rmw_fastrtps_cpp/cmake)\n'}
[6.402658] (ffw_moveit_config) StdoutLine: {'line': b'-- Installing: /root/workspaces/ros2_ws/install/ffw_moveit_config/share/ffw_moveit_config/config/chomp_planning.yaml\n'}
[6.442819] (-) TimerEvent: {}
[6.452922] (ffw_moveit_config) StdoutLine: {'line': b'-- Installing: /root/workspaces/ros2_ws/install/ffw_moveit_config/share/ffw_moveit_config/config/kinematics.yaml\n'}
[6.486044] (ffw_description) StdoutLine: {'line': b'-- Installing: /root/workspaces/ros2_ws/install/ffw_description/share/ffw_description/meshes/common/hx5_d20/hx5_d20_left/hx5_d20_finger_mcp.stl\n'}
[6.489979] (ffw_swerve_drive_controller) StdoutLine: {'line': b'-- Found TinyXML2 via Config file: /usr/lib/x86_64-linux-gnu/cmake/tinyxml2\n'}
[6.504181] (ffw_moveit_config) StdoutLine: {'line': b'-- Installing: /root/workspaces/ros2_ws/install/ffw_moveit_config/share/ffw_moveit_config/config/moveit.rviz\n'}
[6.542952] (-) TimerEvent: {}
[6.550155] (ffw_moveit_config) StdoutLine: {'line': b'-- Installing: /root/workspaces/ros2_ws/install/ffw_moveit_config/share/ffw_moveit_config/config/moveit_controllers.yaml\n'}
[6.570578] (ffw_description) StdoutLine: {'line': b'-- Installing: /root/workspaces/ros2_ws/install/ffw_description/share/ffw_description/meshes/common/hx5_d20/hx5_d20_left/hx5_d20_thumb_ip.stl\n'}
[6.601459] (ffw_moveit_config) StdoutLine: {'line': b'-- Installing: /root/workspaces/ros2_ws/install/ffw_moveit_config/share/ffw_moveit_config/config/ompl_planning.yaml\n'}
[6.643073] (-) TimerEvent: {}
[6.657744] (ffw_description) StdoutLine: {'line': b'-- Installing: /root/workspaces/ros2_ws/install/ffw_description/share/ffw_description/meshes/common/hx5_d20/hx5_d20_left/hx5_d20_thumb_tip.stl\n'}
[6.680757] (ffw_moveit_config) StdoutLine: {'line': b'-- Installing: /root/workspaces/ros2_ws/install/ffw_moveit_config/share/ament_index/resource_index/package_run_dependencies/ffw_moveit_config\n'}
[6.743196] (-) TimerEvent: {}
[6.745434] (ffw_description) StdoutLine: {'line': b'-- Installing: /root/workspaces/ros2_ws/install/ffw_description/share/ffw_description/meshes/common/hx5_d20/hx5_d20_left/hx5_d20_finger_tip.stl\n'}
[6.753550] (ffw_moveit_config) StdoutLine: {'line': b'-- Installing: /root/workspaces/ros2_ws/install/ffw_moveit_config/share/ament_index/resource_index/parent_prefix_path/ffw_moveit_config\n'}
[6.794982] (ffw_navigation) StdoutLine: {'line': b'-- Found OpenSSL: /usr/lib/x86_64-linux-gnu/libcrypto.so (found version "3.0.13")  \n'}
[6.804603] (ffw_moveit_config) StdoutLine: {'line': b'-- Installing: /root/workspaces/ros2_ws/install/ffw_moveit_config/share/ffw_moveit_config/environment/ament_prefix_path.sh\n'}
[6.816987] (ffw_description) StdoutLine: {'line': b'-- Installing: /root/workspaces/ros2_ws/install/ffw_description/share/ffw_description/meshes/common/hx5_d20/hx5_d20_left/hx5_d20_finger_dip.stl\n'}
[6.829504] (ffw_navigation) StdoutLine: {'line': b'-- Found FastRTPS: /opt/ros/jazzy/include (Required is at least version "2.13") \n'}
[6.832191] (ffw_swerve_drive_controller) StdoutLine: {'line': b'-- Found rmw_implementation_cmake: 7.3.3 (/opt/ros/jazzy/share/rmw_implementation_cmake/cmake)\n'}
[6.843276] (-) TimerEvent: {}
[6.849134] (ffw_moveit_config) StdoutLine: {'line': b'-- Installing: /root/workspaces/ros2_ws/install/ffw_moveit_config/share/ffw_moveit_config/environment/ament_prefix_path.dsv\n'}
[6.854805] (ffw_navigation) StdoutLine: {'line': b"-- Using RMW implementation 'rmw_fastrtps_cpp' as default\n"}
[6.874893] (ffw_swerve_drive_controller) StdoutLine: {'line': b'-- Found rmw_fastrtps_cpp: 8.4.4 (/opt/ros/jazzy/share/rmw_fastrtps_cpp/cmake)\n'}
[6.887706] (ffw_description) StdoutLine: {'line': b'-- Installing: /root/workspaces/ros2_ws/install/ffw_description/share/ffw_description/meshes/common/hx5_d20/hx5_d20_left/hx5_d20_thumb_mcp.stl\n'}
[6.897192] (ffw_moveit_config) StdoutLine: {'line': b'-- Installing: /root/workspaces/ros2_ws/install/ffw_moveit_config/share/ffw_moveit_config/environment/path.sh\n'}
[6.940566] (ffw_moveit_config) StdoutLine: {'line': b'-- Installing: /root/workspaces/ros2_ws/install/ffw_moveit_config/share/ffw_moveit_config/environment/path.dsv\n'}
[6.943404] (-) TimerEvent: {}
[6.967100] (ffw_description) StdoutLine: {'line': b'-- Installing: /root/workspaces/ros2_ws/install/ffw_description/share/ffw_description/meshes/common/hx5_d20/hx5_d20_left/hx5_d20_finger_pip.stl\n'}
[6.983728] (ffw_moveit_config) StdoutLine: {'line': b'-- Installing: /root/workspaces/ros2_ws/install/ffw_moveit_config/share/ffw_moveit_config/local_setup.bash\n'}
[7.034989] (ffw_moveit_config) StdoutLine: {'line': b'-- Installing: /root/workspaces/ros2_ws/install/ffw_moveit_config/share/ffw_moveit_config/local_setup.sh\n'}
[7.036552] (ffw_description) StdoutLine: {'line': b'-- Installing: /root/workspaces/ros2_ws/install/ffw_description/share/ffw_description/meshes/common/hx5_d20/hx5_d20_left/hx5_d20_thumb_mcp2.stl\n'}
[7.044820] (-) TimerEvent: {}
[7.054934] (ffw_swerve_drive_controller) StdoutLine: {'line': b'-- Found TinyXML2 via Config file: /usr/lib/x86_64-linux-gnu/cmake/tinyxml2\n'}
[7.083955] (ffw_moveit_config) StdoutLine: {'line': b'-- Installing: /root/workspaces/ros2_ws/install/ffw_moveit_config/share/ffw_moveit_config/local_setup.zsh\n'}
[7.113851] (ffw_description) StdoutLine: {'line': b'-- Installing: /root/workspaces/ros2_ws/install/ffw_description/share/ffw_description/meshes/common/hx5_d20/hx5_d20_right\n'}
[7.122846] (ffw_swerve_drive_controller) StdoutLine: {'line': b'-- Found OpenSSL: /usr/lib/x86_64-linux-gnu/libcrypto.so (found version "3.0.13")  \n'}
[7.128926] (ffw_swerve_drive_controller) StdoutLine: {'line': b'-- Found TinyXML2 via Config file: /usr/lib/x86_64-linux-gnu/cmake/tinyxml2\n'}
[7.135782] (ffw_moveit_config) StdoutLine: {'line': b'-- Installing: /root/workspaces/ros2_ws/install/ffw_moveit_config/share/ffw_moveit_config/local_setup.dsv\n'}
[7.137482] (ffw_description) StdoutLine: {'line': b'-- Installing: /root/workspaces/ros2_ws/install/ffw_description/share/ffw_description/meshes/common/hx5_d20/hx5_d20_right/hx5_d20_base_unit.stl\n'}
[7.144896] (-) TimerEvent: {}
[7.150043] (ffw_swerve_drive_controller) StdoutLine: {'line': b'-- Found FastRTPS: /opt/ros/jazzy/include (Required is at least version "2.13") \n'}
[7.165857] (ffw_swerve_drive_controller) StdoutLine: {'line': b'-- Found TinyXML2 via Config file: /usr/lib/x86_64-linux-gnu/cmake/tinyxml2\n'}
[7.189974] (ffw_swerve_drive_controller) StdoutLine: {'line': b'-- Found TinyXML2 via Config file: /usr/lib/x86_64-linux-gnu/cmake/tinyxml2\n'}
[7.199672] (ffw_swerve_drive_controller) StdoutLine: {'line': b"-- Using RMW implementation 'rmw_fastrtps_cpp' as default\n"}
[7.199734] (ffw_moveit_config) StdoutLine: {'line': b'-- Installing: /root/workspaces/ros2_ws/install/ffw_moveit_config/share/ffw_moveit_config/package.dsv\n'}
[7.216211] (ffw_description) StdoutLine: {'line': b'-- Installing: /root/workspaces/ros2_ws/install/ffw_description/share/ffw_description/meshes/common/hx5_d20/hx5_d20_right/hx5_d20_finger_mcp.stl\n'}
[7.244997] (-) TimerEvent: {}
[7.249128] (ffw_moveit_config) StdoutLine: {'line': b'-- Installing: /root/workspaces/ros2_ws/install/ffw_moveit_config/share/ament_index/resource_index/packages/ffw_moveit_config\n'}
[7.295695] (ffw_description) StdoutLine: {'line': b'-- Installing: /root/workspaces/ros2_ws/install/ffw_description/share/ffw_description/meshes/common/hx5_d20/hx5_d20_right/hx5_d20_thumb_ip.stl\n'}
[7.302225] (ffw_moveit_config) StdoutLine: {'line': b'-- Installing: /root/workspaces/ros2_ws/install/ffw_moveit_config/share/ffw_moveit_config/cmake/ffw_moveit_configConfig.cmake\n'}
[7.345123] (-) TimerEvent: {}
[7.360742] (ffw_moveit_config) StdoutLine: {'line': b'-- Installing: /root/workspaces/ros2_ws/install/ffw_moveit_config/share/ffw_moveit_config/cmake/ffw_moveit_configConfig-version.cmake\n'}
[7.374604] (ffw_description) StdoutLine: {'line': b'-- Installing: /root/workspaces/ros2_ws/install/ffw_description/share/ffw_description/meshes/common/hx5_d20/hx5_d20_right/hx5_d20_thumb_tip.stl\n'}
[7.409547] (ffw_moveit_config) StdoutLine: {'line': b'-- Installing: /root/workspaces/ros2_ws/install/ffw_moveit_config/share/ffw_moveit_config/package.xml\n'}
[7.445226] (-) TimerEvent: {}
[7.463291] (ffw_description) StdoutLine: {'line': b'-- Installing: /root/workspaces/ros2_ws/install/ffw_description/share/ffw_description/meshes/common/hx5_d20/hx5_d20_right/hx5_d20_finger_tip.stl\n'}
[7.471515] (ffw_moveit_config) CommandEnded: {'returncode': 0}
[7.533050] (ffw_description) StdoutLine: {'line': b'-- Installing: /root/workspaces/ros2_ws/install/ffw_description/share/ffw_description/meshes/common/hx5_d20/hx5_d20_right/hx5_d20_finger_dip.stl\n'}
[7.545325] (-) TimerEvent: {}
[7.598677] (ffw_description) StdoutLine: {'line': b'-- Installing: /root/workspaces/ros2_ws/install/ffw_description/share/ffw_description/meshes/common/hx5_d20/hx5_d20_right/hx5_d20_thumb_mcp.stl\n'}
[7.645433] (-) TimerEvent: {}
[7.677898] (ffw_description) StdoutLine: {'line': b'-- Installing: /root/workspaces/ros2_ws/install/ffw_description/share/ffw_description/meshes/common/hx5_d20/hx5_d20_right/hx5_d20_finger_pip.stl\n'}
[7.745532] (-) TimerEvent: {}
[7.755997] (ffw_description) StdoutLine: {'line': b'-- Installing: /root/workspaces/ros2_ws/install/ffw_description/share/ffw_description/meshes/common/hx5_d20/hx5_d20_right/hx5_d20_thumb_mcp2.stl\n'}
[7.834988] (ffw_description) StdoutLine: {'line': b'-- Installing: /root/workspaces/ros2_ws/install/ffw_description/share/ffw_description/meshes/common/follower\n'}
[7.845628] (-) TimerEvent: {}
[7.857510] (ffw_description) StdoutLine: {'line': b'-- Installing: /root/workspaces/ros2_ws/install/ffw_description/share/ffw_description/meshes/common/follower/arm_r_link1.stl\n'}
[7.935689] (ffw_moveit_config) JobEnded: {'identifier': 'ffw_moveit_config', 'rc': 0}
[7.953824] (-) TimerEvent: {}
[7.953959] (ffw_teleop) JobStarted: {'identifier': 'ffw_teleop'}
[7.955913] (ffw_description) StdoutLine: {'line': b'-- Installing: /root/workspaces/ros2_ws/install/ffw_description/share/ffw_description/meshes/common/follower/arm_l_link7.stl\n'}
[8.001004] (ffw_navigation) StdoutLine: {'line': b'-- Configuring done (7.5s)\n'}
[8.025711] (ffw_description) StdoutLine: {'line': b'-- Installing: /root/workspaces/ros2_ws/install/ffw_description/share/ffw_description/meshes/common/follower/arm_r_link5.stl\n'}
[8.053933] (-) TimerEvent: {}
[8.106387] (ffw_description) StdoutLine: {'line': b'-- Installing: /root/workspaces/ros2_ws/install/ffw_description/share/ffw_description/meshes/common/follower/arm_l_link3.stl\n'}
[8.154049] (-) TimerEvent: {}
[8.225233] (ffw_description) StdoutLine: {'line': b'-- Installing: /root/workspaces/ros2_ws/install/ffw_description/share/ffw_description/meshes/common/follower/swerve\n'}
[8.253308] (ffw_description) StdoutLine: {'line': b'-- Installing: /root/workspaces/ros2_ws/install/ffw_description/share/ffw_description/meshes/common/follower/swerve/base_mobile_assy.stl\n'}
[8.254120] (-) TimerEvent: {}
[8.363758] (-) TimerEvent: {}
[8.372150] (ffw_description) StdoutLine: {'line': b'-- Installing: /root/workspaces/ros2_ws/install/ffw_description/share/ffw_description/meshes/common/follower/swerve/right_wheel_steer_link.stl\n'}
[8.436717] (ffw_description) StdoutLine: {'line': b'-- Installing: /root/workspaces/ros2_ws/install/ffw_description/share/ffw_description/meshes/common/follower/swerve/left_wheel_drive_link.stl\n'}
[8.463867] (-) TimerEvent: {}
[8.488265] (ffw_description) StdoutLine: {'line': b'-- Installing: /root/workspaces/ros2_ws/install/ffw_description/share/ffw_description/meshes/common/follower/swerve/rear_wheel_steer_link.stl\n'}
[8.554674] (ffw_description) StdoutLine: {'line': b'-- Installing: /root/workspaces/ros2_ws/install/ffw_description/share/ffw_description/meshes/common/follower/swerve/right_wheel_drive_link.stl\n'}
[8.563973] (-) TimerEvent: {}
[8.600062] (ffw_description) StdoutLine: {'line': b'-- Installing: /root/workspaces/ros2_ws/install/ffw_description/share/ffw_description/meshes/common/follower/swerve/rear_wheel_drive_link.stl\n'}
[8.647957] (ffw_description) StdoutLine: {'line': b'-- Installing: /root/workspaces/ros2_ws/install/ffw_description/share/ffw_description/meshes/common/follower/swerve/lift_link.stl\n'}
[8.664098] (-) TimerEvent: {}
[8.723543] (ffw_description) StdoutLine: {'line': b'-- Installing: /root/workspaces/ros2_ws/install/ffw_description/share/ffw_description/meshes/common/follower/swerve/left_wheel_steer_link.stl\n'}
[8.764210] (-) TimerEvent: {}
[8.788505] (ffw_description) StdoutLine: {'line': b'-- Installing: /root/workspaces/ros2_ws/install/ffw_description/share/ffw_description/meshes/common/follower/head_link2.stl\n'}
[8.861743] (ffw_description) StdoutLine: {'line': b'-- Installing: /root/workspaces/ros2_ws/install/ffw_description/share/ffw_description/meshes/common/follower/arm_r_link3.stl\n'}
[8.864297] (-) TimerEvent: {}
[8.936264] (ffw_navigation) StdoutLine: {'line': b'-- Generating done (0.8s)\n'}
[8.964429] (-) TimerEvent: {}
[8.973028] (ffw_teleop) Command: {'cmd': ['/usr/bin/python3', '-W', 'ignore:setup.py install is deprecated', '-W', 'ignore:easy_install command is deprecated', 'setup.py', 'egg_info', '--egg-base', '../../../build/ffw_teleop', 'build', '--build-base', '/root/workspaces/ros2_ws/build/ffw_teleop/build', 'install', '--record', '/root/workspaces/ros2_ws/build/ffw_teleop/install.log', '--install-scripts', '$base/lib/ffw_teleop', '--single-version-externally-managed', 'install_data'], 'cwd': '/root/workspaces/ros2_ws/src/ai-worker-sim/ffw_teleop', 'env': {'LESSOPEN': '| /usr/bin/lesspipe %s', 'ACTIVE_WS_PATH': '/root/workspaces/turtlebot_ws', 'GZ_SIM_RESOURCE_PATH': '/opt/ros/jazzy/share', 'SUPERVISOR_GROUP_NAME': 'ttyd', 'GZ_CONFIG_PATH': '/opt/ros/jazzy/opt/gz_sim_vendor/share/gz:/opt/ros/jazzy/opt/sdformat_vendor/share/gz:/opt/ros/jazzy/opt/gz_gui_vendor/share/gz:/opt/ros/jazzy/opt/gz_transport_vendor/share/gz:/opt/ros/jazzy/opt/gz_rendering_vendor/share/gz:/opt/ros/jazzy/opt/gz_plugin_vendor/share/gz:/opt/ros/jazzy/opt/gz_fuel_tools_vendor/share/gz:/opt/ros/jazzy/opt/gz_msgs_vendor/share/gz:/opt/ros/jazzy/opt/gz_common_vendor/share/gz', 'HOSTNAME': 'ip-172-31-30-45.eu-central-1.compute.internal', 'SHLVL': '1', 'LD_LIBRARY_PATH': '/opt/ros/jazzy/opt/gz_sim_vendor/lib:/opt/ros/jazzy/opt/gz_sensors_vendor/lib:/opt/ros/jazzy/opt/gz_physics_vendor/lib:/opt/ros/jazzy/opt/sdformat_vendor/lib:/opt/ros/jazzy/opt/rviz_ogre_vendor/lib:/opt/ros/jazzy/lib/x86_64-linux-gnu:/opt/ros/jazzy/opt/gz_gui_vendor/lib:/opt/ros/jazzy/opt/gz_transport_vendor/lib:/opt/ros/jazzy/opt/gz_rendering_vendor/lib:/opt/ros/jazzy/opt/gz_plugin_vendor/lib:/opt/ros/jazzy/opt/gz_fuel_tools_vendor/lib:/opt/ros/jazzy/opt/gz_msgs_vendor/lib:/opt/ros/jazzy/opt/gz_common_vendor/lib:/opt/ros/jazzy/opt/gz_math_vendor/lib:/opt/ros/jazzy/opt/gz_utils_vendor/lib:/opt/ros/jazzy/opt/gz_tools_vendor/lib:/opt/ros/jazzy/opt/gz_ogre_next_vendor/lib:/opt/ros/jazzy/opt/gz_dartsim_vendor/lib:/opt/ros/jazzy/opt/gz_cmake_vendor/lib:/opt/ros/jazzy/lib', 'HOME': '/root', 'EFS_PATH': '/workspaces/113baa83-0a52-42aa-9f6b-d5b552759739', 'OLDPWD': '/root/workspaces/ros2_ws/src', 'ROS_PYTHON_VERSION': '3', 'AWS_CONTAINER_CREDENTIALS_RELATIVE_URI': '/v2/credentials/a1e09ffa-983f-471c-8ec0-b8e714b0031e', 'AWS_EXECUTION_ENV': 'AWS_ECS_FARGATE', 'COLCON_PREFIX_PATH': '/root/workspaces/turtlebot_ws/install', 'ECS_AGENT_URI': 'http://169.254.170.2/api/07ce5f5e937f436fbcd52f6e51abfffa-1842134484', 'ROS_DISTRO': 'jazzy', 'AWS_DEFAULT_REGION': 'eu-central-1', '_': '/usr/bin/colcon', 'ROS_VERSION': '2', 'ECS_CONTAINER_METADATA_URI_V4': 'http://169.254.170.2/v4/07ce5f5e937f436fbcd52f6e51abfffa-1842134484', 'TERM': 'xterm-256color', 'ECS_CONTAINER_METADATA_URI': 'http://169.254.170.2/v3/07ce5f5e937f436fbcd52f6e51abfffa-1842134484', 'SESSION_UUID': '113baa83-0a52-42aa-9f6b-d5b552759739', 'PATH': '/opt/ros/jazzy/opt/gz_msgs_vendor/bin:/opt/ros/jazzy/opt/gz_tools_vendor/bin:/opt/ros/jazzy/opt/gz_ogre_next_vendor/bin:/opt/ros/jazzy/bin:/usr/local/sbin:/usr/local/bin:/usr/sbin:/usr/bin:/sbin:/bin', 'XDG_RUNTIME_DIR': '/tmp/runtime-root', 'DISPLAY': ':1', 'LANG': 'en_US.UTF-8', 'LS_COLORS': 'rs=0:di=01;34:ln=01;36:mh=00:pi=40;33:so=01;35:do=01;35:bd=40;33;01:cd=40;33;01:or=40;31;01:mi=00:su=37;41:sg=30;43:ca=00:tw=30;42:ow=34;42:st=37;44:ex=01;32:*.tar=01;31:*.tgz=01;31:*.arc=01;31:*.arj=01;31:*.taz=01;31:*.lha=01;31:*.lz4=01;31:*.lzh=01;31:*.lzma=01;31:*.tlz=01;31:*.txz=01;31:*.tzo=01;31:*.t7z=01;31:*.zip=01;31:*.z=01;31:*.dz=01;31:*.gz=01;31:*.lrz=01;31:*.lz=01;31:*.lzo=01;31:*.xz=01;31:*.zst=01;31:*.tzst=01;31:*.bz2=01;31:*.bz=01;31:*.tbz=01;31:*.tbz2=01;31:*.tz=01;31:*.deb=01;31:*.rpm=01;31:*.jar=01;31:*.war=01;31:*.ear=01;31:*.sar=01;31:*.rar=01;31:*.alz=01;31:*.ace=01;31:*.zoo=01;31:*.cpio=01;31:*.7z=01;31:*.rz=01;31:*.cab=01;31:*.wim=01;31:*.swm=01;31:*.dwm=01;31:*.esd=01;31:*.avif=01;35:*.jpg=01;35:*.jpeg=01;35:*.mjpg=01;35:*.mjpeg=01;35:*.gif=01;35:*.bmp=01;35:*.pbm=01;35:*.pgm=01;35:*.ppm=01;35:*.tga=01;35:*.xbm=01;35:*.xpm=01;35:*.tif=01;35:*.tiff=01;35:*.png=01;35:*.svg=01;35:*.svgz=01;35:*.mng=01;35:*.pcx=01;35:*.mov=01;35:*.mpg=01;35:*.mpeg=01;35:*.m2v=01;35:*.mkv=01;35:*.webm=01;35:*.webp=01;35:*.ogm=01;35:*.mp4=01;35:*.m4v=01;35:*.mp4v=01;35:*.vob=01;35:*.qt=01;35:*.nuv=01;35:*.wmv=01;35:*.asf=01;35:*.rm=01;35:*.rmvb=01;35:*.flc=01;35:*.avi=01;35:*.fli=01;35:*.flv=01;35:*.gl=01;35:*.dl=01;35:*.xcf=01;35:*.xwd=01;35:*.yuv=01;35:*.cgm=01;35:*.emf=01;35:*.ogv=01;35:*.ogx=01;35:*.aac=00;36:*.au=00;36:*.flac=00;36:*.m4a=00;36:*.mid=00;36:*.midi=00;36:*.mka=00;36:*.mp3=00;36:*.mpc=00;36:*.ogg=00;36:*.ra=00;36:*.wav=00;36:*.oga=00;36:*.opus=00;36:*.spx=00;36:*.xspf=00;36:*~=00;90:*#=00;90:*.bak=00;90:*.crdownload=00;90:*.dpkg-dist=00;90:*.dpkg-new=00;90:*.dpkg-old=00;90:*.dpkg-tmp=00;90:*.old=00;90:*.orig=00;90:*.part=00;90:*.rej=00;90:*.rpmnew=00;90:*.rpmorig=00;90:*.rpmsave=00;90:*.swp=00;90:*.tmp=00;90:*.ucf-dist=00;90:*.ucf-new=00;90:*.ucf-old=00;90:', 'SUPERVISOR_ENABLED': '1', 'ROS_DOMAIN_ID': '30', 'AMENT_PREFIX_PATH': '/root/workspaces/turtlebot_ws/install/turtlebot3_simulations:/root/workspaces/turtlebot_ws/install/turtlebot3_gazebo:/root/workspaces/turtlebot_ws/install/turtlebot3_fake_node:/opt/ros/jazzy', 'DEBIAN_FRONTEND': 'noninteractive', 'ACTIVE_WS_NAME': 'turtlebot_ws', 'AWS_REGION': 'eu-central-1', 'LESSCLOSE': '/usr/bin/lesspipe %s %s', 'SUPERVISOR_SERVER_URL': 'unix:///var/run/supervisor.sock', 'ROS_AUTOMATIC_DISCOVERY_RANGE': 'SUBNET', 'SUPERVISOR_PROCESS_NAME': 'ttyd', 'PWD': '/root/workspaces/ros2_ws/build/ffw_teleop', 'TURTLEBOT3_MODEL': 'burger', 'LC_ALL': 'en_US.UTF-8', 'PYTHONPATH': '/root/workspaces/ros2_ws/build/ffw_teleop/prefix_override:/usr/lib/python3/dist-packages/colcon_core/task/python/colcon_distutils_commands:/root/workspaces/ros2_ws/install/ffw_teleop/lib/python3.12/site-packages:/opt/ros/jazzy/lib/python3.12/site-packages', 'COLCON': '1', 'CMAKE_PREFIX_PATH': '/root/workspaces/turtlebot_ws/install/turtlebot3_simulations:/root/workspaces/turtlebot_ws/install/turtlebot3_gazebo:/root/workspaces/turtlebot_ws/install/turtlebot3_fake_node:/opt/ros/jazzy/opt/gz_sim_vendor:/opt/ros/jazzy/opt/gz_sensors_vendor:/opt/ros/jazzy/opt/gz_physics_vendor:/opt/ros/jazzy/opt/sdformat_vendor:/opt/ros/jazzy/opt/gz_gui_vendor:/opt/ros/jazzy/opt/gz_transport_vendor:/opt/ros/jazzy/opt/gz_rendering_vendor:/opt/ros/jazzy/opt/gz_plugin_vendor:/opt/ros/jazzy/opt/gz_fuel_tools_vendor:/opt/ros/jazzy/opt/gz_msgs_vendor:/opt/ros/jazzy/opt/gz_common_vendor:/opt/ros/jazzy/opt/gz_math_vendor:/opt/ros/jazzy/opt/gz_utils_vendor:/opt/ros/jazzy/opt/gz_tools_vendor:/opt/ros/jazzy/opt/gz_ogre_next_vendor:/opt/ros/jazzy/opt/gz_dartsim_vendor:/opt/ros/jazzy/opt/gz_cmake_vendor'}, 'shell': False}
[9.013886] (ffw_description) StdoutLine: {'line': b'-- Installing: /root/workspaces/ros2_ws/install/ffw_description/share/ffw_description/meshes/common/follower/arm_l_link1.stl\n'}
[9.064532] (-) TimerEvent: {}
[9.075803] (ffw_description) StdoutLine: {'line': b'-- Installing: /root/workspaces/ros2_ws/install/ffw_description/share/ffw_description/meshes/common/follower/arm_r_link7.stl\n'}
[9.148066] (ffw_description) StdoutLine: {'line': b'-- Installing: /root/workspaces/ros2_ws/install/ffw_description/share/ffw_description/meshes/common/follower/arm_l_link5.stl\n'}
[9.164651] (-) TimerEvent: {}
[9.231403] (ffw_teleop) StdoutLine: {'line': b'running egg_info\n'}
[9.231820] (ffw_teleop) StdoutLine: {'line': b'creating ../../../build/ffw_teleop/ffw_teleop.egg-info\n'}
[9.257908] (ffw_description) StdoutLine: {'line': b'-- Installing: /root/workspaces/ros2_ws/install/ffw_description/share/ffw_description/meshes/common/follower/head_link1.stl\n'}
[9.258069] (ffw_teleop) StdoutLine: {'line': b'writing ../../../build/ffw_teleop/ffw_teleop.egg-info/PKG-INFO\n'}
[9.264737] (-) TimerEvent: {}
[9.277825] (ffw_swerve_drive_controller) StdoutLine: {'line': b'-- Found generate_parameter_library: 0.7.3 (/opt/ros/jazzy/share/generate_parameter_library/cmake)\n'}
[9.281490] (ffw_teleop) StdoutLine: {'line': b'writing dependency_links to ../../../build/ffw_teleop/ffw_teleop.egg-info/dependency_links.txt\n'}
[9.290468] (ffw_navigation) StdoutLine: {'line': b'-- Build files have been written to: /root/workspaces/ros2_ws/build/ffw_navigation\n'}
[9.294654] (ffw_teleop) StdoutLine: {'line': b'writing entry points to ../../../build/ffw_teleop/ffw_teleop.egg-info/entry_points.txt\n'}
[9.299901] (ffw_navigation) CommandEnded: {'returncode': 0}
[9.301816] (ffw_navigation) JobProgress: {'identifier': 'ffw_navigation', 'progress': 'build'}
[9.304229] (ffw_navigation) Command: {'cmd': ['/usr/bin/cmake', '--build', '/root/workspaces/ros2_ws/build/ffw_navigation', '--', '-j4', '-l4'], 'cwd': '/root/workspaces/ros2_ws/build/ffw_navigation', 'env': OrderedDict({'LESSOPEN': '| /usr/bin/lesspipe %s', 'ACTIVE_WS_PATH': '/root/workspaces/turtlebot_ws', 'GZ_SIM_RESOURCE_PATH': '/opt/ros/jazzy/share', 'SUPERVISOR_GROUP_NAME': 'ttyd', 'GZ_CONFIG_PATH': '/opt/ros/jazzy/opt/gz_sim_vendor/share/gz:/opt/ros/jazzy/opt/sdformat_vendor/share/gz:/opt/ros/jazzy/opt/gz_gui_vendor/share/gz:/opt/ros/jazzy/opt/gz_transport_vendor/share/gz:/opt/ros/jazzy/opt/gz_rendering_vendor/share/gz:/opt/ros/jazzy/opt/gz_plugin_vendor/share/gz:/opt/ros/jazzy/opt/gz_fuel_tools_vendor/share/gz:/opt/ros/jazzy/opt/gz_msgs_vendor/share/gz:/opt/ros/jazzy/opt/gz_common_vendor/share/gz', 'HOSTNAME': 'ip-172-31-30-45.eu-central-1.compute.internal', 'SHLVL': '1', 'LD_LIBRARY_PATH': '/opt/ros/jazzy/opt/gz_sim_vendor/lib:/opt/ros/jazzy/opt/gz_sensors_vendor/lib:/opt/ros/jazzy/opt/gz_physics_vendor/lib:/opt/ros/jazzy/opt/sdformat_vendor/lib:/opt/ros/jazzy/opt/rviz_ogre_vendor/lib:/opt/ros/jazzy/lib/x86_64-linux-gnu:/opt/ros/jazzy/opt/gz_gui_vendor/lib:/opt/ros/jazzy/opt/gz_transport_vendor/lib:/opt/ros/jazzy/opt/gz_rendering_vendor/lib:/opt/ros/jazzy/opt/gz_plugin_vendor/lib:/opt/ros/jazzy/opt/gz_fuel_tools_vendor/lib:/opt/ros/jazzy/opt/gz_msgs_vendor/lib:/opt/ros/jazzy/opt/gz_common_vendor/lib:/opt/ros/jazzy/opt/gz_math_vendor/lib:/opt/ros/jazzy/opt/gz_utils_vendor/lib:/opt/ros/jazzy/opt/gz_tools_vendor/lib:/opt/ros/jazzy/opt/gz_ogre_next_vendor/lib:/opt/ros/jazzy/opt/gz_dartsim_vendor/lib:/opt/ros/jazzy/opt/gz_cmake_vendor/lib:/opt/ros/jazzy/lib', 'HOME': '/root', 'EFS_PATH': '/workspaces/113baa83-0a52-42aa-9f6b-d5b552759739', 'OLDPWD': '/root/workspaces/ros2_ws/src', 'ROS_PYTHON_VERSION': '3', 'AWS_CONTAINER_CREDENTIALS_RELATIVE_URI': '/v2/credentials/a1e09ffa-983f-471c-8ec0-b8e714b0031e', 'AWS_EXECUTION_ENV': 'AWS_ECS_FARGATE', 'COLCON_PREFIX_PATH': '/root/workspaces/turtlebot_ws/install', 'ECS_AGENT_URI': 'http://169.254.170.2/api/07ce5f5e937f436fbcd52f6e51abfffa-1842134484', 'ROS_DISTRO': 'jazzy', 'AWS_DEFAULT_REGION': 'eu-central-1', '_': '/usr/bin/colcon', 'ROS_VERSION': '2', 'ECS_CONTAINER_METADATA_URI_V4': 'http://169.254.170.2/v4/07ce5f5e937f436fbcd52f6e51abfffa-1842134484', 'TERM': 'xterm-256color', 'ECS_CONTAINER_METADATA_URI': 'http://169.254.170.2/v3/07ce5f5e937f436fbcd52f6e51abfffa-1842134484', 'SESSION_UUID': '113baa83-0a52-42aa-9f6b-d5b552759739', 'PATH': '/opt/ros/jazzy/opt/gz_msgs_vendor/bin:/opt/ros/jazzy/opt/gz_tools_vendor/bin:/opt/ros/jazzy/opt/gz_ogre_next_vendor/bin:/opt/ros/jazzy/bin:/usr/local/sbin:/usr/local/bin:/usr/sbin:/usr/bin:/sbin:/bin', 'XDG_RUNTIME_DIR': '/tmp/runtime-root', 'DISPLAY': ':1', 'LANG': 'en_US.UTF-8', 'LS_COLORS': 'rs=0:di=01;34:ln=01;36:mh=00:pi=40;33:so=01;35:do=01;35:bd=40;33;01:cd=40;33;01:or=40;31;01:mi=00:su=37;41:sg=30;43:ca=00:tw=30;42:ow=34;42:st=37;44:ex=01;32:*.tar=01;31:*.tgz=01;31:*.arc=01;31:*.arj=01;31:*.taz=01;31:*.lha=01;31:*.lz4=01;31:*.lzh=01;31:*.lzma=01;31:*.tlz=01;31:*.txz=01;31:*.tzo=01;31:*.t7z=01;31:*.zip=01;31:*.z=01;31:*.dz=01;31:*.gz=01;31:*.lrz=01;31:*.lz=01;31:*.lzo=01;31:*.xz=01;31:*.zst=01;31:*.tzst=01;31:*.bz2=01;31:*.bz=01;31:*.tbz=01;31:*.tbz2=01;31:*.tz=01;31:*.deb=01;31:*.rpm=01;31:*.jar=01;31:*.war=01;31:*.ear=01;31:*.sar=01;31:*.rar=01;31:*.alz=01;31:*.ace=01;31:*.zoo=01;31:*.cpio=01;31:*.7z=01;31:*.rz=01;31:*.cab=01;31:*.wim=01;31:*.swm=01;31:*.dwm=01;31:*.esd=01;31:*.avif=01;35:*.jpg=01;35:*.jpeg=01;35:*.mjpg=01;35:*.mjpeg=01;35:*.gif=01;35:*.bmp=01;35:*.pbm=01;35:*.pgm=01;35:*.ppm=01;35:*.tga=01;35:*.xbm=01;35:*.xpm=01;35:*.tif=01;35:*.tiff=01;35:*.png=01;35:*.svg=01;35:*.svgz=01;35:*.mng=01;35:*.pcx=01;35:*.mov=01;35:*.mpg=01;35:*.mpeg=01;35:*.m2v=01;35:*.mkv=01;35:*.webm=01;35:*.webp=01;35:*.ogm=01;35:*.mp4=01;35:*.m4v=01;35:*.mp4v=01;35:*.vob=01;35:*.qt=01;35:*.nuv=01;35:*.wmv=01;35:*.asf=01;35:*.rm=01;35:*.rmvb=01;35:*.flc=01;35:*.avi=01;35:*.fli=01;35:*.flv=01;35:*.gl=01;35:*.dl=01;35:*.xcf=01;35:*.xwd=01;35:*.yuv=01;35:*.cgm=01;35:*.emf=01;35:*.ogv=01;35:*.ogx=01;35:*.aac=00;36:*.au=00;36:*.flac=00;36:*.m4a=00;36:*.mid=00;36:*.midi=00;36:*.mka=00;36:*.mp3=00;36:*.mpc=00;36:*.ogg=00;36:*.ra=00;36:*.wav=00;36:*.oga=00;36:*.opus=00;36:*.spx=00;36:*.xspf=00;36:*~=00;90:*#=00;90:*.bak=00;90:*.crdownload=00;90:*.dpkg-dist=00;90:*.dpkg-new=00;90:*.dpkg-old=00;90:*.dpkg-tmp=00;90:*.old=00;90:*.orig=00;90:*.part=00;90:*.rej=00;90:*.rpmnew=00;90:*.rpmorig=00;90:*.rpmsave=00;90:*.swp=00;90:*.tmp=00;90:*.ucf-dist=00;90:*.ucf-new=00;90:*.ucf-old=00;90:', 'SUPERVISOR_ENABLED': '1', 'ROS_DOMAIN_ID': '30', 'AMENT_PREFIX_PATH': '/root/workspaces/turtlebot_ws/install/turtlebot3_simulations:/root/workspaces/turtlebot_ws/install/turtlebot3_gazebo:/root/workspaces/turtlebot_ws/install/turtlebot3_fake_node:/opt/ros/jazzy', 'DEBIAN_FRONTEND': 'noninteractive', 'ACTIVE_WS_NAME': 'turtlebot_ws', 'AWS_REGION': 'eu-central-1', 'LESSCLOSE': '/usr/bin/lesspipe %s %s', 'SUPERVISOR_SERVER_URL': 'unix:///var/run/supervisor.sock', 'ROS_AUTOMATIC_DISCOVERY_RANGE': 'SUBNET', 'SUPERVISOR_PROCESS_NAME': 'ttyd', 'PWD': '/root/workspaces/ros2_ws/build/ffw_navigation', 'TURTLEBOT3_MODEL': 'burger', 'LC_ALL': 'en_US.UTF-8', 'PYTHONPATH': '/opt/ros/jazzy/lib/python3.12/site-packages', 'COLCON': '1', 'CMAKE_PREFIX_PATH': '/root/workspaces/turtlebot_ws/install/turtlebot3_simulations:/root/workspaces/turtlebot_ws/install/turtlebot3_gazebo:/root/workspaces/turtlebot_ws/install/turtlebot3_fake_node:/opt/ros/jazzy/opt/gz_sim_vendor:/opt/ros/jazzy/opt/gz_sensors_vendor:/opt/ros/jazzy/opt/gz_physics_vendor:/opt/ros/jazzy/opt/sdformat_vendor:/opt/ros/jazzy/opt/gz_gui_vendor:/opt/ros/jazzy/opt/gz_transport_vendor:/opt/ros/jazzy/opt/gz_rendering_vendor:/opt/ros/jazzy/opt/gz_plugin_vendor:/opt/ros/jazzy/opt/gz_fuel_tools_vendor:/opt/ros/jazzy/opt/gz_msgs_vendor:/opt/ros/jazzy/opt/gz_common_vendor:/opt/ros/jazzy/opt/gz_math_vendor:/opt/ros/jazzy/opt/gz_utils_vendor:/opt/ros/jazzy/opt/gz_tools_vendor:/opt/ros/jazzy/opt/gz_ogre_next_vendor:/opt/ros/jazzy/opt/gz_dartsim_vendor:/opt/ros/jazzy/opt/gz_cmake_vendor:/opt/ros/jazzy'}), 'shell': False}
[9.309172] (ffw_teleop) StdoutLine: {'line': b'writing requirements to ../../../build/ffw_teleop/ffw_teleop.egg-info/requires.txt\n'}
[9.331318] (ffw_description) StdoutLine: {'line': b'-- Installing: /root/workspaces/ros2_ws/install/ffw_description/share/ffw_description/meshes/common/follower/zedm.stl\n'}
[9.341489] (ffw_teleop) StdoutLine: {'line': b'writing top-level names to ../../../build/ffw_teleop/ffw_teleop.egg-info/top_level.txt\n'}
[9.351529] (ffw_swerve_drive_controller) StdoutLine: {'line': b'-- Found parameter_traits: 0.7.3 (/opt/ros/jazzy/share/parameter_traits/cmake)\n'}
[9.363692] (ffw_teleop) StdoutLine: {'line': b"writing manifest file '../../../build/ffw_teleop/ffw_teleop.egg-info/SOURCES.txt'\n"}
[9.386679] (-) TimerEvent: {}
[9.395759] (ffw_description) StdoutLine: {'line': b'-- Installing: /root/workspaces/ros2_ws/install/ffw_description/share/ffw_description/meshes/common/follower/arm_r_link2.stl\n'}
[9.406712] (ffw_teleop) StdoutLine: {'line': b"reading manifest file '../../../build/ffw_teleop/ffw_teleop.egg-info/SOURCES.txt'\n"}
[9.421973] (ffw_teleop) StdoutLine: {'line': b"writing manifest file '../../../build/ffw_teleop/ffw_teleop.egg-info/SOURCES.txt'\n"}
[9.433261] (ffw_teleop) StdoutLine: {'line': b'running build\n'}
[9.433313] (ffw_teleop) StdoutLine: {'line': b'running build_py\n'}
[9.433354] (ffw_teleop) StdoutLine: {'line': b'creating /root/workspaces/ros2_ws/build/ffw_teleop/build\n'}
[9.433395] (ffw_teleop) StdoutLine: {'line': b'creating /root/workspaces/ros2_ws/build/ffw_teleop/build/lib\n'}
[9.433434] (ffw_teleop) StdoutLine: {'line': b'creating /root/workspaces/ros2_ws/build/ffw_teleop/build/lib/ffw_teleop\n'}
[9.433471] (ffw_teleop) StdoutLine: {'line': b'copying ffw_teleop/keyboard_control.py -> /root/workspaces/ros2_ws/build/ffw_teleop/build/lib/ffw_teleop\n'}
[9.452775] (ffw_teleop) StdoutLine: {'line': b'copying ffw_teleop/__init__.py -> /root/workspaces/ros2_ws/build/ffw_teleop/build/lib/ffw_teleop\n'}
[9.470487] (ffw_description) StdoutLine: {'line': b'-- Installing: /root/workspaces/ros2_ws/install/ffw_description/share/ffw_description/meshes/common/follower/arm_r_link6.stl\n'}
[9.483088] (ffw_teleop) StdoutLine: {'line': b'copying ffw_teleop/mobile_teleop.py -> /root/workspaces/ros2_ws/build/ffw_teleop/build/lib/ffw_teleop\n'}
[9.506321] (-) TimerEvent: {}
[9.516108] (ffw_teleop) StdoutLine: {'line': b'running install\n'}
[9.516257] (ffw_teleop) StdoutLine: {'line': b'running install_lib\n'}
[9.516319] (ffw_navigation) StdoutLine: {'line': b'[ 50%] \x1b[32mBuilding CXX object CMakeFiles/is_path_length_under_plugin.dir/src/is_path_length_under.cpp.o\x1b[0m\n'}
[9.523333] (ffw_teleop) StdoutLine: {'line': b'creating /root/workspaces/ros2_ws/install/ffw_teleop/lib/python3.12/site-packages/ffw_teleop\n'}
[9.531374] (ffw_teleop) StdoutLine: {'line': b'copying /root/workspaces/ros2_ws/build/ffw_teleop/build/lib/ffw_teleop/keyboard_control.py -> /root/workspaces/ros2_ws/install/ffw_teleop/lib/python3.12/site-packages/ffw_teleop\n'}
[9.553440] (ffw_description) StdoutLine: {'line': b'-- Installing: /root/workspaces/ros2_ws/install/ffw_description/share/ffw_description/meshes/common/follower/body_arm_assy.stl\n'}
[9.562815] (ffw_teleop) StdoutLine: {'line': b'copying /root/workspaces/ros2_ws/build/ffw_teleop/build/lib/ffw_teleop/__init__.py -> /root/workspaces/ros2_ws/install/ffw_teleop/lib/python3.12/site-packages/ffw_teleop\n'}
[9.581997] (ffw_teleop) StdoutLine: {'line': b'copying /root/workspaces/ros2_ws/build/ffw_teleop/build/lib/ffw_teleop/mobile_teleop.py -> /root/workspaces/ros2_ws/install/ffw_teleop/lib/python3.12/site-packages/ffw_teleop\n'}
[9.606438] (-) TimerEvent: {}
[9.614030] (ffw_swerve_drive_controller) StderrLine: {'line': b'\x1b[0mCMake Deprecation Warning at /opt/ros/jazzy/share/tl_expected/cmake/tl_expectedConfig.cmake:37 (message):\n'}
[9.614199] (ffw_swerve_drive_controller) StderrLine: {'line': b"  Package 'tl_expected' is deprecated (This package will be removed in ROS 2\n"}
[9.614251] (ffw_swerve_drive_controller) StderrLine: {'line': b'  Lyrical Luth.\n'}
[9.614292] (ffw_swerve_drive_controller) StderrLine: {'line': b'\n'}
[9.614332] (ffw_swerve_drive_controller) StderrLine: {'line': b'        Use tl/expected.hpp from libexpected-dev,\n'}
[9.614372] (ffw_swerve_drive_controller) StderrLine: {'line': b'        or rcpputils/tl_expected/expected.hpp if the system header is not available)\n'}
[9.614410] (ffw_swerve_drive_controller) StderrLine: {'line': b'Call Stack (most recent call first):\n'}
[9.614447] (ffw_swerve_drive_controller) StderrLine: {'line': b'  /opt/ros/jazzy/share/parameter_traits/cmake/ament_cmake_export_dependencies-extras.cmake:21 (find_package)\n'}
[9.614485] (ffw_swerve_drive_controller) StderrLine: {'line': b'  /opt/ros/jazzy/share/parameter_traits/cmake/parameter_traitsConfig.cmake:41 (include)\n'}
[9.614520] (ffw_swerve_drive_controller) StderrLine: {'line': b'  /opt/ros/jazzy/share/generate_parameter_library/cmake/generate_parameter_library-extras.cmake:30 (find_package)\n'}
[9.614560] (ffw_swerve_drive_controller) StderrLine: {'line': b'  /opt/ros/jazzy/share/generate_parameter_library/cmake/generate_parameter_libraryConfig.cmake:41 (include)\n'}
[9.614596] (ffw_swerve_drive_controller) StderrLine: {'line': b'  CMakeLists.txt:31 (find_package)\n'}
[9.614633] (ffw_swerve_drive_controller) StderrLine: {'line': b'\n'}
[9.614670] (ffw_swerve_drive_controller) StderrLine: {'line': b'\x1b[0m\n'}
[9.624834] (ffw_teleop) StdoutLine: {'line': b'byte-compiling /root/workspaces/ros2_ws/install/ffw_teleop/lib/python3.12/site-packages/ffw_teleop/keyboard_control.py to keyboard_control.cpython-312.pyc\n'}
[9.657174] (ffw_teleop) StdoutLine: {'line': b'byte-compiling /root/workspaces/ros2_ws/install/ffw_teleop/lib/python3.12/site-packages/ffw_teleop/__init__.py to __init__.cpython-312.pyc\n'}
[9.657761] (ffw_swerve_drive_controller) StdoutLine: {'line': b'-- Found nav_msgs: 5.3.8 (/opt/ros/jazzy/share/nav_msgs/cmake)\n'}
[9.681959] (ffw_description) StdoutLine: {'line': b'-- Installing: /root/workspaces/ros2_ws/install/ffw_description/share/ffw_description/meshes/common/follower/arm_l_link4.stl\n'}
[9.683141] (ffw_teleop) StdoutLine: {'line': b'byte-compiling /root/workspaces/ros2_ws/install/ffw_teleop/lib/python3.12/site-packages/ffw_teleop/mobile_teleop.py to mobile_teleop.cpython-312.pyc\n'}
[9.705986] (ffw_teleop) StdoutLine: {'line': b'running install_data\n'}
[9.714504] (-) TimerEvent: {}
[9.725564] (ffw_teleop) StdoutLine: {'line': b'creating /root/workspaces/ros2_ws/install/ffw_teleop/share/ament_index\n'}
[9.725692] (ffw_teleop) StdoutLine: {'line': b'creating /root/workspaces/ros2_ws/install/ffw_teleop/share/ament_index/resource_index\n'}
[9.725741] (ffw_teleop) StdoutLine: {'line': b'creating /root/workspaces/ros2_ws/install/ffw_teleop/share/ament_index/resource_index/packages\n'}
[9.730828] (ffw_teleop) StdoutLine: {'line': b'copying resource/ffw_teleop -> /root/workspaces/ros2_ws/install/ffw_teleop/share/ament_index/resource_index/packages\n'}
[9.735863] (ffw_swerve_drive_controller) StdoutLine: {'line': b'-- Found std_srvs: 5.3.8 (/opt/ros/jazzy/share/std_srvs/cmake)\n'}
[9.750267] (ffw_teleop) StdoutLine: {'line': b'copying package.xml -> /root/workspaces/ros2_ws/install/ffw_teleop/share/ffw_teleop\n'}
[9.773699] (ffw_teleop) StdoutLine: {'line': b'running install_egg_info\n'}
[9.785998] (ffw_description) StdoutLine: {'line': b'-- Installing: /root/workspaces/ros2_ws/install/ffw_description/share/ffw_description/meshes/common/follower/arm_r_link4.stl\n'}
[9.800002] (ffw_teleop) StdoutLine: {'line': b'Copying ../../../build/ffw_teleop/ffw_teleop.egg-info to /root/workspaces/ros2_ws/install/ffw_teleop/lib/python3.12/site-packages/ffw_teleop-1.2.0-py3.12.egg-info\n'}
[9.803959] (ffw_swerve_drive_controller) StdoutLine: {'line': b'-- Found tf2: 0.36.21 (/opt/ros/jazzy/share/tf2/cmake)\n'}
[9.814590] (-) TimerEvent: {}
[9.868084] (ffw_swerve_drive_controller) StdoutLine: {'line': b'-- Found tf2_geometry_msgs: 0.36.21 (/opt/ros/jazzy/share/tf2_geometry_msgs/cmake)\n'}
[9.875986] (ffw_description) StdoutLine: {'line': b'-- Installing: /root/workspaces/ros2_ws/install/ffw_description/share/ffw_description/meshes/common/follower/base\n'}
[9.901531] (ffw_description) StdoutLine: {'line': b'-- Installing: /root/workspaces/ros2_ws/install/ffw_description/share/ffw_description/meshes/common/follower/base/base_mobile_assy.stl\n'}
[9.914703] (-) TimerEvent: {}
[10.001063] (ffw_teleop) StdoutLine: {'line': b'running install_scripts\n'}
[10.006605] (ffw_description) StdoutLine: {'line': b'-- Installing: /root/workspaces/ros2_ws/install/ffw_description/share/ffw_description/meshes/common/follower/arm_l_link2.stl\n'}
[10.014794] (-) TimerEvent: {}
[10.029585] (ffw_swerve_drive_controller) StdoutLine: {'line': b'-- Found eigen3_cmake_module: 0.3.1 (/opt/ros/jazzy/share/eigen3_cmake_module/cmake)\n'}
[10.033773] (ffw_swerve_drive_controller) StdoutLine: {'line': b'-- Found Eigen3: TRUE (found version "3.4.0") \n'}
[10.033870] (ffw_swerve_drive_controller) StdoutLine: {'line': b'-- Ensuring Eigen3 include directory is part of orocos-kdl CMake target\n'}
[10.114904] (-) TimerEvent: {}
[10.119918] (ffw_description) StdoutLine: {'line': b'-- Installing: /root/workspaces/ros2_ws/install/ffw_description/share/ffw_description/meshes/common/follower/arm_l_link6.stl\n'}
[10.148850] (ffw_teleop) StdoutLine: {'line': b'Installing keyborad_control script to /root/workspaces/ros2_ws/install/ffw_teleop/lib/ffw_teleop\n'}
[10.169850] (ffw_teleop) StdoutLine: {'line': b'Installing mobile_teleop script to /root/workspaces/ros2_ws/install/ffw_teleop/lib/ffw_teleop\n'}
[10.184702] (ffw_description) StdoutLine: {'line': b'-- Installing: /root/workspaces/ros2_ws/install/ffw_description/share/ffw_description/meshes/common/rh_p12_rn_a\n'}
[10.191620] (ffw_teleop) StdoutLine: {'line': b"writing list of installed files to '/root/workspaces/ros2_ws/build/ffw_teleop/install.log'\n"}
[10.206408] (ffw_description) StdoutLine: {'line': b'-- Installing: /root/workspaces/ros2_ws/install/ffw_description/share/ffw_description/meshes/common/rh_p12_rn_a/r1.stl\n'}
[10.240025] (-) TimerEvent: {}
[10.249973] (ffw_teleop) CommandEnded: {'returncode': 0}
[10.255303] (ffw_description) StdoutLine: {'line': b'-- Installing: /root/workspaces/ros2_ws/install/ffw_description/share/ffw_description/meshes/common/rh_p12_rn_a/base.stl\n'}
[10.303153] (ffw_description) StdoutLine: {'line': b'-- Installing: /root/workspaces/ros2_ws/install/ffw_description/share/ffw_description/meshes/common/rh_p12_rn_a/l1.stl\n'}
[10.340148] (-) TimerEvent: {}
[10.348021] (ffw_description) StdoutLine: {'line': b'-- Installing: /root/workspaces/ros2_ws/install/ffw_description/share/ffw_description/meshes/common/rh_p12_rn_a/r2.stl\n'}
[10.391849] (ffw_description) StdoutLine: {'line': b'-- Installing: /root/workspaces/ros2_ws/install/ffw_description/share/ffw_description/meshes/common/rh_p12_rn_a/l2.stl\n'}
[10.407338] (ffw_swerve_drive_controller) StdoutLine: {'line': b'-- Found visualization_msgs: 5.3.8 (/opt/ros/jazzy/share/visualization_msgs/cmake)\n'}
[10.434869] (ffw_description) StdoutLine: {'line': b'-- Installing: /root/workspaces/ros2_ws/install/ffw_description/share/ffw_description/rviz\n'}
[10.440244] (-) TimerEvent: {}
[10.454257] (ffw_description) StdoutLine: {'line': b'-- Installing: /root/workspaces/ros2_ws/install/ffw_description/share/ffw_description/rviz/ffw_sh5.rviz\n'}
[10.475114] (ffw_teleop) JobEnded: {'identifier': 'ffw_teleop', 'rc': 0}
[10.502050] (library_world) JobStarted: {'identifier': 'library_world'}
[10.502127] (ffw_description) StdoutLine: {'line': b'-- Installing: /root/workspaces/ros2_ws/install/ffw_description/share/ffw_description/rviz/ffw_sg2.rviz\n'}
[10.534365] (ffw_swerve_drive_controller) StdoutLine: {'line': b'-- Found ament_lint_auto: 0.17.5 (/opt/ros/jazzy/share/ament_lint_auto/cmake)\n'}
[10.538433] (library_world) JobProgress: {'identifier': 'library_world', 'progress': 'cmake'}
[10.548201] (-) TimerEvent: {}
[10.548391] (ffw_description) StdoutLine: {'line': b'-- Installing: /root/workspaces/ros2_ws/install/ffw_description/share/ffw_description/urdf\n'}
[10.563315] (ffw_description) StdoutLine: {'line': b'-- Installing: /root/workspaces/ros2_ws/install/ffw_description/share/ffw_description/urdf/ffw_sh5_rev1_follower\n'}
[10.587318] (ffw_description) StdoutLine: {'line': b'-- Installing: /root/workspaces/ros2_ws/install/ffw_description/share/ffw_description/urdf/ffw_sh5_rev1_follower/ffw_sh5_follower.urdf.xacro\n'}
[10.610180] (library_world) Command: {'cmd': ['/usr/bin/cmake', '/root/workspaces/ros2_ws/src/ai-worker-sim/library_world', '-DCMAKE_INSTALL_PREFIX=/root/workspaces/ros2_ws/install/library_world'], 'cwd': '/root/workspaces/ros2_ws/build/library_world', 'env': OrderedDict({'LESSOPEN': '| /usr/bin/lesspipe %s', 'ACTIVE_WS_PATH': '/root/workspaces/turtlebot_ws', 'GZ_SIM_RESOURCE_PATH': '/opt/ros/jazzy/share', 'SUPERVISOR_GROUP_NAME': 'ttyd', 'GZ_CONFIG_PATH': '/opt/ros/jazzy/opt/gz_sim_vendor/share/gz:/opt/ros/jazzy/opt/sdformat_vendor/share/gz:/opt/ros/jazzy/opt/gz_gui_vendor/share/gz:/opt/ros/jazzy/opt/gz_transport_vendor/share/gz:/opt/ros/jazzy/opt/gz_rendering_vendor/share/gz:/opt/ros/jazzy/opt/gz_plugin_vendor/share/gz:/opt/ros/jazzy/opt/gz_fuel_tools_vendor/share/gz:/opt/ros/jazzy/opt/gz_msgs_vendor/share/gz:/opt/ros/jazzy/opt/gz_common_vendor/share/gz', 'HOSTNAME': 'ip-172-31-30-45.eu-central-1.compute.internal', 'SHLVL': '1', 'LD_LIBRARY_PATH': '/opt/ros/jazzy/opt/gz_sim_vendor/lib:/opt/ros/jazzy/opt/gz_sensors_vendor/lib:/opt/ros/jazzy/opt/gz_physics_vendor/lib:/opt/ros/jazzy/opt/sdformat_vendor/lib:/opt/ros/jazzy/opt/rviz_ogre_vendor/lib:/opt/ros/jazzy/lib/x86_64-linux-gnu:/opt/ros/jazzy/opt/gz_gui_vendor/lib:/opt/ros/jazzy/opt/gz_transport_vendor/lib:/opt/ros/jazzy/opt/gz_rendering_vendor/lib:/opt/ros/jazzy/opt/gz_plugin_vendor/lib:/opt/ros/jazzy/opt/gz_fuel_tools_vendor/lib:/opt/ros/jazzy/opt/gz_msgs_vendor/lib:/opt/ros/jazzy/opt/gz_common_vendor/lib:/opt/ros/jazzy/opt/gz_math_vendor/lib:/opt/ros/jazzy/opt/gz_utils_vendor/lib:/opt/ros/jazzy/opt/gz_tools_vendor/lib:/opt/ros/jazzy/opt/gz_ogre_next_vendor/lib:/opt/ros/jazzy/opt/gz_dartsim_vendor/lib:/opt/ros/jazzy/opt/gz_cmake_vendor/lib:/opt/ros/jazzy/lib', 'HOME': '/root', 'EFS_PATH': '/workspaces/113baa83-0a52-42aa-9f6b-d5b552759739', 'OLDPWD': '/root/workspaces/ros2_ws/src', 'ROS_PYTHON_VERSION': '3', 'AWS_CONTAINER_CREDENTIALS_RELATIVE_URI': '/v2/credentials/a1e09ffa-983f-471c-8ec0-b8e714b0031e', 'AWS_EXECUTION_ENV': 'AWS_ECS_FARGATE', 'COLCON_PREFIX_PATH': '/root/workspaces/turtlebot_ws/install', 'ECS_AGENT_URI': 'http://169.254.170.2/api/07ce5f5e937f436fbcd52f6e51abfffa-1842134484', 'ROS_DISTRO': 'jazzy', 'AWS_DEFAULT_REGION': 'eu-central-1', '_': '/usr/bin/colcon', 'ROS_VERSION': '2', 'ECS_CONTAINER_METADATA_URI_V4': 'http://169.254.170.2/v4/07ce5f5e937f436fbcd52f6e51abfffa-1842134484', 'TERM': 'xterm-256color', 'ECS_CONTAINER_METADATA_URI': 'http://169.254.170.2/v3/07ce5f5e937f436fbcd52f6e51abfffa-1842134484', 'SESSION_UUID': '113baa83-0a52-42aa-9f6b-d5b552759739', 'PATH': '/opt/ros/jazzy/opt/gz_msgs_vendor/bin:/opt/ros/jazzy/opt/gz_tools_vendor/bin:/opt/ros/jazzy/opt/gz_ogre_next_vendor/bin:/opt/ros/jazzy/bin:/usr/local/sbin:/usr/local/bin:/usr/sbin:/usr/bin:/sbin:/bin', 'XDG_RUNTIME_DIR': '/tmp/runtime-root', 'DISPLAY': ':1', 'LANG': 'en_US.UTF-8', 'LS_COLORS': 'rs=0:di=01;34:ln=01;36:mh=00:pi=40;33:so=01;35:do=01;35:bd=40;33;01:cd=40;33;01:or=40;31;01:mi=00:su=37;41:sg=30;43:ca=00:tw=30;42:ow=34;42:st=37;44:ex=01;32:*.tar=01;31:*.tgz=01;31:*.arc=01;31:*.arj=01;31:*.taz=01;31:*.lha=01;31:*.lz4=01;31:*.lzh=01;31:*.lzma=01;31:*.tlz=01;31:*.txz=01;31:*.tzo=01;31:*.t7z=01;31:*.zip=01;31:*.z=01;31:*.dz=01;31:*.gz=01;31:*.lrz=01;31:*.lz=01;31:*.lzo=01;31:*.xz=01;31:*.zst=01;31:*.tzst=01;31:*.bz2=01;31:*.bz=01;31:*.tbz=01;31:*.tbz2=01;31:*.tz=01;31:*.deb=01;31:*.rpm=01;31:*.jar=01;31:*.war=01;31:*.ear=01;31:*.sar=01;31:*.rar=01;31:*.alz=01;31:*.ace=01;31:*.zoo=01;31:*.cpio=01;31:*.7z=01;31:*.rz=01;31:*.cab=01;31:*.wim=01;31:*.swm=01;31:*.dwm=01;31:*.esd=01;31:*.avif=01;35:*.jpg=01;35:*.jpeg=01;35:*.mjpg=01;35:*.mjpeg=01;35:*.gif=01;35:*.bmp=01;35:*.pbm=01;35:*.pgm=01;35:*.ppm=01;35:*.tga=01;35:*.xbm=01;35:*.xpm=01;35:*.tif=01;35:*.tiff=01;35:*.png=01;35:*.svg=01;35:*.svgz=01;35:*.mng=01;35:*.pcx=01;35:*.mov=01;35:*.mpg=01;35:*.mpeg=01;35:*.m2v=01;35:*.mkv=01;35:*.webm=01;35:*.webp=01;35:*.ogm=01;35:*.mp4=01;35:*.m4v=01;35:*.mp4v=01;35:*.vob=01;35:*.qt=01;35:*.nuv=01;35:*.wmv=01;35:*.asf=01;35:*.rm=01;35:*.rmvb=01;35:*.flc=01;35:*.avi=01;35:*.fli=01;35:*.flv=01;35:*.gl=01;35:*.dl=01;35:*.xcf=01;35:*.xwd=01;35:*.yuv=01;35:*.cgm=01;35:*.emf=01;35:*.ogv=01;35:*.ogx=01;35:*.aac=00;36:*.au=00;36:*.flac=00;36:*.m4a=00;36:*.mid=00;36:*.midi=00;36:*.mka=00;36:*.mp3=00;36:*.mpc=00;36:*.ogg=00;36:*.ra=00;36:*.wav=00;36:*.oga=00;36:*.opus=00;36:*.spx=00;36:*.xspf=00;36:*~=00;90:*#=00;90:*.bak=00;90:*.crdownload=00;90:*.dpkg-dist=00;90:*.dpkg-new=00;90:*.dpkg-old=00;90:*.dpkg-tmp=00;90:*.old=00;90:*.orig=00;90:*.part=00;90:*.rej=00;90:*.rpmnew=00;90:*.rpmorig=00;90:*.rpmsave=00;90:*.swp=00;90:*.tmp=00;90:*.ucf-dist=00;90:*.ucf-new=00;90:*.ucf-old=00;90:', 'SUPERVISOR_ENABLED': '1', 'ROS_DOMAIN_ID': '30', 'AMENT_PREFIX_PATH': '/root/workspaces/turtlebot_ws/install/turtlebot3_simulations:/root/workspaces/turtlebot_ws/install/turtlebot3_gazebo:/root/workspaces/turtlebot_ws/install/turtlebot3_fake_node:/opt/ros/jazzy', 'DEBIAN_FRONTEND': 'noninteractive', 'ACTIVE_WS_NAME': 'turtlebot_ws', 'AWS_REGION': 'eu-central-1', 'LESSCLOSE': '/usr/bin/lesspipe %s %s', 'SUPERVISOR_SERVER_URL': 'unix:///var/run/supervisor.sock', 'ROS_AUTOMATIC_DISCOVERY_RANGE': 'SUBNET', 'SUPERVISOR_PROCESS_NAME': 'ttyd', 'PWD': '/root/workspaces/ros2_ws/build/library_world', 'TURTLEBOT3_MODEL': 'burger', 'LC_ALL': 'en_US.UTF-8', 'PYTHONPATH': '/opt/ros/jazzy/lib/python3.12/site-packages', 'COLCON': '1', 'CMAKE_PREFIX_PATH': '/root/workspaces/turtlebot_ws/install/turtlebot3_simulations:/root/workspaces/turtlebot_ws/install/turtlebot3_gazebo:/root/workspaces/turtlebot_ws/install/turtlebot3_fake_node:/opt/ros/jazzy/opt/gz_sim_vendor:/opt/ros/jazzy/opt/gz_sensors_vendor:/opt/ros/jazzy/opt/gz_physics_vendor:/opt/ros/jazzy/opt/sdformat_vendor:/opt/ros/jazzy/opt/gz_gui_vendor:/opt/ros/jazzy/opt/gz_transport_vendor:/opt/ros/jazzy/opt/gz_rendering_vendor:/opt/ros/jazzy/opt/gz_plugin_vendor:/opt/ros/jazzy/opt/gz_fuel_tools_vendor:/opt/ros/jazzy/opt/gz_msgs_vendor:/opt/ros/jazzy/opt/gz_common_vendor:/opt/ros/jazzy/opt/gz_math_vendor:/opt/ros/jazzy/opt/gz_utils_vendor:/opt/ros/jazzy/opt/gz_tools_vendor:/opt/ros/jazzy/opt/gz_ogre_next_vendor:/opt/ros/jazzy/opt/gz_dartsim_vendor:/opt/ros/jazzy/opt/gz_cmake_vendor:/opt/ros/jazzy'}), 'shell': False}
[10.645191] (ffw_description) StdoutLine: {'line': b'-- Installing: /root/workspaces/ros2_ws/install/ffw_description/share/ffw_description/urdf/common\n'}
[10.648307] (-) TimerEvent: {}
[10.652894] (ffw_description) StdoutLine: {'line': b'-- Installing: /root/workspaces/ros2_ws/install/ffw_description/share/ffw_description/urdf/common/hx5_d20\n'}
[10.675999] (ffw_description) StdoutLine: {'line': b'-- Installing: /root/workspaces/ros2_ws/install/ffw_description/share/ffw_description/urdf/common/hx5_d20/hx5_d20_right.urdf\n'}
[10.720123] (ffw_description) StdoutLine: {'line': b'-- Installing: /root/workspaces/ros2_ws/install/ffw_description/share/ffw_description/urdf/common/hx5_d20/hx5_d20_left.urdf.xacro\n'}
[10.748442] (-) TimerEvent: {}
[10.766808] (ffw_description) StdoutLine: {'line': b'-- Installing: /root/workspaces/ros2_ws/install/ffw_description/share/ffw_description/urdf/common/hx5_d20/hx5_d20_right.urdf.xacro\n'}
[10.811662] (ffw_description) StdoutLine: {'line': b'-- Installing: /root/workspaces/ros2_ws/install/ffw_description/share/ffw_description/urdf/common/hx5_d20/hx5_d20_left.urdf\n'}
[10.848549] (-) TimerEvent: {}
[10.856463] (ffw_description) StdoutLine: {'line': b'-- Installing: /root/workspaces/ros2_ws/install/ffw_description/share/ffw_description/urdf/common/follower\n'}
[10.877684] (ffw_description) StdoutLine: {'line': b'-- Installing: /root/workspaces/ros2_ws/install/ffw_description/share/ffw_description/urdf/common/follower/ffw_follower_body.xacro\n'}
[10.896310] (library_world) StdoutLine: {'line': b'-- The C compiler identification is GNU 13.3.0\n'}
[10.924596] (ffw_description) StdoutLine: {'line': b'-- Installing: /root/workspaces/ros2_ws/install/ffw_description/share/ffw_description/urdf/common/follower/zedm.urdf.xacro\n'}
[10.948673] (-) TimerEvent: {}
[10.969220] (ffw_description) StdoutLine: {'line': b'-- Installing: /root/workspaces/ros2_ws/install/ffw_description/share/ffw_description/urdf/common/leader\n'}
[10.993981] (ffw_description) StdoutLine: {'line': b'-- Installing: /root/workspaces/ros2_ws/install/ffw_description/share/ffw_description/urdf/common/leader/ffw_leader_body.urdf.xacro\n'}
[11.039612] (ffw_description) StdoutLine: {'line': b'-- Installing: /root/workspaces/ros2_ws/install/ffw_description/share/ffw_description/urdf/common/rh_p12_rn_a\n'}
[11.048787] (-) TimerEvent: {}
[11.061573] (ffw_description) StdoutLine: {'line': b'-- Installing: /root/workspaces/ros2_ws/install/ffw_description/share/ffw_description/urdf/common/rh_p12_rn_a/rh_p12_rn_a.urdf.xacro\n'}
[11.108176] (ffw_description) StdoutLine: {'line': b'-- Installing: /root/workspaces/ros2_ws/install/ffw_description/share/ffw_description/gazebo\n'}
[11.111934] (library_world) StdoutLine: {'line': b'-- The CXX compiler identification is GNU 13.3.0\n'}
[11.127832] (ffw_description) StdoutLine: {'line': b'-- Installing: /root/workspaces/ros2_ws/install/ffw_description/share/ffw_description/gazebo/ffw_sh5_rev1_follower\n'}
[11.148902] (-) TimerEvent: {}
[11.150398] (ffw_description) StdoutLine: {'line': b'-- Installing: /root/workspaces/ros2_ws/install/ffw_description/share/ffw_description/gazebo/ffw_sh5_rev1_follower/ffw_sh5_follower.gazebo.xacro\n'}
[11.192917] (library_world) StdoutLine: {'line': b'-- Detecting C compiler ABI info\n'}
[11.194241] (ffw_description) StdoutLine: {'line': b'-- Installing: /root/workspaces/ros2_ws/install/ffw_description/share/ffw_description/ros2_control\n'}
[11.213655] (ffw_description) StdoutLine: {'line': b'-- Installing: /root/workspaces/ros2_ws/install/ffw_description/share/ffw_description/ros2_control/ffw_sh5_rev1_follower\n'}
[11.236568] (ffw_description) StdoutLine: {'line': b'-- Installing: /root/workspaces/ros2_ws/install/ffw_description/share/ffw_description/ros2_control/ffw_sh5_rev1_follower/ffw_sh5_follower.ros2_control.xacro\n'}
[11.249019] (-) TimerEvent: {}
[11.293545] (ffw_description) StdoutLine: {'line': b'-- Installing: /root/workspaces/ros2_ws/install/ffw_description/share/ffw_description/ros2_control/ffw_sh5_rev1_follower/ffw_sh5_sensor.ros2_control.xacro\n'}
[11.338124] (ffw_description) StdoutLine: {'line': b'-- Installing: /root/workspaces/ros2_ws/install/ffw_description/share/ffw_description/ros2_control/ffw_sh5_rev1_follower/ffw_sh5_base.ros2_control.xacro\n'}
[11.349136] (-) TimerEvent: {}
[11.411383] (ffw_description) StdoutLine: {'line': b'-- Installing: /root/workspaces/ros2_ws/install/ffw_description/share/ament_index/resource_index/package_run_dependencies/ffw_description\n'}
[11.449250] (-) TimerEvent: {}
[11.479259] (ffw_description) StdoutLine: {'line': b'-- Installing: /root/workspaces/ros2_ws/install/ffw_description/share/ament_index/resource_index/parent_prefix_path/ffw_description\n'}
[11.536508] (ffw_description) StdoutLine: {'line': b'-- Installing: /root/workspaces/ros2_ws/install/ffw_description/share/ffw_description/environment/ament_prefix_path.sh\n'}
[11.549375] (-) TimerEvent: {}
[11.583681] (ffw_description) StdoutLine: {'line': b'-- Installing: /root/workspaces/ros2_ws/install/ffw_description/share/ffw_description/environment/ament_prefix_path.dsv\n'}
[11.632019] (ffw_description) StdoutLine: {'line': b'-- Installing: /root/workspaces/ros2_ws/install/ffw_description/share/ffw_description/environment/path.sh\n'}
[11.649491] (-) TimerEvent: {}
[11.677690] (ffw_description) StdoutLine: {'line': b'-- Installing: /root/workspaces/ros2_ws/install/ffw_description/share/ffw_description/environment/path.dsv\n'}
[11.723838] (ffw_description) StdoutLine: {'line': b'-- Installing: /root/workspaces/ros2_ws/install/ffw_description/share/ffw_description/local_setup.bash\n'}
[11.749658] (-) TimerEvent: {}
[11.772406] (ffw_description) StdoutLine: {'line': b'-- Installing: /root/workspaces/ros2_ws/install/ffw_description/share/ffw_description/local_setup.sh\n'}
[11.823510] (ffw_description) StdoutLine: {'line': b'-- Installing: /root/workspaces/ros2_ws/install/ffw_description/share/ffw_description/local_setup.zsh\n'}
[11.849772] (-) TimerEvent: {}
[11.872864] (ffw_description) StdoutLine: {'line': b'-- Installing: /root/workspaces/ros2_ws/install/ffw_description/share/ffw_description/local_setup.dsv\n'}
[11.887831] (ffw_swerve_drive_controller) StdoutLine: {'line': b"-- Added test 'cppcheck' to perform static code analysis on C / C++ code\n"}
[11.888873] (ffw_swerve_drive_controller) StdoutLine: {'line': b'-- Configured cppcheck include dirs: $<BUILD_INTERFACE:/root/workspaces/ros2_ws/src/ai-worker-sim/ffw_swerve_drive_controller/include>\n'}
[11.889034] (ffw_swerve_drive_controller) StdoutLine: {'line': b'-- Configured cppcheck exclude dirs and/or files: \n'}
[11.918104] (ffw_swerve_drive_controller) StdoutLine: {'line': b"-- Added test 'lint_cmake' to check CMake code style\n"}
[11.920216] (ffw_description) StdoutLine: {'line': b'-- Installing: /root/workspaces/ros2_ws/install/ffw_description/share/ffw_description/package.dsv\n'}
[11.949889] (-) TimerEvent: {}
[11.972152] (ffw_swerve_drive_controller) StdoutLine: {'line': b"-- Added test 'uncrustify' to check C / C++ code style\n"}
[11.972398] (ffw_swerve_drive_controller) StdoutLine: {'line': b'-- Configured uncrustify additional arguments: \n'}
[11.994455] (ffw_description) StdoutLine: {'line': b'-- Installing: /root/workspaces/ros2_ws/install/ffw_description/share/ament_index/resource_index/packages/ffw_description\n'}
[12.004556] (ffw_swerve_drive_controller) StdoutLine: {'line': b"-- Added test 'xmllint' to check XML markup files\n"}
[12.035228] (ffw_description) StdoutLine: {'line': b'-- Installing: /root/workspaces/ros2_ws/install/ffw_description/share/ffw_description/cmake/ffw_descriptionConfig.cmake\n'}
[12.049998] (-) TimerEvent: {}
[12.062893] (library_world) StdoutLine: {'line': b'-- Detecting C compiler ABI info - done\n'}
[12.077203] (library_world) StdoutLine: {'line': b'-- Check for working C compiler: /usr/bin/cc - skipped\n'}
[12.077480] (library_world) StdoutLine: {'line': b'-- Detecting C compile features\n'}
[12.077839] (library_world) StdoutLine: {'line': b'-- Detecting C compile features - done\n'}
[12.081653] (ffw_description) StdoutLine: {'line': b'-- Installing: /root/workspaces/ros2_ws/install/ffw_description/share/ffw_description/cmake/ffw_descriptionConfig-version.cmake\n'}
[12.128810] (ffw_description) StdoutLine: {'line': b'-- Installing: /root/workspaces/ros2_ws/install/ffw_description/share/ffw_description/package.xml\n'}
[12.150138] (-) TimerEvent: {}
[12.154821] (library_world) StdoutLine: {'line': b'-- Detecting CXX compiler ABI info\n'}
[12.190069] (ffw_description) CommandEnded: {'returncode': 0}
[12.250234] (-) TimerEvent: {}
[12.350547] (-) TimerEvent: {}
[12.450815] (-) TimerEvent: {}
[12.495589] (ffw_navigation) StdoutLine: {'line': b'[100%] \x1b[32m\x1b[1mLinking CXX shared library libis_path_length_under_plugin.so\x1b[0m\n'}
[12.550908] (-) TimerEvent: {}
[12.579533] (ffw_swerve_drive_controller) StdoutLine: {'line': b'-- Configuring done (12.0s)\n'}
[12.651043] (-) TimerEvent: {}
[12.653673] (ffw_description) JobEnded: {'identifier': 'ffw_description', 'rc': 0}
[12.670014] (warehouse_worlds) JobStarted: {'identifier': 'warehouse_worlds'}
[12.710842] (warehouse_worlds) JobProgress: {'identifier': 'warehouse_worlds', 'progress': 'cmake'}
[12.751143] (-) TimerEvent: {}
[12.766314] (warehouse_worlds) Command: {'cmd': ['/usr/bin/cmake', '/root/workspaces/ros2_ws/src/Gazebo_worlds/warehouse_worlds', '-DCMAKE_INSTALL_PREFIX=/root/workspaces/ros2_ws/install/warehouse_worlds'], 'cwd': '/root/workspaces/ros2_ws/build/warehouse_worlds', 'env': OrderedDict({'LESSOPEN': '| /usr/bin/lesspipe %s', 'ACTIVE_WS_PATH': '/root/workspaces/turtlebot_ws', 'GZ_SIM_RESOURCE_PATH': '/opt/ros/jazzy/share', 'SUPERVISOR_GROUP_NAME': 'ttyd', 'GZ_CONFIG_PATH': '/opt/ros/jazzy/opt/gz_sim_vendor/share/gz:/opt/ros/jazzy/opt/sdformat_vendor/share/gz:/opt/ros/jazzy/opt/gz_gui_vendor/share/gz:/opt/ros/jazzy/opt/gz_transport_vendor/share/gz:/opt/ros/jazzy/opt/gz_rendering_vendor/share/gz:/opt/ros/jazzy/opt/gz_plugin_vendor/share/gz:/opt/ros/jazzy/opt/gz_fuel_tools_vendor/share/gz:/opt/ros/jazzy/opt/gz_msgs_vendor/share/gz:/opt/ros/jazzy/opt/gz_common_vendor/share/gz', 'HOSTNAME': 'ip-172-31-30-45.eu-central-1.compute.internal', 'SHLVL': '1', 'LD_LIBRARY_PATH': '/opt/ros/jazzy/opt/gz_sim_vendor/lib:/opt/ros/jazzy/opt/gz_sensors_vendor/lib:/opt/ros/jazzy/opt/gz_physics_vendor/lib:/opt/ros/jazzy/opt/sdformat_vendor/lib:/opt/ros/jazzy/opt/rviz_ogre_vendor/lib:/opt/ros/jazzy/lib/x86_64-linux-gnu:/opt/ros/jazzy/opt/gz_gui_vendor/lib:/opt/ros/jazzy/opt/gz_transport_vendor/lib:/opt/ros/jazzy/opt/gz_rendering_vendor/lib:/opt/ros/jazzy/opt/gz_plugin_vendor/lib:/opt/ros/jazzy/opt/gz_fuel_tools_vendor/lib:/opt/ros/jazzy/opt/gz_msgs_vendor/lib:/opt/ros/jazzy/opt/gz_common_vendor/lib:/opt/ros/jazzy/opt/gz_math_vendor/lib:/opt/ros/jazzy/opt/gz_utils_vendor/lib:/opt/ros/jazzy/opt/gz_tools_vendor/lib:/opt/ros/jazzy/opt/gz_ogre_next_vendor/lib:/opt/ros/jazzy/opt/gz_dartsim_vendor/lib:/opt/ros/jazzy/opt/gz_cmake_vendor/lib:/opt/ros/jazzy/lib', 'HOME': '/root', 'EFS_PATH': '/workspaces/113baa83-0a52-42aa-9f6b-d5b552759739', 'OLDPWD': '/root/workspaces/ros2_ws/src', 'ROS_PYTHON_VERSION': '3', 'AWS_CONTAINER_CREDENTIALS_RELATIVE_URI': '/v2/credentials/a1e09ffa-983f-471c-8ec0-b8e714b0031e', 'AWS_EXECUTION_ENV': 'AWS_ECS_FARGATE', 'COLCON_PREFIX_PATH': '/root/workspaces/turtlebot_ws/install', 'ECS_AGENT_URI': 'http://169.254.170.2/api/07ce5f5e937f436fbcd52f6e51abfffa-1842134484', 'ROS_DISTRO': 'jazzy', 'AWS_DEFAULT_REGION': 'eu-central-1', '_': '/usr/bin/colcon', 'ROS_VERSION': '2', 'ECS_CONTAINER_METADATA_URI_V4': 'http://169.254.170.2/v4/07ce5f5e937f436fbcd52f6e51abfffa-1842134484', 'TERM': 'xterm-256color', 'ECS_CONTAINER_METADATA_URI': 'http://169.254.170.2/v3/07ce5f5e937f436fbcd52f6e51abfffa-1842134484', 'SESSION_UUID': '113baa83-0a52-42aa-9f6b-d5b552759739', 'PATH': '/opt/ros/jazzy/opt/gz_msgs_vendor/bin:/opt/ros/jazzy/opt/gz_tools_vendor/bin:/opt/ros/jazzy/opt/gz_ogre_next_vendor/bin:/opt/ros/jazzy/bin:/usr/local/sbin:/usr/local/bin:/usr/sbin:/usr/bin:/sbin:/bin', 'XDG_RUNTIME_DIR': '/tmp/runtime-root', 'DISPLAY': ':1', 'LANG': 'en_US.UTF-8', 'LS_COLORS': 'rs=0:di=01;34:ln=01;36:mh=00:pi=40;33:so=01;35:do=01;35:bd=40;33;01:cd=40;33;01:or=40;31;01:mi=00:su=37;41:sg=30;43:ca=00:tw=30;42:ow=34;42:st=37;44:ex=01;32:*.tar=01;31:*.tgz=01;31:*.arc=01;31:*.arj=01;31:*.taz=01;31:*.lha=01;31:*.lz4=01;31:*.lzh=01;31:*.lzma=01;31:*.tlz=01;31:*.txz=01;31:*.tzo=01;31:*.t7z=01;31:*.zip=01;31:*.z=01;31:*.dz=01;31:*.gz=01;31:*.lrz=01;31:*.lz=01;31:*.lzo=01;31:*.xz=01;31:*.zst=01;31:*.tzst=01;31:*.bz2=01;31:*.bz=01;31:*.tbz=01;31:*.tbz2=01;31:*.tz=01;31:*.deb=01;31:*.rpm=01;31:*.jar=01;31:*.war=01;31:*.ear=01;31:*.sar=01;31:*.rar=01;31:*.alz=01;31:*.ace=01;31:*.zoo=01;31:*.cpio=01;31:*.7z=01;31:*.rz=01;31:*.cab=01;31:*.wim=01;31:*.swm=01;31:*.dwm=01;31:*.esd=01;31:*.avif=01;35:*.jpg=01;35:*.jpeg=01;35:*.mjpg=01;35:*.mjpeg=01;35:*.gif=01;35:*.bmp=01;35:*.pbm=01;35:*.pgm=01;35:*.ppm=01;35:*.tga=01;35:*.xbm=01;35:*.xpm=01;35:*.tif=01;35:*.tiff=01;35:*.png=01;35:*.svg=01;35:*.svgz=01;35:*.mng=01;35:*.pcx=01;35:*.mov=01;35:*.mpg=01;35:*.mpeg=01;35:*.m2v=01;35:*.mkv=01;35:*.webm=01;35:*.webp=01;35:*.ogm=01;35:*.mp4=01;35:*.m4v=01;35:*.mp4v=01;35:*.vob=01;35:*.qt=01;35:*.nuv=01;35:*.wmv=01;35:*.asf=01;35:*.rm=01;35:*.rmvb=01;35:*.flc=01;35:*.avi=01;35:*.fli=01;35:*.flv=01;35:*.gl=01;35:*.dl=01;35:*.xcf=01;35:*.xwd=01;35:*.yuv=01;35:*.cgm=01;35:*.emf=01;35:*.ogv=01;35:*.ogx=01;35:*.aac=00;36:*.au=00;36:*.flac=00;36:*.m4a=00;36:*.mid=00;36:*.midi=00;36:*.mka=00;36:*.mp3=00;36:*.mpc=00;36:*.ogg=00;36:*.ra=00;36:*.wav=00;36:*.oga=00;36:*.opus=00;36:*.spx=00;36:*.xspf=00;36:*~=00;90:*#=00;90:*.bak=00;90:*.crdownload=00;90:*.dpkg-dist=00;90:*.dpkg-new=00;90:*.dpkg-old=00;90:*.dpkg-tmp=00;90:*.old=00;90:*.orig=00;90:*.part=00;90:*.rej=00;90:*.rpmnew=00;90:*.rpmorig=00;90:*.rpmsave=00;90:*.swp=00;90:*.tmp=00;90:*.ucf-dist=00;90:*.ucf-new=00;90:*.ucf-old=00;90:', 'SUPERVISOR_ENABLED': '1', 'ROS_DOMAIN_ID': '30', 'AMENT_PREFIX_PATH': '/root/workspaces/turtlebot_ws/install/turtlebot3_simulations:/root/workspaces/turtlebot_ws/install/turtlebot3_gazebo:/root/workspaces/turtlebot_ws/install/turtlebot3_fake_node:/opt/ros/jazzy', 'DEBIAN_FRONTEND': 'noninteractive', 'ACTIVE_WS_NAME': 'turtlebot_ws', 'AWS_REGION': 'eu-central-1', 'LESSCLOSE': '/usr/bin/lesspipe %s %s', 'SUPERVISOR_SERVER_URL': 'unix:///var/run/supervisor.sock', 'ROS_AUTOMATIC_DISCOVERY_RANGE': 'SUBNET', 'SUPERVISOR_PROCESS_NAME': 'ttyd', 'PWD': '/root/workspaces/ros2_ws/build/warehouse_worlds', 'TURTLEBOT3_MODEL': 'burger', 'LC_ALL': 'en_US.UTF-8', 'PYTHONPATH': '/opt/ros/jazzy/lib/python3.12/site-packages', 'COLCON': '1', 'CMAKE_PREFIX_PATH': '/root/workspaces/turtlebot_ws/install/turtlebot3_simulations:/root/workspaces/turtlebot_ws/install/turtlebot3_gazebo:/root/workspaces/turtlebot_ws/install/turtlebot3_fake_node:/opt/ros/jazzy/opt/gz_sim_vendor:/opt/ros/jazzy/opt/gz_sensors_vendor:/opt/ros/jazzy/opt/gz_physics_vendor:/opt/ros/jazzy/opt/sdformat_vendor:/opt/ros/jazzy/opt/gz_gui_vendor:/opt/ros/jazzy/opt/gz_transport_vendor:/opt/ros/jazzy/opt/gz_rendering_vendor:/opt/ros/jazzy/opt/gz_plugin_vendor:/opt/ros/jazzy/opt/gz_fuel_tools_vendor:/opt/ros/jazzy/opt/gz_msgs_vendor:/opt/ros/jazzy/opt/gz_common_vendor:/opt/ros/jazzy/opt/gz_math_vendor:/opt/ros/jazzy/opt/gz_utils_vendor:/opt/ros/jazzy/opt/gz_tools_vendor:/opt/ros/jazzy/opt/gz_ogre_next_vendor:/opt/ros/jazzy/opt/gz_dartsim_vendor:/opt/ros/jazzy/opt/gz_cmake_vendor:/opt/ros/jazzy'}), 'shell': False}
[12.851270] (-) TimerEvent: {}
[12.943724] (ffw_navigation) StdoutLine: {'line': b'[100%] Built target is_path_length_under_plugin\n'}
[12.951371] (-) TimerEvent: {}
[12.984251] (ffw_navigation) CommandEnded: {'returncode': 0}
[12.991403] (ffw_navigation) JobProgress: {'identifier': 'ffw_navigation', 'progress': 'install'}
[12.999483] (ffw_navigation) Command: {'cmd': ['/usr/bin/cmake', '--install', '/root/workspaces/ros2_ws/build/ffw_navigation'], 'cwd': '/root/workspaces/ros2_ws/build/ffw_navigation', 'env': OrderedDict({'LESSOPEN': '| /usr/bin/lesspipe %s', 'ACTIVE_WS_PATH': '/root/workspaces/turtlebot_ws', 'GZ_SIM_RESOURCE_PATH': '/opt/ros/jazzy/share', 'SUPERVISOR_GROUP_NAME': 'ttyd', 'GZ_CONFIG_PATH': '/opt/ros/jazzy/opt/gz_sim_vendor/share/gz:/opt/ros/jazzy/opt/sdformat_vendor/share/gz:/opt/ros/jazzy/opt/gz_gui_vendor/share/gz:/opt/ros/jazzy/opt/gz_transport_vendor/share/gz:/opt/ros/jazzy/opt/gz_rendering_vendor/share/gz:/opt/ros/jazzy/opt/gz_plugin_vendor/share/gz:/opt/ros/jazzy/opt/gz_fuel_tools_vendor/share/gz:/opt/ros/jazzy/opt/gz_msgs_vendor/share/gz:/opt/ros/jazzy/opt/gz_common_vendor/share/gz', 'HOSTNAME': 'ip-172-31-30-45.eu-central-1.compute.internal', 'SHLVL': '1', 'LD_LIBRARY_PATH': '/opt/ros/jazzy/opt/gz_sim_vendor/lib:/opt/ros/jazzy/opt/gz_sensors_vendor/lib:/opt/ros/jazzy/opt/gz_physics_vendor/lib:/opt/ros/jazzy/opt/sdformat_vendor/lib:/opt/ros/jazzy/opt/rviz_ogre_vendor/lib:/opt/ros/jazzy/lib/x86_64-linux-gnu:/opt/ros/jazzy/opt/gz_gui_vendor/lib:/opt/ros/jazzy/opt/gz_transport_vendor/lib:/opt/ros/jazzy/opt/gz_rendering_vendor/lib:/opt/ros/jazzy/opt/gz_plugin_vendor/lib:/opt/ros/jazzy/opt/gz_fuel_tools_vendor/lib:/opt/ros/jazzy/opt/gz_msgs_vendor/lib:/opt/ros/jazzy/opt/gz_common_vendor/lib:/opt/ros/jazzy/opt/gz_math_vendor/lib:/opt/ros/jazzy/opt/gz_utils_vendor/lib:/opt/ros/jazzy/opt/gz_tools_vendor/lib:/opt/ros/jazzy/opt/gz_ogre_next_vendor/lib:/opt/ros/jazzy/opt/gz_dartsim_vendor/lib:/opt/ros/jazzy/opt/gz_cmake_vendor/lib:/opt/ros/jazzy/lib', 'HOME': '/root', 'EFS_PATH': '/workspaces/113baa83-0a52-42aa-9f6b-d5b552759739', 'OLDPWD': '/root/workspaces/ros2_ws/src', 'ROS_PYTHON_VERSION': '3', 'AWS_CONTAINER_CREDENTIALS_RELATIVE_URI': '/v2/credentials/a1e09ffa-983f-471c-8ec0-b8e714b0031e', 'AWS_EXECUTION_ENV': 'AWS_ECS_FARGATE', 'COLCON_PREFIX_PATH': '/root/workspaces/turtlebot_ws/install', 'ECS_AGENT_URI': 'http://169.254.170.2/api/07ce5f5e937f436fbcd52f6e51abfffa-1842134484', 'ROS_DISTRO': 'jazzy', 'AWS_DEFAULT_REGION': 'eu-central-1', '_': '/usr/bin/colcon', 'ROS_VERSION': '2', 'ECS_CONTAINER_METADATA_URI_V4': 'http://169.254.170.2/v4/07ce5f5e937f436fbcd52f6e51abfffa-1842134484', 'TERM': 'xterm-256color', 'ECS_CONTAINER_METADATA_URI': 'http://169.254.170.2/v3/07ce5f5e937f436fbcd52f6e51abfffa-1842134484', 'SESSION_UUID': '113baa83-0a52-42aa-9f6b-d5b552759739', 'PATH': '/opt/ros/jazzy/opt/gz_msgs_vendor/bin:/opt/ros/jazzy/opt/gz_tools_vendor/bin:/opt/ros/jazzy/opt/gz_ogre_next_vendor/bin:/opt/ros/jazzy/bin:/usr/local/sbin:/usr/local/bin:/usr/sbin:/usr/bin:/sbin:/bin', 'XDG_RUNTIME_DIR': '/tmp/runtime-root', 'DISPLAY': ':1', 'LANG': 'en_US.UTF-8', 'LS_COLORS': 'rs=0:di=01;34:ln=01;36:mh=00:pi=40;33:so=01;35:do=01;35:bd=40;33;01:cd=40;33;01:or=40;31;01:mi=00:su=37;41:sg=30;43:ca=00:tw=30;42:ow=34;42:st=37;44:ex=01;32:*.tar=01;31:*.tgz=01;31:*.arc=01;31:*.arj=01;31:*.taz=01;31:*.lha=01;31:*.lz4=01;31:*.lzh=01;31:*.lzma=01;31:*.tlz=01;31:*.txz=01;31:*.tzo=01;31:*.t7z=01;31:*.zip=01;31:*.z=01;31:*.dz=01;31:*.gz=01;31:*.lrz=01;31:*.lz=01;31:*.lzo=01;31:*.xz=01;31:*.zst=01;31:*.tzst=01;31:*.bz2=01;31:*.bz=01;31:*.tbz=01;31:*.tbz2=01;31:*.tz=01;31:*.deb=01;31:*.rpm=01;31:*.jar=01;31:*.war=01;31:*.ear=01;31:*.sar=01;31:*.rar=01;31:*.alz=01;31:*.ace=01;31:*.zoo=01;31:*.cpio=01;31:*.7z=01;31:*.rz=01;31:*.cab=01;31:*.wim=01;31:*.swm=01;31:*.dwm=01;31:*.esd=01;31:*.avif=01;35:*.jpg=01;35:*.jpeg=01;35:*.mjpg=01;35:*.mjpeg=01;35:*.gif=01;35:*.bmp=01;35:*.pbm=01;35:*.pgm=01;35:*.ppm=01;35:*.tga=01;35:*.xbm=01;35:*.xpm=01;35:*.tif=01;35:*.tiff=01;35:*.png=01;35:*.svg=01;35:*.svgz=01;35:*.mng=01;35:*.pcx=01;35:*.mov=01;35:*.mpg=01;35:*.mpeg=01;35:*.m2v=01;35:*.mkv=01;35:*.webm=01;35:*.webp=01;35:*.ogm=01;35:*.mp4=01;35:*.m4v=01;35:*.mp4v=01;35:*.vob=01;35:*.qt=01;35:*.nuv=01;35:*.wmv=01;35:*.asf=01;35:*.rm=01;35:*.rmvb=01;35:*.flc=01;35:*.avi=01;35:*.fli=01;35:*.flv=01;35:*.gl=01;35:*.dl=01;35:*.xcf=01;35:*.xwd=01;35:*.yuv=01;35:*.cgm=01;35:*.emf=01;35:*.ogv=01;35:*.ogx=01;35:*.aac=00;36:*.au=00;36:*.flac=00;36:*.m4a=00;36:*.mid=00;36:*.midi=00;36:*.mka=00;36:*.mp3=00;36:*.mpc=00;36:*.ogg=00;36:*.ra=00;36:*.wav=00;36:*.oga=00;36:*.opus=00;36:*.spx=00;36:*.xspf=00;36:*~=00;90:*#=00;90:*.bak=00;90:*.crdownload=00;90:*.dpkg-dist=00;90:*.dpkg-new=00;90:*.dpkg-old=00;90:*.dpkg-tmp=00;90:*.old=00;90:*.orig=00;90:*.part=00;90:*.rej=00;90:*.rpmnew=00;90:*.rpmorig=00;90:*.rpmsave=00;90:*.swp=00;90:*.tmp=00;90:*.ucf-dist=00;90:*.ucf-new=00;90:*.ucf-old=00;90:', 'SUPERVISOR_ENABLED': '1', 'ROS_DOMAIN_ID': '30', 'AMENT_PREFIX_PATH': '/root/workspaces/turtlebot_ws/install/turtlebot3_simulations:/root/workspaces/turtlebot_ws/install/turtlebot3_gazebo:/root/workspaces/turtlebot_ws/install/turtlebot3_fake_node:/opt/ros/jazzy', 'DEBIAN_FRONTEND': 'noninteractive', 'ACTIVE_WS_NAME': 'turtlebot_ws', 'AWS_REGION': 'eu-central-1', 'LESSCLOSE': '/usr/bin/lesspipe %s %s', 'SUPERVISOR_SERVER_URL': 'unix:///var/run/supervisor.sock', 'ROS_AUTOMATIC_DISCOVERY_RANGE': 'SUBNET', 'SUPERVISOR_PROCESS_NAME': 'ttyd', 'PWD': '/root/workspaces/ros2_ws/build/ffw_navigation', 'TURTLEBOT3_MODEL': 'burger', 'LC_ALL': 'en_US.UTF-8', 'PYTHONPATH': '/opt/ros/jazzy/lib/python3.12/site-packages', 'COLCON': '1', 'CMAKE_PREFIX_PATH': '/root/workspaces/turtlebot_ws/install/turtlebot3_simulations:/root/workspaces/turtlebot_ws/install/turtlebot3_gazebo:/root/workspaces/turtlebot_ws/install/turtlebot3_fake_node:/opt/ros/jazzy/opt/gz_sim_vendor:/opt/ros/jazzy/opt/gz_sensors_vendor:/opt/ros/jazzy/opt/gz_physics_vendor:/opt/ros/jazzy/opt/sdformat_vendor:/opt/ros/jazzy/opt/gz_gui_vendor:/opt/ros/jazzy/opt/gz_transport_vendor:/opt/ros/jazzy/opt/gz_rendering_vendor:/opt/ros/jazzy/opt/gz_plugin_vendor:/opt/ros/jazzy/opt/gz_fuel_tools_vendor:/opt/ros/jazzy/opt/gz_msgs_vendor:/opt/ros/jazzy/opt/gz_common_vendor:/opt/ros/jazzy/opt/gz_math_vendor:/opt/ros/jazzy/opt/gz_utils_vendor:/opt/ros/jazzy/opt/gz_tools_vendor:/opt/ros/jazzy/opt/gz_ogre_next_vendor:/opt/ros/jazzy/opt/gz_dartsim_vendor:/opt/ros/jazzy/opt/gz_cmake_vendor:/opt/ros/jazzy'}), 'shell': False}
[13.043874] (ffw_navigation) StdoutLine: {'line': b'-- Install configuration: ""\n'}
[13.047782] (warehouse_worlds) StdoutLine: {'line': b'-- The C compiler identification is GNU 13.3.0\n'}
[13.057568] (-) TimerEvent: {}
[13.061963] (ffw_navigation) StdoutLine: {'line': b'-- Installing: /root/workspaces/ros2_ws/install/ffw_navigation/lib/libis_path_length_under_plugin.so\n'}
[13.071991] (library_world) StdoutLine: {'line': b'-- Detecting CXX compiler ABI info - done\n'}
[13.086282] (library_world) StdoutLine: {'line': b'-- Check for working CXX compiler: /usr/bin/c++ - skipped\n'}
[13.086477] (library_world) StdoutLine: {'line': b'-- Detecting CXX compile features\n'}
[13.086947] (library_world) StdoutLine: {'line': b'-- Detecting CXX compile features - done\n'}
[13.157709] (-) TimerEvent: {}
[13.174274] (ffw_navigation) StdoutLine: {'line': b'-- Set non-toolchain portion of runtime path of "/root/workspaces/ros2_ws/install/ffw_navigation/lib/libis_path_length_under_plugin.so" to ""\n'}
[13.180480] (ffw_navigation) StdoutLine: {'line': b'-- Installing: /root/workspaces/ros2_ws/install/ffw_navigation/share/ffw_navigation/launch\n'}
[13.201836] (library_world) StdoutLine: {'line': b'-- Found ament_cmake: 2.5.6 (/opt/ros/jazzy/share/ament_cmake/cmake)\n'}
[13.213086] (ffw_navigation) StdoutLine: {'line': b'-- Installing: /root/workspaces/ros2_ws/install/ffw_navigation/share/ffw_navigation/launch/navigation.launch.py\n'}
[13.256907] (ffw_navigation) StdoutLine: {'line': b'-- Installing: /root/workspaces/ros2_ws/install/ffw_navigation/share/ffw_navigation/launch/online_sync_launch.py\n'}
[13.257838] (-) TimerEvent: {}
[13.267051] (warehouse_worlds) StdoutLine: {'line': b'-- The CXX compiler identification is GNU 13.3.0\n'}
[13.302468] (ffw_navigation) StdoutLine: {'line': b'-- Installing: /root/workspaces/ros2_ws/install/ffw_navigation/share/ffw_navigation/rviz\n'}
[13.329171] (ffw_navigation) StdoutLine: {'line': b'-- Installing: /root/workspaces/ros2_ws/install/ffw_navigation/share/ffw_navigation/rviz/navigation.rviz\n'}
[13.354399] (warehouse_worlds) StdoutLine: {'line': b'-- Detecting C compiler ABI info\n'}
[13.357943] (-) TimerEvent: {}
[13.375838] (ffw_navigation) StdoutLine: {'line': b'-- Installing: /root/workspaces/ros2_ws/install/ffw_navigation/share/ffw_navigation/rviz/mapping.rviz\n'}
[13.420504] (library_world) StdoutLine: {'line': b'-- Found Python3: /usr/bin/python3 (found version "3.12.3") found components: Interpreter \n'}
[13.422581] (ffw_navigation) StdoutLine: {'line': b'-- Installing: /root/workspaces/ros2_ws/install/ffw_navigation/share/ffw_navigation/config\n'}
[13.449029] (ffw_navigation) StdoutLine: {'line': b'-- Installing: /root/workspaces/ros2_ws/install/ffw_navigation/share/ffw_navigation/config/navigation_mppi.yaml\n'}
[13.471398] (-) TimerEvent: {}
[13.494596] (ffw_navigation) StdoutLine: {'line': b'-- Installing: /root/workspaces/ros2_ws/install/ffw_navigation/share/ffw_navigation/config/bt\n'}
[13.517884] (ffw_navigation) StdoutLine: {'line': b'-- Installing: /root/workspaces/ros2_ws/install/ffw_navigation/share/ffw_navigation/config/bt/nav_modes.xml\n'}
[13.564235] (ffw_navigation) StdoutLine: {'line': b'-- Installing: /root/workspaces/ros2_ws/install/ffw_navigation/share/ffw_navigation/config/navigation.yaml\n'}
[13.571513] (-) TimerEvent: {}
[13.612028] (ffw_navigation) StdoutLine: {'line': b'-- Installing: /root/workspaces/ros2_ws/install/ffw_navigation/share/ffw_navigation/config/mapper_params_online_sync.yaml\n'}
[13.658958] (ffw_navigation) StdoutLine: {'line': b'-- Installing: /root/workspaces/ros2_ws/install/ffw_navigation/share/ffw_navigation/maps\n'}
[13.671638] (-) TimerEvent: {}
[13.679116] (ffw_navigation) StdoutLine: {'line': b'-- Installing: /root/workspaces/ros2_ws/install/ffw_navigation/share/ffw_navigation/maps/map.pgm\n'}
[13.740484] (ffw_navigation) StdoutLine: {'line': b'-- Installing: /root/workspaces/ros2_ws/install/ffw_navigation/share/ffw_navigation/maps/map.yaml\n'}
[13.747162] (ffw_swerve_drive_controller) StdoutLine: {'line': b'-- Generating done (1.1s)\n'}
[13.771775] (-) TimerEvent: {}
[13.799827] (ffw_navigation) StdoutLine: {'line': b'-- Installing: /root/workspaces/ros2_ws/install/ffw_navigation/share/ffw_navigation/environment/library_path.sh\n'}
[13.843893] (ffw_navigation) StdoutLine: {'line': b'-- Installing: /root/workspaces/ros2_ws/install/ffw_navigation/share/ffw_navigation/environment/library_path.dsv\n'}
[13.871882] (-) TimerEvent: {}
[13.922122] (ffw_navigation) StdoutLine: {'line': b'-- Installing: /root/workspaces/ros2_ws/install/ffw_navigation/share/ament_index/resource_index/package_run_dependencies/ffw_navigation\n'}
[13.972005] (-) TimerEvent: {}
[13.984566] (ffw_navigation) StdoutLine: {'line': b'-- Installing: /root/workspaces/ros2_ws/install/ffw_navigation/share/ament_index/resource_index/parent_prefix_path/ffw_navigation\n'}
[14.030345] (ffw_navigation) StdoutLine: {'line': b'-- Installing: /root/workspaces/ros2_ws/install/ffw_navigation/share/ffw_navigation/environment/ament_prefix_path.sh\n'}
[14.072117] (-) TimerEvent: {}
[14.075808] (ffw_navigation) StdoutLine: {'line': b'-- Installing: /root/workspaces/ros2_ws/install/ffw_navigation/share/ffw_navigation/environment/ament_prefix_path.dsv\n'}
[14.121292] (ffw_navigation) StdoutLine: {'line': b'-- Installing: /root/workspaces/ros2_ws/install/ffw_navigation/share/ffw_navigation/environment/path.sh\n'}
[14.142514] (ffw_swerve_drive_controller) StdoutLine: {'line': b'-- Build files have been written to: /root/workspaces/ros2_ws/build/ffw_swerve_drive_controller\n'}
[14.155979] (ffw_swerve_drive_controller) CommandEnded: {'returncode': 0}
[14.157785] (ffw_swerve_drive_controller) JobProgress: {'identifier': 'ffw_swerve_drive_controller', 'progress': 'build'}
[14.160185] (ffw_swerve_drive_controller) Command: {'cmd': ['/usr/bin/cmake', '--build', '/root/workspaces/ros2_ws/build/ffw_swerve_drive_controller', '--', '-j4', '-l4'], 'cwd': '/root/workspaces/ros2_ws/build/ffw_swerve_drive_controller', 'env': OrderedDict({'LESSOPEN': '| /usr/bin/lesspipe %s', 'ACTIVE_WS_PATH': '/root/workspaces/turtlebot_ws', 'GZ_SIM_RESOURCE_PATH': '/opt/ros/jazzy/share', 'SUPERVISOR_GROUP_NAME': 'ttyd', 'GZ_CONFIG_PATH': '/opt/ros/jazzy/opt/gz_sim_vendor/share/gz:/opt/ros/jazzy/opt/sdformat_vendor/share/gz:/opt/ros/jazzy/opt/gz_gui_vendor/share/gz:/opt/ros/jazzy/opt/gz_transport_vendor/share/gz:/opt/ros/jazzy/opt/gz_rendering_vendor/share/gz:/opt/ros/jazzy/opt/gz_plugin_vendor/share/gz:/opt/ros/jazzy/opt/gz_fuel_tools_vendor/share/gz:/opt/ros/jazzy/opt/gz_msgs_vendor/share/gz:/opt/ros/jazzy/opt/gz_common_vendor/share/gz', 'HOSTNAME': 'ip-172-31-30-45.eu-central-1.compute.internal', 'SHLVL': '1', 'LD_LIBRARY_PATH': '/opt/ros/jazzy/opt/gz_sim_vendor/lib:/opt/ros/jazzy/opt/gz_sensors_vendor/lib:/opt/ros/jazzy/opt/gz_physics_vendor/lib:/opt/ros/jazzy/opt/sdformat_vendor/lib:/opt/ros/jazzy/opt/rviz_ogre_vendor/lib:/opt/ros/jazzy/lib/x86_64-linux-gnu:/opt/ros/jazzy/opt/gz_gui_vendor/lib:/opt/ros/jazzy/opt/gz_transport_vendor/lib:/opt/ros/jazzy/opt/gz_rendering_vendor/lib:/opt/ros/jazzy/opt/gz_plugin_vendor/lib:/opt/ros/jazzy/opt/gz_fuel_tools_vendor/lib:/opt/ros/jazzy/opt/gz_msgs_vendor/lib:/opt/ros/jazzy/opt/gz_common_vendor/lib:/opt/ros/jazzy/opt/gz_math_vendor/lib:/opt/ros/jazzy/opt/gz_utils_vendor/lib:/opt/ros/jazzy/opt/gz_tools_vendor/lib:/opt/ros/jazzy/opt/gz_ogre_next_vendor/lib:/opt/ros/jazzy/opt/gz_dartsim_vendor/lib:/opt/ros/jazzy/opt/gz_cmake_vendor/lib:/opt/ros/jazzy/lib', 'HOME': '/root', 'EFS_PATH': '/workspaces/113baa83-0a52-42aa-9f6b-d5b552759739', 'OLDPWD': '/root/workspaces/ros2_ws/src', 'ROS_PYTHON_VERSION': '3', 'AWS_CONTAINER_CREDENTIALS_RELATIVE_URI': '/v2/credentials/a1e09ffa-983f-471c-8ec0-b8e714b0031e', 'AWS_EXECUTION_ENV': 'AWS_ECS_FARGATE', 'COLCON_PREFIX_PATH': '/root/workspaces/turtlebot_ws/install', 'ECS_AGENT_URI': 'http://169.254.170.2/api/07ce5f5e937f436fbcd52f6e51abfffa-1842134484', 'ROS_DISTRO': 'jazzy', 'AWS_DEFAULT_REGION': 'eu-central-1', '_': '/usr/bin/colcon', 'ROS_VERSION': '2', 'ECS_CONTAINER_METADATA_URI_V4': 'http://169.254.170.2/v4/07ce5f5e937f436fbcd52f6e51abfffa-1842134484', 'TERM': 'xterm-256color', 'ECS_CONTAINER_METADATA_URI': 'http://169.254.170.2/v3/07ce5f5e937f436fbcd52f6e51abfffa-1842134484', 'SESSION_UUID': '113baa83-0a52-42aa-9f6b-d5b552759739', 'PATH': '/opt/ros/jazzy/opt/gz_msgs_vendor/bin:/opt/ros/jazzy/opt/gz_tools_vendor/bin:/opt/ros/jazzy/opt/gz_ogre_next_vendor/bin:/opt/ros/jazzy/bin:/usr/local/sbin:/usr/local/bin:/usr/sbin:/usr/bin:/sbin:/bin', 'XDG_RUNTIME_DIR': '/tmp/runtime-root', 'DISPLAY': ':1', 'LANG': 'en_US.UTF-8', 'LS_COLORS': 'rs=0:di=01;34:ln=01;36:mh=00:pi=40;33:so=01;35:do=01;35:bd=40;33;01:cd=40;33;01:or=40;31;01:mi=00:su=37;41:sg=30;43:ca=00:tw=30;42:ow=34;42:st=37;44:ex=01;32:*.tar=01;31:*.tgz=01;31:*.arc=01;31:*.arj=01;31:*.taz=01;31:*.lha=01;31:*.lz4=01;31:*.lzh=01;31:*.lzma=01;31:*.tlz=01;31:*.txz=01;31:*.tzo=01;31:*.t7z=01;31:*.zip=01;31:*.z=01;31:*.dz=01;31:*.gz=01;31:*.lrz=01;31:*.lz=01;31:*.lzo=01;31:*.xz=01;31:*.zst=01;31:*.tzst=01;31:*.bz2=01;31:*.bz=01;31:*.tbz=01;31:*.tbz2=01;31:*.tz=01;31:*.deb=01;31:*.rpm=01;31:*.jar=01;31:*.war=01;31:*.ear=01;31:*.sar=01;31:*.rar=01;31:*.alz=01;31:*.ace=01;31:*.zoo=01;31:*.cpio=01;31:*.7z=01;31:*.rz=01;31:*.cab=01;31:*.wim=01;31:*.swm=01;31:*.dwm=01;31:*.esd=01;31:*.avif=01;35:*.jpg=01;35:*.jpeg=01;35:*.mjpg=01;35:*.mjpeg=01;35:*.gif=01;35:*.bmp=01;35:*.pbm=01;35:*.pgm=01;35:*.ppm=01;35:*.tga=01;35:*.xbm=01;35:*.xpm=01;35:*.tif=01;35:*.tiff=01;35:*.png=01;35:*.svg=01;35:*.svgz=01;35:*.mng=01;35:*.pcx=01;35:*.mov=01;35:*.mpg=01;35:*.mpeg=01;35:*.m2v=01;35:*.mkv=01;35:*.webm=01;35:*.webp=01;35:*.ogm=01;35:*.mp4=01;35:*.m4v=01;35:*.mp4v=01;35:*.vob=01;35:*.qt=01;35:*.nuv=01;35:*.wmv=01;35:*.asf=01;35:*.rm=01;35:*.rmvb=01;35:*.flc=01;35:*.avi=01;35:*.fli=01;35:*.flv=01;35:*.gl=01;35:*.dl=01;35:*.xcf=01;35:*.xwd=01;35:*.yuv=01;35:*.cgm=01;35:*.emf=01;35:*.ogv=01;35:*.ogx=01;35:*.aac=00;36:*.au=00;36:*.flac=00;36:*.m4a=00;36:*.mid=00;36:*.midi=00;36:*.mka=00;36:*.mp3=00;36:*.mpc=00;36:*.ogg=00;36:*.ra=00;36:*.wav=00;36:*.oga=00;36:*.opus=00;36:*.spx=00;36:*.xspf=00;36:*~=00;90:*#=00;90:*.bak=00;90:*.crdownload=00;90:*.dpkg-dist=00;90:*.dpkg-new=00;90:*.dpkg-old=00;90:*.dpkg-tmp=00;90:*.old=00;90:*.orig=00;90:*.part=00;90:*.rej=00;90:*.rpmnew=00;90:*.rpmorig=00;90:*.rpmsave=00;90:*.swp=00;90:*.tmp=00;90:*.ucf-dist=00;90:*.ucf-new=00;90:*.ucf-old=00;90:', 'SUPERVISOR_ENABLED': '1', 'ROS_DOMAIN_ID': '30', 'AMENT_PREFIX_PATH': '/root/workspaces/turtlebot_ws/install/turtlebot3_simulations:/root/workspaces/turtlebot_ws/install/turtlebot3_gazebo:/root/workspaces/turtlebot_ws/install/turtlebot3_fake_node:/opt/ros/jazzy', 'DEBIAN_FRONTEND': 'noninteractive', 'ACTIVE_WS_NAME': 'turtlebot_ws', 'AWS_REGION': 'eu-central-1', 'LESSCLOSE': '/usr/bin/lesspipe %s %s', 'SUPERVISOR_SERVER_URL': 'unix:///var/run/supervisor.sock', 'ROS_AUTOMATIC_DISCOVERY_RANGE': 'SUBNET', 'SUPERVISOR_PROCESS_NAME': 'ttyd', 'PWD': '/root/workspaces/ros2_ws/build/ffw_swerve_drive_controller', 'TURTLEBOT3_MODEL': 'burger', 'LC_ALL': 'en_US.UTF-8', 'PYTHONPATH': '/opt/ros/jazzy/lib/python3.12/site-packages', 'COLCON': '1', 'CMAKE_PREFIX_PATH': '/root/workspaces/turtlebot_ws/install/turtlebot3_simulations:/root/workspaces/turtlebot_ws/install/turtlebot3_gazebo:/root/workspaces/turtlebot_ws/install/turtlebot3_fake_node:/opt/ros/jazzy/opt/gz_sim_vendor:/opt/ros/jazzy/opt/gz_sensors_vendor:/opt/ros/jazzy/opt/gz_physics_vendor:/opt/ros/jazzy/opt/sdformat_vendor:/opt/ros/jazzy/opt/gz_gui_vendor:/opt/ros/jazzy/opt/gz_transport_vendor:/opt/ros/jazzy/opt/gz_rendering_vendor:/opt/ros/jazzy/opt/gz_plugin_vendor:/opt/ros/jazzy/opt/gz_fuel_tools_vendor:/opt/ros/jazzy/opt/gz_msgs_vendor:/opt/ros/jazzy/opt/gz_common_vendor:/opt/ros/jazzy/opt/gz_math_vendor:/opt/ros/jazzy/opt/gz_utils_vendor:/opt/ros/jazzy/opt/gz_tools_vendor:/opt/ros/jazzy/opt/gz_ogre_next_vendor:/opt/ros/jazzy/opt/gz_dartsim_vendor:/opt/ros/jazzy/opt/gz_cmake_vendor:/opt/ros/jazzy'}), 'shell': False}
[14.169212] (ffw_navigation) StdoutLine: {'line': b'-- Installing: /root/workspaces/ros2_ws/install/ffw_navigation/share/ffw_navigation/environment/path.dsv\n'}
[14.175879] (-) TimerEvent: {}
[14.213485] (ffw_navigation) StdoutLine: {'line': b'-- Installing: /root/workspaces/ros2_ws/install/ffw_navigation/share/ffw_navigation/local_setup.bash\n'}
[14.252092] (library_world) StdoutLine: {'line': b'-- Found ament_lint_auto: 0.17.5 (/opt/ros/jazzy/share/ament_lint_auto/cmake)\n'}
[14.262991] (ffw_navigation) StdoutLine: {'line': b'-- Installing: /root/workspaces/ros2_ws/install/ffw_navigation/share/ffw_navigation/local_setup.sh\n'}
[14.267277] (warehouse_worlds) StdoutLine: {'line': b'-- Detecting C compiler ABI info - done\n'}
[14.275995] (-) TimerEvent: {}
[14.281840] (warehouse_worlds) StdoutLine: {'line': b'-- Check for working C compiler: /usr/bin/cc - skipped\n'}
[14.289457] (warehouse_worlds) StdoutLine: {'line': b'-- Detecting C compile features\n'}
[14.289522] (warehouse_worlds) StdoutLine: {'line': b'-- Detecting C compile features - done\n'}
[14.308568] (ffw_navigation) StdoutLine: {'line': b'-- Installing: /root/workspaces/ros2_ws/install/ffw_navigation/share/ffw_navigation/local_setup.zsh\n'}
[14.322222] (ffw_swerve_drive_controller) StdoutLine: {'line': b'[ 14%] \x1b[34m\x1b[1mRunning `/opt/ros/jazzy/bin/generate_parameter_library_cpp /root/workspaces/ros2_ws/build/ffw_swerve_drive_controller/include/ffw_swerve_drive_controller/swerve_drive_controller_parameter.hpp /root/workspaces/ros2_ws/src/ai-worker-sim/ffw_swerve_drive_controller/config/swerve_drive_controller_parameter.yaml `\x1b[0m\n'}
[14.356444] (warehouse_worlds) StdoutLine: {'line': b'-- Detecting CXX compiler ABI info\n'}
[14.359284] (ffw_navigation) StdoutLine: {'line': b'-- Installing: /root/workspaces/ros2_ws/install/ffw_navigation/share/ffw_navigation/local_setup.dsv\n'}
[14.376103] (-) TimerEvent: {}
[14.408168] (ffw_navigation) StdoutLine: {'line': b'-- Installing: /root/workspaces/ros2_ws/install/ffw_navigation/share/ffw_navigation/package.dsv\n'}
[14.466497] (ffw_navigation) StdoutLine: {'line': b'-- Installing: /root/workspaces/ros2_ws/install/ffw_navigation/share/ament_index/resource_index/packages/ffw_navigation\n'}
[14.476216] (-) TimerEvent: {}
[14.518628] (ffw_navigation) StdoutLine: {'line': b'-- Installing: /root/workspaces/ros2_ws/install/ffw_navigation/share/ffw_navigation/cmake/ament_cmake_export_libraries-extras.cmake\n'}
[14.564724] (ffw_navigation) StdoutLine: {'line': b'-- Installing: /root/workspaces/ros2_ws/install/ffw_navigation/share/ffw_navigation/cmake/ament_cmake_export_dependencies-extras.cmake\n'}
[14.576329] (-) TimerEvent: {}
[14.613444] (ffw_navigation) StdoutLine: {'line': b'-- Installing: /root/workspaces/ros2_ws/install/ffw_navigation/share/ffw_navigation/cmake/ffw_navigationConfig.cmake\n'}
[14.657615] (ffw_navigation) StdoutLine: {'line': b'-- Installing: /root/workspaces/ros2_ws/install/ffw_navigation/share/ffw_navigation/cmake/ffw_navigationConfig-version.cmake\n'}
[14.676451] (-) TimerEvent: {}
[14.705244] (ffw_navigation) StdoutLine: {'line': b'-- Installing: /root/workspaces/ros2_ws/install/ffw_navigation/share/ffw_navigation/package.xml\n'}
[14.774274] (ffw_navigation) CommandEnded: {'returncode': 0}
[14.778682] (-) TimerEvent: {}
[14.888412] (-) TimerEvent: {}
[14.988649] (-) TimerEvent: {}
[15.089044] (-) TimerEvent: {}
[15.189290] (-) TimerEvent: {}
[15.225361] (warehouse_worlds) StdoutLine: {'line': b'-- Detecting CXX compiler ABI info - done\n'}
[15.245357] (warehouse_worlds) StdoutLine: {'line': b'-- Check for working CXX compiler: /usr/bin/c++ - skipped\n'}
[15.248780] (warehouse_worlds) StdoutLine: {'line': b'-- Detecting CXX compile features\n'}
[15.248882] (warehouse_worlds) StdoutLine: {'line': b'-- Detecting CXX compile features - done\n'}
[15.289396] (-) TimerEvent: {}
[15.356134] (warehouse_worlds) StdoutLine: {'line': b'-- Found ament_cmake: 2.5.6 (/opt/ros/jazzy/share/ament_cmake/cmake)\n'}
[15.358585] (ffw_navigation) JobEnded: {'identifier': 'ffw_navigation', 'rc': 0}
[15.382669] (ffw_bringup) JobStarted: {'identifier': 'ffw_bringup'}
[15.389501] (-) TimerEvent: {}
[15.400331] (library_world) StdoutLine: {'line': b"-- Added test 'flake8' to check Python code syntax and style conventions\n"}
[15.402119] (library_world) StdoutLine: {'line': b"-- Configured 'flake8' exclude dirs and/or files: \n"}
[15.489610] (-) TimerEvent: {}
[15.501763] (library_world) StdoutLine: {'line': b"-- Added test 'lint_cmake' to check CMake code style\n"}
[15.560036] (library_world) StdoutLine: {'line': b"-- Added test 'pep257' to check Python code against some of the docstring style conventions in PEP 257\n"}
[15.589730] (-) TimerEvent: {}
[15.598642] (warehouse_worlds) StdoutLine: {'line': b'-- Found Python3: /usr/bin/python3 (found version "3.12.3") found components: Interpreter \n'}
[15.689833] (-) TimerEvent: {}
[15.790160] (-) TimerEvent: {}
[15.793187] (ffw_swerve_drive_controller) StdoutLine: {'line': b'[ 28%] \x1b[34m\x1b[1mCreating deprecated header file /root/workspaces/ros2_ws/build/ffw_swerve_drive_controller/include/swerve_drive_controller_parameter.hpp\x1b[0m\n'}
[15.875435] (ffw_swerve_drive_controller) StdoutLine: {'line': b'[ 28%] Built target swerve_drive_controller_parameter\n'}
[15.890257] (-) TimerEvent: {}
[15.967904] (library_world) StdoutLine: {'line': b"-- Added test 'xmllint' to check XML markup files\n"}
[15.973489] (ffw_swerve_drive_controller) StdoutLine: {'line': b'[ 85%] \x1b[32mBuilding CXX object CMakeFiles/ffw_swerve_drive_controller.dir/src/swerve_drive_controller.cpp.o\x1b[0m\n'}
[15.981119] (ffw_swerve_drive_controller) StdoutLine: {'line': b'[ 85%] \x1b[32mBuilding CXX object CMakeFiles/ffw_swerve_drive_controller.dir/src/odometry.cpp.o\x1b[0m\n'}
[15.981207] (ffw_swerve_drive_controller) StdoutLine: {'line': b'[ 85%] \x1b[32mBuilding CXX object CMakeFiles/ffw_swerve_drive_controller.dir/src/marker_visualize.cpp.o\x1b[0m\n'}
[15.981278] (ffw_swerve_drive_controller) StdoutLine: {'line': b'[ 85%] \x1b[32mBuilding CXX object CMakeFiles/ffw_swerve_drive_controller.dir/src/speed_limiter.cpp.o\x1b[0m\n'}
[15.990364] (-) TimerEvent: {}
[16.090651] (-) TimerEvent: {}
[16.165109] (library_world) StdoutLine: {'line': b'-- Configuring done (5.5s)\n'}
[16.190790] (-) TimerEvent: {}
[16.292273] (-) TimerEvent: {}
[16.392920] (-) TimerEvent: {}
[16.453228] (warehouse_worlds) StdoutLine: {'line': b'-- Found ament_lint_auto: 0.17.5 (/opt/ros/jazzy/share/ament_lint_auto/cmake)\n'}
[16.493046] (-) TimerEvent: {}
[16.593684] (-) TimerEvent: {}
[16.694059] (-) TimerEvent: {}
[16.696038] (ffw_bringup) Command: {'cmd': ['/usr/bin/python3', '-W', 'ignore:setup.py install is deprecated', '-W', 'ignore:easy_install command is deprecated', 'setup.py', 'egg_info', '--egg-base', '../../../build/ffw_bringup', 'build', '--build-base', '/root/workspaces/ros2_ws/build/ffw_bringup/build', 'install', '--record', '/root/workspaces/ros2_ws/build/ffw_bringup/install.log', '--install-scripts', '$base/lib/ffw_bringup', '--single-version-externally-managed', 'install_data'], 'cwd': '/root/workspaces/ros2_ws/src/ai-worker-sim/ffw_bringup', 'env': {'LESSOPEN': '| /usr/bin/lesspipe %s', 'ACTIVE_WS_PATH': '/root/workspaces/turtlebot_ws', 'GZ_SIM_RESOURCE_PATH': '/opt/ros/jazzy/share', 'SUPERVISOR_GROUP_NAME': 'ttyd', 'GZ_CONFIG_PATH': '/opt/ros/jazzy/opt/gz_sim_vendor/share/gz:/opt/ros/jazzy/opt/sdformat_vendor/share/gz:/opt/ros/jazzy/opt/gz_gui_vendor/share/gz:/opt/ros/jazzy/opt/gz_transport_vendor/share/gz:/opt/ros/jazzy/opt/gz_rendering_vendor/share/gz:/opt/ros/jazzy/opt/gz_plugin_vendor/share/gz:/opt/ros/jazzy/opt/gz_fuel_tools_vendor/share/gz:/opt/ros/jazzy/opt/gz_msgs_vendor/share/gz:/opt/ros/jazzy/opt/gz_common_vendor/share/gz', 'HOSTNAME': 'ip-172-31-30-45.eu-central-1.compute.internal', 'SHLVL': '1', 'LD_LIBRARY_PATH': '/opt/ros/jazzy/opt/gz_sim_vendor/lib:/opt/ros/jazzy/opt/gz_sensors_vendor/lib:/opt/ros/jazzy/opt/gz_physics_vendor/lib:/opt/ros/jazzy/opt/sdformat_vendor/lib:/opt/ros/jazzy/opt/rviz_ogre_vendor/lib:/opt/ros/jazzy/lib/x86_64-linux-gnu:/opt/ros/jazzy/opt/gz_gui_vendor/lib:/opt/ros/jazzy/opt/gz_transport_vendor/lib:/opt/ros/jazzy/opt/gz_rendering_vendor/lib:/opt/ros/jazzy/opt/gz_plugin_vendor/lib:/opt/ros/jazzy/opt/gz_fuel_tools_vendor/lib:/opt/ros/jazzy/opt/gz_msgs_vendor/lib:/opt/ros/jazzy/opt/gz_common_vendor/lib:/opt/ros/jazzy/opt/gz_math_vendor/lib:/opt/ros/jazzy/opt/gz_utils_vendor/lib:/opt/ros/jazzy/opt/gz_tools_vendor/lib:/opt/ros/jazzy/opt/gz_ogre_next_vendor/lib:/opt/ros/jazzy/opt/gz_dartsim_vendor/lib:/opt/ros/jazzy/opt/gz_cmake_vendor/lib:/opt/ros/jazzy/lib', 'HOME': '/root', 'EFS_PATH': '/workspaces/113baa83-0a52-42aa-9f6b-d5b552759739', 'OLDPWD': '/root/workspaces/ros2_ws/src', 'ROS_PYTHON_VERSION': '3', 'AWS_CONTAINER_CREDENTIALS_RELATIVE_URI': '/v2/credentials/a1e09ffa-983f-471c-8ec0-b8e714b0031e', 'AWS_EXECUTION_ENV': 'AWS_ECS_FARGATE', 'COLCON_PREFIX_PATH': '/root/workspaces/turtlebot_ws/install', 'ECS_AGENT_URI': 'http://169.254.170.2/api/07ce5f5e937f436fbcd52f6e51abfffa-1842134484', 'ROS_DISTRO': 'jazzy', 'AWS_DEFAULT_REGION': 'eu-central-1', '_': '/usr/bin/colcon', 'ROS_VERSION': '2', 'ECS_CONTAINER_METADATA_URI_V4': 'http://169.254.170.2/v4/07ce5f5e937f436fbcd52f6e51abfffa-1842134484', 'TERM': 'xterm-256color', 'ECS_CONTAINER_METADATA_URI': 'http://169.254.170.2/v3/07ce5f5e937f436fbcd52f6e51abfffa-1842134484', 'SESSION_UUID': '113baa83-0a52-42aa-9f6b-d5b552759739', 'PATH': '/opt/ros/jazzy/opt/gz_msgs_vendor/bin:/opt/ros/jazzy/opt/gz_tools_vendor/bin:/opt/ros/jazzy/opt/gz_ogre_next_vendor/bin:/opt/ros/jazzy/bin:/usr/local/sbin:/usr/local/bin:/usr/sbin:/usr/bin:/sbin:/bin', 'XDG_RUNTIME_DIR': '/tmp/runtime-root', 'DISPLAY': ':1', 'LANG': 'en_US.UTF-8', 'LS_COLORS': 'rs=0:di=01;34:ln=01;36:mh=00:pi=40;33:so=01;35:do=01;35:bd=40;33;01:cd=40;33;01:or=40;31;01:mi=00:su=37;41:sg=30;43:ca=00:tw=30;42:ow=34;42:st=37;44:ex=01;32:*.tar=01;31:*.tgz=01;31:*.arc=01;31:*.arj=01;31:*.taz=01;31:*.lha=01;31:*.lz4=01;31:*.lzh=01;31:*.lzma=01;31:*.tlz=01;31:*.txz=01;31:*.tzo=01;31:*.t7z=01;31:*.zip=01;31:*.z=01;31:*.dz=01;31:*.gz=01;31:*.lrz=01;31:*.lz=01;31:*.lzo=01;31:*.xz=01;31:*.zst=01;31:*.tzst=01;31:*.bz2=01;31:*.bz=01;31:*.tbz=01;31:*.tbz2=01;31:*.tz=01;31:*.deb=01;31:*.rpm=01;31:*.jar=01;31:*.war=01;31:*.ear=01;31:*.sar=01;31:*.rar=01;31:*.alz=01;31:*.ace=01;31:*.zoo=01;31:*.cpio=01;31:*.7z=01;31:*.rz=01;31:*.cab=01;31:*.wim=01;31:*.swm=01;31:*.dwm=01;31:*.esd=01;31:*.avif=01;35:*.jpg=01;35:*.jpeg=01;35:*.mjpg=01;35:*.mjpeg=01;35:*.gif=01;35:*.bmp=01;35:*.pbm=01;35:*.pgm=01;35:*.ppm=01;35:*.tga=01;35:*.xbm=01;35:*.xpm=01;35:*.tif=01;35:*.tiff=01;35:*.png=01;35:*.svg=01;35:*.svgz=01;35:*.mng=01;35:*.pcx=01;35:*.mov=01;35:*.mpg=01;35:*.mpeg=01;35:*.m2v=01;35:*.mkv=01;35:*.webm=01;35:*.webp=01;35:*.ogm=01;35:*.mp4=01;35:*.m4v=01;35:*.mp4v=01;35:*.vob=01;35:*.qt=01;35:*.nuv=01;35:*.wmv=01;35:*.asf=01;35:*.rm=01;35:*.rmvb=01;35:*.flc=01;35:*.avi=01;35:*.fli=01;35:*.flv=01;35:*.gl=01;35:*.dl=01;35:*.xcf=01;35:*.xwd=01;35:*.yuv=01;35:*.cgm=01;35:*.emf=01;35:*.ogv=01;35:*.ogx=01;35:*.aac=00;36:*.au=00;36:*.flac=00;36:*.m4a=00;36:*.mid=00;36:*.midi=00;36:*.mka=00;36:*.mp3=00;36:*.mpc=00;36:*.ogg=00;36:*.ra=00;36:*.wav=00;36:*.oga=00;36:*.opus=00;36:*.spx=00;36:*.xspf=00;36:*~=00;90:*#=00;90:*.bak=00;90:*.crdownload=00;90:*.dpkg-dist=00;90:*.dpkg-new=00;90:*.dpkg-old=00;90:*.dpkg-tmp=00;90:*.old=00;90:*.orig=00;90:*.part=00;90:*.rej=00;90:*.rpmnew=00;90:*.rpmorig=00;90:*.rpmsave=00;90:*.swp=00;90:*.tmp=00;90:*.ucf-dist=00;90:*.ucf-new=00;90:*.ucf-old=00;90:', 'SUPERVISOR_ENABLED': '1', 'ROS_DOMAIN_ID': '30', 'AMENT_PREFIX_PATH': '/root/workspaces/ros2_ws/install/ffw_description:/root/workspaces/turtlebot_ws/install/turtlebot3_simulations:/root/workspaces/turtlebot_ws/install/turtlebot3_gazebo:/root/workspaces/turtlebot_ws/install/turtlebot3_fake_node:/opt/ros/jazzy', 'DEBIAN_FRONTEND': 'noninteractive', 'ACTIVE_WS_NAME': 'turtlebot_ws', 'AWS_REGION': 'eu-central-1', 'LESSCLOSE': '/usr/bin/lesspipe %s %s', 'SUPERVISOR_SERVER_URL': 'unix:///var/run/supervisor.sock', 'ROS_AUTOMATIC_DISCOVERY_RANGE': 'SUBNET', 'SUPERVISOR_PROCESS_NAME': 'ttyd', 'PWD': '/root/workspaces/ros2_ws/build/ffw_bringup', 'TURTLEBOT3_MODEL': 'burger', 'LC_ALL': 'en_US.UTF-8', 'PYTHONPATH': '/root/workspaces/ros2_ws/build/ffw_bringup/prefix_override:/usr/lib/python3/dist-packages/colcon_core/task/python/colcon_distutils_commands:/root/workspaces/ros2_ws/install/ffw_bringup/lib/python3.12/site-packages:/opt/ros/jazzy/lib/python3.12/site-packages', 'COLCON': '1', 'CMAKE_PREFIX_PATH': '/root/workspaces/ros2_ws/install/ffw_description:/root/workspaces/turtlebot_ws/install/turtlebot3_simulations:/root/workspaces/turtlebot_ws/install/turtlebot3_gazebo:/root/workspaces/turtlebot_ws/install/turtlebot3_fake_node:/opt/ros/jazzy/opt/gz_sim_vendor:/opt/ros/jazzy/opt/gz_sensors_vendor:/opt/ros/jazzy/opt/gz_physics_vendor:/opt/ros/jazzy/opt/sdformat_vendor:/opt/ros/jazzy/opt/gz_gui_vendor:/opt/ros/jazzy/opt/gz_transport_vendor:/opt/ros/jazzy/opt/gz_rendering_vendor:/opt/ros/jazzy/opt/gz_plugin_vendor:/opt/ros/jazzy/opt/gz_fuel_tools_vendor:/opt/ros/jazzy/opt/gz_msgs_vendor:/opt/ros/jazzy/opt/gz_common_vendor:/opt/ros/jazzy/opt/gz_math_vendor:/opt/ros/jazzy/opt/gz_utils_vendor:/opt/ros/jazzy/opt/gz_tools_vendor:/opt/ros/jazzy/opt/gz_ogre_next_vendor:/opt/ros/jazzy/opt/gz_dartsim_vendor:/opt/ros/jazzy/opt/gz_cmake_vendor'}, 'shell': False}
[16.794182] (-) TimerEvent: {}
[16.830141] (library_world) StdoutLine: {'line': b'-- Generating done (0.6s)\n'}
[16.894288] (-) TimerEvent: {}
[16.994680] (-) TimerEvent: {}
[17.064526] (ffw_bringup) StdoutLine: {'line': b'running egg_info\n'}
[17.064918] (ffw_bringup) StdoutLine: {'line': b'creating ../../../build/ffw_bringup/ffw_bringup.egg-info\n'}
[17.094789] (-) TimerEvent: {}
[17.107606] (ffw_bringup) StdoutLine: {'line': b'writing ../../../build/ffw_bringup/ffw_bringup.egg-info/PKG-INFO\n'}
[17.111846] (library_world) StdoutLine: {'line': b'-- Build files have been written to: /root/workspaces/ros2_ws/build/library_world\n'}
[17.114691] (library_world) CommandEnded: {'returncode': 0}
[17.116424] (library_world) JobProgress: {'identifier': 'library_world', 'progress': 'build'}
[17.118943] (library_world) Command: {'cmd': ['/usr/bin/cmake', '--build', '/root/workspaces/ros2_ws/build/library_world', '--', '-j4', '-l4'], 'cwd': '/root/workspaces/ros2_ws/build/library_world', 'env': OrderedDict({'LESSOPEN': '| /usr/bin/lesspipe %s', 'ACTIVE_WS_PATH': '/root/workspaces/turtlebot_ws', 'GZ_SIM_RESOURCE_PATH': '/opt/ros/jazzy/share', 'SUPERVISOR_GROUP_NAME': 'ttyd', 'GZ_CONFIG_PATH': '/opt/ros/jazzy/opt/gz_sim_vendor/share/gz:/opt/ros/jazzy/opt/sdformat_vendor/share/gz:/opt/ros/jazzy/opt/gz_gui_vendor/share/gz:/opt/ros/jazzy/opt/gz_transport_vendor/share/gz:/opt/ros/jazzy/opt/gz_rendering_vendor/share/gz:/opt/ros/jazzy/opt/gz_plugin_vendor/share/gz:/opt/ros/jazzy/opt/gz_fuel_tools_vendor/share/gz:/opt/ros/jazzy/opt/gz_msgs_vendor/share/gz:/opt/ros/jazzy/opt/gz_common_vendor/share/gz', 'HOSTNAME': 'ip-172-31-30-45.eu-central-1.compute.internal', 'SHLVL': '1', 'LD_LIBRARY_PATH': '/opt/ros/jazzy/opt/gz_sim_vendor/lib:/opt/ros/jazzy/opt/gz_sensors_vendor/lib:/opt/ros/jazzy/opt/gz_physics_vendor/lib:/opt/ros/jazzy/opt/sdformat_vendor/lib:/opt/ros/jazzy/opt/rviz_ogre_vendor/lib:/opt/ros/jazzy/lib/x86_64-linux-gnu:/opt/ros/jazzy/opt/gz_gui_vendor/lib:/opt/ros/jazzy/opt/gz_transport_vendor/lib:/opt/ros/jazzy/opt/gz_rendering_vendor/lib:/opt/ros/jazzy/opt/gz_plugin_vendor/lib:/opt/ros/jazzy/opt/gz_fuel_tools_vendor/lib:/opt/ros/jazzy/opt/gz_msgs_vendor/lib:/opt/ros/jazzy/opt/gz_common_vendor/lib:/opt/ros/jazzy/opt/gz_math_vendor/lib:/opt/ros/jazzy/opt/gz_utils_vendor/lib:/opt/ros/jazzy/opt/gz_tools_vendor/lib:/opt/ros/jazzy/opt/gz_ogre_next_vendor/lib:/opt/ros/jazzy/opt/gz_dartsim_vendor/lib:/opt/ros/jazzy/opt/gz_cmake_vendor/lib:/opt/ros/jazzy/lib', 'HOME': '/root', 'EFS_PATH': '/workspaces/113baa83-0a52-42aa-9f6b-d5b552759739', 'OLDPWD': '/root/workspaces/ros2_ws/src', 'ROS_PYTHON_VERSION': '3', 'AWS_CONTAINER_CREDENTIALS_RELATIVE_URI': '/v2/credentials/a1e09ffa-983f-471c-8ec0-b8e714b0031e', 'AWS_EXECUTION_ENV': 'AWS_ECS_FARGATE', 'COLCON_PREFIX_PATH': '/root/workspaces/turtlebot_ws/install', 'ECS_AGENT_URI': 'http://169.254.170.2/api/07ce5f5e937f436fbcd52f6e51abfffa-1842134484', 'ROS_DISTRO': 'jazzy', 'AWS_DEFAULT_REGION': 'eu-central-1', '_': '/usr/bin/colcon', 'ROS_VERSION': '2', 'ECS_CONTAINER_METADATA_URI_V4': 'http://169.254.170.2/v4/07ce5f5e937f436fbcd52f6e51abfffa-1842134484', 'TERM': 'xterm-256color', 'ECS_CONTAINER_METADATA_URI': 'http://169.254.170.2/v3/07ce5f5e937f436fbcd52f6e51abfffa-1842134484', 'SESSION_UUID': '113baa83-0a52-42aa-9f6b-d5b552759739', 'PATH': '/opt/ros/jazzy/opt/gz_msgs_vendor/bin:/opt/ros/jazzy/opt/gz_tools_vendor/bin:/opt/ros/jazzy/opt/gz_ogre_next_vendor/bin:/opt/ros/jazzy/bin:/usr/local/sbin:/usr/local/bin:/usr/sbin:/usr/bin:/sbin:/bin', 'XDG_RUNTIME_DIR': '/tmp/runtime-root', 'DISPLAY': ':1', 'LANG': 'en_US.UTF-8', 'LS_COLORS': 'rs=0:di=01;34:ln=01;36:mh=00:pi=40;33:so=01;35:do=01;35:bd=40;33;01:cd=40;33;01:or=40;31;01:mi=00:su=37;41:sg=30;43:ca=00:tw=30;42:ow=34;42:st=37;44:ex=01;32:*.tar=01;31:*.tgz=01;31:*.arc=01;31:*.arj=01;31:*.taz=01;31:*.lha=01;31:*.lz4=01;31:*.lzh=01;31:*.lzma=01;31:*.tlz=01;31:*.txz=01;31:*.tzo=01;31:*.t7z=01;31:*.zip=01;31:*.z=01;31:*.dz=01;31:*.gz=01;31:*.lrz=01;31:*.lz=01;31:*.lzo=01;31:*.xz=01;31:*.zst=01;31:*.tzst=01;31:*.bz2=01;31:*.bz=01;31:*.tbz=01;31:*.tbz2=01;31:*.tz=01;31:*.deb=01;31:*.rpm=01;31:*.jar=01;31:*.war=01;31:*.ear=01;31:*.sar=01;31:*.rar=01;31:*.alz=01;31:*.ace=01;31:*.zoo=01;31:*.cpio=01;31:*.7z=01;31:*.rz=01;31:*.cab=01;31:*.wim=01;31:*.swm=01;31:*.dwm=01;31:*.esd=01;31:*.avif=01;35:*.jpg=01;35:*.jpeg=01;35:*.mjpg=01;35:*.mjpeg=01;35:*.gif=01;35:*.bmp=01;35:*.pbm=01;35:*.pgm=01;35:*.ppm=01;35:*.tga=01;35:*.xbm=01;35:*.xpm=01;35:*.tif=01;35:*.tiff=01;35:*.png=01;35:*.svg=01;35:*.svgz=01;35:*.mng=01;35:*.pcx=01;35:*.mov=01;35:*.mpg=01;35:*.mpeg=01;35:*.m2v=01;35:*.mkv=01;35:*.webm=01;35:*.webp=01;35:*.ogm=01;35:*.mp4=01;35:*.m4v=01;35:*.mp4v=01;35:*.vob=01;35:*.qt=01;35:*.nuv=01;35:*.wmv=01;35:*.asf=01;35:*.rm=01;35:*.rmvb=01;35:*.flc=01;35:*.avi=01;35:*.fli=01;35:*.flv=01;35:*.gl=01;35:*.dl=01;35:*.xcf=01;35:*.xwd=01;35:*.yuv=01;35:*.cgm=01;35:*.emf=01;35:*.ogv=01;35:*.ogx=01;35:*.aac=00;36:*.au=00;36:*.flac=00;36:*.m4a=00;36:*.mid=00;36:*.midi=00;36:*.mka=00;36:*.mp3=00;36:*.mpc=00;36:*.ogg=00;36:*.ra=00;36:*.wav=00;36:*.oga=00;36:*.opus=00;36:*.spx=00;36:*.xspf=00;36:*~=00;90:*#=00;90:*.bak=00;90:*.crdownload=00;90:*.dpkg-dist=00;90:*.dpkg-new=00;90:*.dpkg-old=00;90:*.dpkg-tmp=00;90:*.old=00;90:*.orig=00;90:*.part=00;90:*.rej=00;90:*.rpmnew=00;90:*.rpmorig=00;90:*.rpmsave=00;90:*.swp=00;90:*.tmp=00;90:*.ucf-dist=00;90:*.ucf-new=00;90:*.ucf-old=00;90:', 'SUPERVISOR_ENABLED': '1', 'ROS_DOMAIN_ID': '30', 'AMENT_PREFIX_PATH': '/root/workspaces/turtlebot_ws/install/turtlebot3_simulations:/root/workspaces/turtlebot_ws/install/turtlebot3_gazebo:/root/workspaces/turtlebot_ws/install/turtlebot3_fake_node:/opt/ros/jazzy', 'DEBIAN_FRONTEND': 'noninteractive', 'ACTIVE_WS_NAME': 'turtlebot_ws', 'AWS_REGION': 'eu-central-1', 'LESSCLOSE': '/usr/bin/lesspipe %s %s', 'SUPERVISOR_SERVER_URL': 'unix:///var/run/supervisor.sock', 'ROS_AUTOMATIC_DISCOVERY_RANGE': 'SUBNET', 'SUPERVISOR_PROCESS_NAME': 'ttyd', 'PWD': '/root/workspaces/ros2_ws/build/library_world', 'TURTLEBOT3_MODEL': 'burger', 'LC_ALL': 'en_US.UTF-8', 'PYTHONPATH': '/opt/ros/jazzy/lib/python3.12/site-packages', 'COLCON': '1', 'CMAKE_PREFIX_PATH': '/root/workspaces/turtlebot_ws/install/turtlebot3_simulations:/root/workspaces/turtlebot_ws/install/turtlebot3_gazebo:/root/workspaces/turtlebot_ws/install/turtlebot3_fake_node:/opt/ros/jazzy/opt/gz_sim_vendor:/opt/ros/jazzy/opt/gz_sensors_vendor:/opt/ros/jazzy/opt/gz_physics_vendor:/opt/ros/jazzy/opt/sdformat_vendor:/opt/ros/jazzy/opt/gz_gui_vendor:/opt/ros/jazzy/opt/gz_transport_vendor:/opt/ros/jazzy/opt/gz_rendering_vendor:/opt/ros/jazzy/opt/gz_plugin_vendor:/opt/ros/jazzy/opt/gz_fuel_tools_vendor:/opt/ros/jazzy/opt/gz_msgs_vendor:/opt/ros/jazzy/opt/gz_common_vendor:/opt/ros/jazzy/opt/gz_math_vendor:/opt/ros/jazzy/opt/gz_utils_vendor:/opt/ros/jazzy/opt/gz_tools_vendor:/opt/ros/jazzy/opt/gz_ogre_next_vendor:/opt/ros/jazzy/opt/gz_dartsim_vendor:/opt/ros/jazzy/opt/gz_cmake_vendor:/opt/ros/jazzy'}), 'shell': False}
[17.122089] (ffw_bringup) StdoutLine: {'line': b'writing dependency_links to ../../../build/ffw_bringup/ffw_bringup.egg-info/dependency_links.txt\n'}
[17.138982] (ffw_bringup) StdoutLine: {'line': b'writing entry points to ../../../build/ffw_bringup/ffw_bringup.egg-info/entry_points.txt\n'}
[17.149139] (ffw_bringup) StdoutLine: {'line': b'writing requirements to ../../../build/ffw_bringup/ffw_bringup.egg-info/requires.txt\n'}
[17.159958] (ffw_bringup) StdoutLine: {'line': b'writing top-level names to ../../../build/ffw_bringup/ffw_bringup.egg-info/top_level.txt\n'}
[17.174338] (ffw_bringup) StdoutLine: {'line': b"writing manifest file '../../../build/ffw_bringup/ffw_bringup.egg-info/SOURCES.txt'\n"}
[17.194905] (-) TimerEvent: {}
[17.264594] (ffw_bringup) StdoutLine: {'line': b"reading manifest file '../../../build/ffw_bringup/ffw_bringup.egg-info/SOURCES.txt'\n"}
[17.272716] (ffw_bringup) StdoutLine: {'line': b"writing manifest file '../../../build/ffw_bringup/ffw_bringup.egg-info/SOURCES.txt'\n"}
[17.289436] (ffw_bringup) StdoutLine: {'line': b'running build\n'}
[17.313645] (-) TimerEvent: {}
[17.313817] (ffw_bringup) StdoutLine: {'line': b'running build_py\n'}
[17.313954] (library_world) CommandEnded: {'returncode': 0}
[17.314226] (ffw_bringup) StdoutLine: {'line': b'creating /root/workspaces/ros2_ws/build/ffw_bringup/build\n'}
[17.314316] (library_world) JobProgress: {'identifier': 'library_world', 'progress': 'install'}
[17.314337] (library_world) Command: {'cmd': ['/usr/bin/cmake', '--install', '/root/workspaces/ros2_ws/build/library_world'], 'cwd': '/root/workspaces/ros2_ws/build/library_world', 'env': OrderedDict({'LESSOPEN': '| /usr/bin/lesspipe %s', 'ACTIVE_WS_PATH': '/root/workspaces/turtlebot_ws', 'GZ_SIM_RESOURCE_PATH': '/opt/ros/jazzy/share', 'SUPERVISOR_GROUP_NAME': 'ttyd', 'GZ_CONFIG_PATH': '/opt/ros/jazzy/opt/gz_sim_vendor/share/gz:/opt/ros/jazzy/opt/sdformat_vendor/share/gz:/opt/ros/jazzy/opt/gz_gui_vendor/share/gz:/opt/ros/jazzy/opt/gz_transport_vendor/share/gz:/opt/ros/jazzy/opt/gz_rendering_vendor/share/gz:/opt/ros/jazzy/opt/gz_plugin_vendor/share/gz:/opt/ros/jazzy/opt/gz_fuel_tools_vendor/share/gz:/opt/ros/jazzy/opt/gz_msgs_vendor/share/gz:/opt/ros/jazzy/opt/gz_common_vendor/share/gz', 'HOSTNAME': 'ip-172-31-30-45.eu-central-1.compute.internal', 'SHLVL': '1', 'LD_LIBRARY_PATH': '/opt/ros/jazzy/opt/gz_sim_vendor/lib:/opt/ros/jazzy/opt/gz_sensors_vendor/lib:/opt/ros/jazzy/opt/gz_physics_vendor/lib:/opt/ros/jazzy/opt/sdformat_vendor/lib:/opt/ros/jazzy/opt/rviz_ogre_vendor/lib:/opt/ros/jazzy/lib/x86_64-linux-gnu:/opt/ros/jazzy/opt/gz_gui_vendor/lib:/opt/ros/jazzy/opt/gz_transport_vendor/lib:/opt/ros/jazzy/opt/gz_rendering_vendor/lib:/opt/ros/jazzy/opt/gz_plugin_vendor/lib:/opt/ros/jazzy/opt/gz_fuel_tools_vendor/lib:/opt/ros/jazzy/opt/gz_msgs_vendor/lib:/opt/ros/jazzy/opt/gz_common_vendor/lib:/opt/ros/jazzy/opt/gz_math_vendor/lib:/opt/ros/jazzy/opt/gz_utils_vendor/lib:/opt/ros/jazzy/opt/gz_tools_vendor/lib:/opt/ros/jazzy/opt/gz_ogre_next_vendor/lib:/opt/ros/jazzy/opt/gz_dartsim_vendor/lib:/opt/ros/jazzy/opt/gz_cmake_vendor/lib:/opt/ros/jazzy/lib', 'HOME': '/root', 'EFS_PATH': '/workspaces/113baa83-0a52-42aa-9f6b-d5b552759739', 'OLDPWD': '/root/workspaces/ros2_ws/src', 'ROS_PYTHON_VERSION': '3', 'AWS_CONTAINER_CREDENTIALS_RELATIVE_URI': '/v2/credentials/a1e09ffa-983f-471c-8ec0-b8e714b0031e', 'AWS_EXECUTION_ENV': 'AWS_ECS_FARGATE', 'COLCON_PREFIX_PATH': '/root/workspaces/turtlebot_ws/install', 'ECS_AGENT_URI': 'http://169.254.170.2/api/07ce5f5e937f436fbcd52f6e51abfffa-1842134484', 'ROS_DISTRO': 'jazzy', 'AWS_DEFAULT_REGION': 'eu-central-1', '_': '/usr/bin/colcon', 'ROS_VERSION': '2', 'ECS_CONTAINER_METADATA_URI_V4': 'http://169.254.170.2/v4/07ce5f5e937f436fbcd52f6e51abfffa-1842134484', 'TERM': 'xterm-256color', 'ECS_CONTAINER_METADATA_URI': 'http://169.254.170.2/v3/07ce5f5e937f436fbcd52f6e51abfffa-1842134484', 'SESSION_UUID': '113baa83-0a52-42aa-9f6b-d5b552759739', 'PATH': '/opt/ros/jazzy/opt/gz_msgs_vendor/bin:/opt/ros/jazzy/opt/gz_tools_vendor/bin:/opt/ros/jazzy/opt/gz_ogre_next_vendor/bin:/opt/ros/jazzy/bin:/usr/local/sbin:/usr/local/bin:/usr/sbin:/usr/bin:/sbin:/bin', 'XDG_RUNTIME_DIR': '/tmp/runtime-root', 'DISPLAY': ':1', 'LANG': 'en_US.UTF-8', 'LS_COLORS': 'rs=0:di=01;34:ln=01;36:mh=00:pi=40;33:so=01;35:do=01;35:bd=40;33;01:cd=40;33;01:or=40;31;01:mi=00:su=37;41:sg=30;43:ca=00:tw=30;42:ow=34;42:st=37;44:ex=01;32:*.tar=01;31:*.tgz=01;31:*.arc=01;31:*.arj=01;31:*.taz=01;31:*.lha=01;31:*.lz4=01;31:*.lzh=01;31:*.lzma=01;31:*.tlz=01;31:*.txz=01;31:*.tzo=01;31:*.t7z=01;31:*.zip=01;31:*.z=01;31:*.dz=01;31:*.gz=01;31:*.lrz=01;31:*.lz=01;31:*.lzo=01;31:*.xz=01;31:*.zst=01;31:*.tzst=01;31:*.bz2=01;31:*.bz=01;31:*.tbz=01;31:*.tbz2=01;31:*.tz=01;31:*.deb=01;31:*.rpm=01;31:*.jar=01;31:*.war=01;31:*.ear=01;31:*.sar=01;31:*.rar=01;31:*.alz=01;31:*.ace=01;31:*.zoo=01;31:*.cpio=01;31:*.7z=01;31:*.rz=01;31:*.cab=01;31:*.wim=01;31:*.swm=01;31:*.dwm=01;31:*.esd=01;31:*.avif=01;35:*.jpg=01;35:*.jpeg=01;35:*.mjpg=01;35:*.mjpeg=01;35:*.gif=01;35:*.bmp=01;35:*.pbm=01;35:*.pgm=01;35:*.ppm=01;35:*.tga=01;35:*.xbm=01;35:*.xpm=01;35:*.tif=01;35:*.tiff=01;35:*.png=01;35:*.svg=01;35:*.svgz=01;35:*.mng=01;35:*.pcx=01;35:*.mov=01;35:*.mpg=01;35:*.mpeg=01;35:*.m2v=01;35:*.mkv=01;35:*.webm=01;35:*.webp=01;35:*.ogm=01;35:*.mp4=01;35:*.m4v=01;35:*.mp4v=01;35:*.vob=01;35:*.qt=01;35:*.nuv=01;35:*.wmv=01;35:*.asf=01;35:*.rm=01;35:*.rmvb=01;35:*.flc=01;35:*.avi=01;35:*.fli=01;35:*.flv=01;35:*.gl=01;35:*.dl=01;35:*.xcf=01;35:*.xwd=01;35:*.yuv=01;35:*.cgm=01;35:*.emf=01;35:*.ogv=01;35:*.ogx=01;35:*.aac=00;36:*.au=00;36:*.flac=00;36:*.m4a=00;36:*.mid=00;36:*.midi=00;36:*.mka=00;36:*.mp3=00;36:*.mpc=00;36:*.ogg=00;36:*.ra=00;36:*.wav=00;36:*.oga=00;36:*.opus=00;36:*.spx=00;36:*.xspf=00;36:*~=00;90:*#=00;90:*.bak=00;90:*.crdownload=00;90:*.dpkg-dist=00;90:*.dpkg-new=00;90:*.dpkg-old=00;90:*.dpkg-tmp=00;90:*.old=00;90:*.orig=00;90:*.part=00;90:*.rej=00;90:*.rpmnew=00;90:*.rpmorig=00;90:*.rpmsave=00;90:*.swp=00;90:*.tmp=00;90:*.ucf-dist=00;90:*.ucf-new=00;90:*.ucf-old=00;90:', 'SUPERVISOR_ENABLED': '1', 'ROS_DOMAIN_ID': '30', 'AMENT_PREFIX_PATH': '/root/workspaces/turtlebot_ws/install/turtlebot3_simulations:/root/workspaces/turtlebot_ws/install/turtlebot3_gazebo:/root/workspaces/turtlebot_ws/install/turtlebot3_fake_node:/opt/ros/jazzy', 'DEBIAN_FRONTEND': 'noninteractive', 'ACTIVE_WS_NAME': 'turtlebot_ws', 'AWS_REGION': 'eu-central-1', 'LESSCLOSE': '/usr/bin/lesspipe %s %s', 'SUPERVISOR_SERVER_URL': 'unix:///var/run/supervisor.sock', 'ROS_AUTOMATIC_DISCOVERY_RANGE': 'SUBNET', 'SUPERVISOR_PROCESS_NAME': 'ttyd', 'PWD': '/root/workspaces/ros2_ws/build/library_world', 'TURTLEBOT3_MODEL': 'burger', 'LC_ALL': 'en_US.UTF-8', 'PYTHONPATH': '/opt/ros/jazzy/lib/python3.12/site-packages', 'COLCON': '1', 'CMAKE_PREFIX_PATH': '/root/workspaces/turtlebot_ws/install/turtlebot3_simulations:/root/workspaces/turtlebot_ws/install/turtlebot3_gazebo:/root/workspaces/turtlebot_ws/install/turtlebot3_fake_node:/opt/ros/jazzy/opt/gz_sim_vendor:/opt/ros/jazzy/opt/gz_sensors_vendor:/opt/ros/jazzy/opt/gz_physics_vendor:/opt/ros/jazzy/opt/sdformat_vendor:/opt/ros/jazzy/opt/gz_gui_vendor:/opt/ros/jazzy/opt/gz_transport_vendor:/opt/ros/jazzy/opt/gz_rendering_vendor:/opt/ros/jazzy/opt/gz_plugin_vendor:/opt/ros/jazzy/opt/gz_fuel_tools_vendor:/opt/ros/jazzy/opt/gz_msgs_vendor:/opt/ros/jazzy/opt/gz_common_vendor:/opt/ros/jazzy/opt/gz_math_vendor:/opt/ros/jazzy/opt/gz_utils_vendor:/opt/ros/jazzy/opt/gz_tools_vendor:/opt/ros/jazzy/opt/gz_ogre_next_vendor:/opt/ros/jazzy/opt/gz_dartsim_vendor:/opt/ros/jazzy/opt/gz_cmake_vendor:/opt/ros/jazzy'}), 'shell': False}
[17.314584] (ffw_bringup) StdoutLine: {'line': b'creating /root/workspaces/ros2_ws/build/ffw_bringup/build/lib\n'}
[17.314658] (ffw_bringup) StdoutLine: {'line': b'creating /root/workspaces/ros2_ws/build/ffw_bringup/build/lib/ffw_bringup\n'}
[17.315655] (ffw_bringup) StdoutLine: {'line': b'copying ffw_bringup/head_eef_tracker.py -> /root/workspaces/ros2_ws/build/ffw_bringup/build/lib/ffw_bringup\n'}
[17.334895] (library_world) StdoutLine: {'line': b'-- Install configuration: ""\n'}
[17.335022] (library_world) StdoutLine: {'line': b'-- Installing: /root/workspaces/ros2_ws/install/library_world/share/library_world//launch\n'}
[17.339003] (ffw_bringup) StdoutLine: {'line': b'copying ffw_bringup/__init__.py -> /root/workspaces/ros2_ws/build/ffw_bringup/build/lib/ffw_bringup\n'}
[17.355398] (ffw_bringup) StdoutLine: {'line': b'copying ffw_bringup/joint_trajectory_executor.py -> /root/workspaces/ros2_ws/build/ffw_bringup/build/lib/ffw_bringup\n'}
[17.370844] (library_world) StdoutLine: {'line': b'-- Installing: /root/workspaces/ros2_ws/install/library_world/share/library_world//launch/library_world_launch.py\n'}
[17.376563] (ffw_bringup) StdoutLine: {'line': b'running install\n'}
[17.384489] (ffw_bringup) StdoutLine: {'line': b'running install_lib\n'}
[17.413850] (-) TimerEvent: {}
[17.416426] (library_world) StdoutLine: {'line': b'-- Installing: /root/workspaces/ros2_ws/install/library_world/share/library_world//world\n'}
[17.419252] (ffw_bringup) StdoutLine: {'line': b'creating /root/workspaces/ros2_ws/install/ffw_bringup/lib/python3.12/site-packages/ffw_bringup\n'}
[17.427203] (ffw_bringup) StdoutLine: {'line': b'copying /root/workspaces/ros2_ws/build/ffw_bringup/build/lib/ffw_bringup/head_eef_tracker.py -> /root/workspaces/ros2_ws/install/ffw_bringup/lib/python3.12/site-packages/ffw_bringup\n'}
[17.441878] (library_world) StdoutLine: {'line': b'-- Installing: /root/workspaces/ros2_ws/install/library_world/share/library_world//world/library.sdf\n'}
[17.455959] (ffw_bringup) StdoutLine: {'line': b'copying /root/workspaces/ros2_ws/build/ffw_bringup/build/lib/ffw_bringup/__init__.py -> /root/workspaces/ros2_ws/install/ffw_bringup/lib/python3.12/site-packages/ffw_bringup\n'}
[17.477869] (ffw_bringup) StdoutLine: {'line': b'copying /root/workspaces/ros2_ws/build/ffw_bringup/build/lib/ffw_bringup/joint_trajectory_executor.py -> /root/workspaces/ros2_ws/install/ffw_bringup/lib/python3.12/site-packages/ffw_bringup\n'}
[17.488047] (library_world) StdoutLine: {'line': b'-- Installing: /root/workspaces/ros2_ws/install/library_world/share/library_world//models\n'}
[17.510005] (library_world) StdoutLine: {'line': b'-- Installing: /root/workspaces/ros2_ws/install/library_world/share/library_world//models/bookshelf_d\n'}
[17.530960] (-) TimerEvent: {}
[17.541419] (ffw_bringup) StdoutLine: {'line': b'byte-compiling /root/workspaces/ros2_ws/install/ffw_bringup/lib/python3.12/site-packages/ffw_bringup/head_eef_tracker.py to head_eef_tracker.cpython-312.pyc\n'}
[17.541581] (library_world) StdoutLine: {'line': b'-- Installing: /root/workspaces/ros2_ws/install/library_world/share/library_world//models/bookshelf_d/model.sdf\n'}
[17.555079] (ffw_bringup) StdoutLine: {'line': b'byte-compiling /root/workspaces/ros2_ws/install/ffw_bringup/lib/python3.12/site-packages/ffw_bringup/__init__.py to __init__.cpython-312.pyc\n'}
[17.580521] (ffw_bringup) StdoutLine: {'line': b'byte-compiling /root/workspaces/ros2_ws/install/ffw_bringup/lib/python3.12/site-packages/ffw_bringup/joint_trajectory_executor.py to joint_trajectory_executor.cpython-312.pyc\n'}
[17.603845] (library_world) StdoutLine: {'line': b'-- Installing: /root/workspaces/ros2_ws/install/library_world/share/library_world//models/bookshelf_d/materials\n'}
[17.628206] (library_world) StdoutLine: {'line': b'-- Installing: /root/workspaces/ros2_ws/install/library_world/share/library_world//models/bookshelf_d/materials/textures\n'}
[17.637944] (-) TimerEvent: {}
[17.638113] (ffw_bringup) StdoutLine: {'line': b'running install_data\n'}
[17.654462] (ffw_bringup) StdoutLine: {'line': b'creating /root/workspaces/ros2_ws/install/ffw_bringup/share/ament_index\n'}
[17.675149] (ffw_bringup) StdoutLine: {'line': b'creating /root/workspaces/ros2_ws/install/ffw_bringup/share/ament_index/resource_index\n'}
[17.679777] (ffw_bringup) StdoutLine: {'line': b'creating /root/workspaces/ros2_ws/install/ffw_bringup/share/ament_index/resource_index/packages\n'}
[17.690122] (library_world) StdoutLine: {'line': b'-- Installing: /root/workspaces/ros2_ws/install/library_world/share/library_world//models/bookshelf_d/materials/textures/aws_BookshelfB_01.png\n'}
[17.704385] (ffw_bringup) StdoutLine: {'line': b'copying resource/ffw_bringup -> /root/workspaces/ros2_ws/install/ffw_bringup/share/ament_index/resource_index/packages\n'}
[17.719901] (ffw_bringup) StdoutLine: {'line': b'copying package.xml -> /root/workspaces/ros2_ws/install/ffw_bringup/share/ffw_bringup\n'}
[17.720015] (ffw_bringup) StdoutLine: {'line': b'creating /root/workspaces/ros2_ws/install/ffw_bringup/share/ffw_bringup/launch\n'}
[17.720082] (ffw_bringup) StdoutLine: {'line': b'copying launch/ffw_sh5_warehouse_storage_launch.launch.py -> /root/workspaces/ros2_ws/install/ffw_bringup/share/ffw_bringup/launch\n'}
[17.720138] (ffw_bringup) StdoutLine: {'line': b'copying launch/ffw_sh5_warehouse_logistics_launch.launch.py -> /root/workspaces/ros2_ws/install/ffw_bringup/share/ffw_bringup/launch\n'}
[17.738073] (-) TimerEvent: {}
[17.740210] (ffw_bringup) StdoutLine: {'line': b'copying launch/ffw_sh5_warehouse_distribution_launch.launch.py -> /root/workspaces/ros2_ws/install/ffw_bringup/share/ffw_bringup/launch\n'}
[17.747375] (library_world) StdoutLine: {'line': b'-- Installing: /root/workspaces/ros2_ws/install/library_world/share/library_world//models/bookshelf_d/materials/textures/aws_BookshelfB_02.png\n'}
[17.766497] (ffw_bringup) StdoutLine: {'line': b'copying launch/ffw_sh5_follower_ai_gazebo.launch.py -> /root/workspaces/ros2_ws/install/ffw_bringup/share/ffw_bringup/launch\n'}
[17.796633] (ffw_bringup) StdoutLine: {'line': b'creating /root/workspaces/ros2_ws/install/ffw_bringup/share/ffw_bringup/config\n'}
[17.819173] (library_world) StdoutLine: {'line': b'-- Installing: /root/workspaces/ros2_ws/install/library_world/share/library_world//models/bookshelf_d/model.config\n'}
[17.841873] (-) TimerEvent: {}
[17.851697] (ffw_bringup) StdoutLine: {'line': b'creating /root/workspaces/ros2_ws/install/ffw_bringup/share/ffw_bringup/config/ffw_bg2_rev2_follower\n'}
[17.851864] (ffw_bringup) StdoutLine: {'line': b'creating /root/workspaces/ros2_ws/install/ffw_bringup/share/ffw_bringup/config/ffw_bg2_rev3_follower\n'}
[17.851951] (ffw_bringup) StdoutLine: {'line': b'creating /root/workspaces/ros2_ws/install/ffw_bringup/share/ffw_bringup/config/ffw_bg2_rev4_follower\n'}
[17.852027] (ffw_bringup) StdoutLine: {'line': b'creating /root/workspaces/ros2_ws/install/ffw_bringup/share/ffw_bringup/config/ffw_bh5_rev1_follower\n'}
[17.852098] (ffw_bringup) StdoutLine: {'line': b'creating /root/workspaces/ros2_ws/install/ffw_bringup/share/ffw_bringup/config/ffw_sg2_rev1_follower\n'}
[17.852183] (ffw_bringup) StdoutLine: {'line': b'creating /root/workspaces/ros2_ws/install/ffw_bringup/share/ffw_bringup/config/ffw_lg2_leader\n'}
[17.852255] (library_world) StdoutLine: {'line': b'-- Installing: /root/workspaces/ros2_ws/install/library_world/share/library_world//models/bookshelf_d/meshes\n'}
[17.866355] (ffw_bringup) StdoutLine: {'line': b'creating /root/workspaces/ros2_ws/install/ffw_bringup/share/ffw_bringup/config/ffw_sh5_rev1_follower\n'}
[17.889525] (ffw_bringup) StdoutLine: {'line': b'copying config/ffw_sh5_rev1_follower/ffw_sh5_follower_initial_positions.yaml -> /root/workspaces/ros2_ws/install/ffw_bringup/share/ffw_bringup/config/ffw_sh5_rev1_follower\n'}
[17.899494] (library_world) StdoutLine: {'line': b'-- Installing: /root/workspaces/ros2_ws/install/library_world/share/library_world//models/bookshelf_d/meshes/SHELVES.dae\n'}
[17.919590] (ffw_bringup) StdoutLine: {'line': b'copying config/ffw_sh5_rev1_follower/ffw_sh5_follower_ai_hardware_controller.yaml -> /root/workspaces/ros2_ws/install/ffw_bringup/share/ffw_bringup/config/ffw_sh5_rev1_follower\n'}
[17.919821] (ffw_bringup) StdoutLine: {'line': b'creating /root/workspaces/ros2_ws/install/ffw_bringup/share/ffw_bringup/config/common\n'}
[17.919911] (library_world) StdoutLine: {'line': b'-- Installing: /root/workspaces/ros2_ws/install/library_world/share/library_world//models/floor\n'}
[17.919987] (ffw_bringup) StdoutLine: {'line': b'copying config/common/gz_bridge.yaml -> /root/workspaces/ros2_ws/install/ffw_bringup/share/ffw_bringup/config/common\n'}
[17.923904] (library_world) StdoutLine: {'line': b'-- Installing: /root/workspaces/ros2_ws/install/library_world/share/library_world//models/floor/model.sdf\n'}
[17.935721] (ffw_bringup) StdoutLine: {'line': b'creating /root/workspaces/ros2_ws/install/ffw_bringup/share/ffw_bringup/worlds\n'}
[17.949094] (-) TimerEvent: {}
[17.959332] (ffw_bringup) StdoutLine: {'line': b'copying worlds/default.sdf -> /root/workspaces/ros2_ws/install/ffw_bringup/share/ffw_bringup/worlds\n'}
[17.971924] (ffw_bringup) StdoutLine: {'line': b'copying worlds/empty_world.sdf -> /root/workspaces/ros2_ws/install/ffw_bringup/share/ffw_bringup/worlds\n'}
[17.982326] (library_world) StdoutLine: {'line': b'-- Installing: /root/workspaces/ros2_ws/install/library_world/share/library_world//models/floor/materials\n'}
[17.994904] (warehouse_worlds) StdoutLine: {'line': b"-- Added test 'flake8' to check Python code syntax and style conventions\n"}
[18.004934] (warehouse_worlds) StdoutLine: {'line': b"-- Configured 'flake8' exclude dirs and/or files: \n"}
[18.005026] (ffw_bringup) StdoutLine: {'line': b'running install_egg_info\n'}
[18.005219] (library_world) StdoutLine: {'line': b'-- Installing: /root/workspaces/ros2_ws/install/library_world/share/library_world//models/floor/materials/textures\n'}
[18.020459] (library_world) StdoutLine: {'line': b'-- Installing: /root/workspaces/ros2_ws/install/library_world/share/library_world//models/floor/materials/textures/aws_FloorB_01.png\n'}
[18.029544] (ffw_bringup) StdoutLine: {'line': b'Copying ../../../build/ffw_bringup/ffw_bringup.egg-info to /root/workspaces/ros2_ws/install/ffw_bringup/lib/python3.12/site-packages/ffw_bringup-1.2.0-py3.12.egg-info\n'}
[18.049205] (-) TimerEvent: {}
[18.097608] (library_world) StdoutLine: {'line': b'-- Installing: /root/workspaces/ros2_ws/install/library_world/share/library_world//models/floor/model.config\n'}
[18.113215] (warehouse_worlds) StdoutLine: {'line': b"-- Added test 'lint_cmake' to check CMake code style\n"}
[18.142959] (library_world) StdoutLine: {'line': b'-- Installing: /root/workspaces/ros2_ws/install/library_world/share/library_world//models/floor/meshes\n'}
[18.149315] (-) TimerEvent: {}
[18.165398] (library_world) StdoutLine: {'line': b'-- Installing: /root/workspaces/ros2_ws/install/library_world/share/library_world//models/floor/meshes/floor_collision.DAE\n'}
[18.189168] (warehouse_worlds) StdoutLine: {'line': b"-- Added test 'pep257' to check Python code against some of the docstring style conventions in PEP 257\n"}
[18.210719] (library_world) StdoutLine: {'line': b'-- Installing: /root/workspaces/ros2_ws/install/library_world/share/library_world//models/floor/meshes/floor_visual.DAE\n'}
[18.226057] (ffw_bringup) StdoutLine: {'line': b'running install_scripts\n'}
[18.249420] (-) TimerEvent: {}
[18.258210] (library_world) StdoutLine: {'line': b'-- Installing: /root/workspaces/ros2_ws/install/library_world/share/library_world//models/bookshelf_b\n'}
[18.279409] (library_world) StdoutLine: {'line': b'-- Installing: /root/workspaces/ros2_ws/install/library_world/share/library_world//models/bookshelf_b/model.sdf\n'}
[18.322433] (library_world) StdoutLine: {'line': b'-- Installing: /root/workspaces/ros2_ws/install/library_world/share/library_world//models/bookshelf_b/materials\n'}
[18.345903] (library_world) StdoutLine: {'line': b'-- Installing: /root/workspaces/ros2_ws/install/library_world/share/library_world//models/bookshelf_b/materials/textures\n'}
[18.350367] (-) TimerEvent: {}
[18.369619] (library_world) StdoutLine: {'line': b'-- Installing: /root/workspaces/ros2_ws/install/library_world/share/library_world//models/bookshelf_b/materials/textures/aws_BookshelfA_02.png\n'}
[18.450490] (-) TimerEvent: {}
[18.474237] (library_world) StdoutLine: {'line': b'-- Installing: /root/workspaces/ros2_ws/install/library_world/share/library_world//models/bookshelf_b/materials/textures/aws_BookshelfA_03.png\n'}
[18.476819] (ffw_bringup) StdoutLine: {'line': b'Installing head_eef_tracker script to /root/workspaces/ros2_ws/install/ffw_bringup/lib/ffw_bringup\n'}
[18.500323] (ffw_bringup) StdoutLine: {'line': b'Installing joint_trajectory_executor script to /root/workspaces/ros2_ws/install/ffw_bringup/lib/ffw_bringup\n'}
[18.520903] (ffw_bringup) StdoutLine: {'line': b"writing list of installed files to '/root/workspaces/ros2_ws/build/ffw_bringup/install.log'\n"}
[18.542414] (library_world) StdoutLine: {'line': b'-- Installing: /root/workspaces/ros2_ws/install/library_world/share/library_world//models/bookshelf_b/materials/textures/aws_BookshelfA_01.png\n'}
[18.550610] (-) TimerEvent: {}
[18.584861] (ffw_bringup) CommandEnded: {'returncode': 0}
[18.650087] (library_world) StdoutLine: {'line': b'-- Installing: /root/workspaces/ros2_ws/install/library_world/share/library_world//models/bookshelf_b/model.config\n'}
[18.650701] (-) TimerEvent: {}
[18.697103] (library_world) StdoutLine: {'line': b'-- Installing: /root/workspaces/ros2_ws/install/library_world/share/library_world//models/bookshelf_b/meshes\n'}
[18.719841] (library_world) StdoutLine: {'line': b'-- Installing: /root/workspaces/ros2_ws/install/library_world/share/library_world//models/bookshelf_b/meshes/bookshelfb_collision.DAE\n'}
[18.750822] (-) TimerEvent: {}
[18.765948] (library_world) StdoutLine: {'line': b'-- Installing: /root/workspaces/ros2_ws/install/library_world/share/library_world//models/bookshelf_b/meshes/bookshelfb_visual.DAE\n'}
[18.773807] (warehouse_worlds) StdoutLine: {'line': b"-- Added test 'xmllint' to check XML markup files\n"}
[18.850927] (-) TimerEvent: {}
[18.896321] (ffw_bringup) JobEnded: {'identifier': 'ffw_bringup', 'rc': 0}
[18.913703] (library_world) StdoutLine: {'line': b'-- Installing: /root/workspaces/ros2_ws/install/library_world/share/library_world//models/bookshelf_e\n'}
[18.926368] (library_world) StdoutLine: {'line': b'-- Installing: /root/workspaces/ros2_ws/install/library_world/share/library_world//models/bookshelf_e/model.sdf\n'}
[18.951045] (-) TimerEvent: {}
[18.970032] (library_world) StdoutLine: {'line': b'-- Installing: /root/workspaces/ros2_ws/install/library_world/share/library_world//models/bookshelf_e/materials\n'}
[18.977298] (warehouse_worlds) StdoutLine: {'line': b'-- Configuring done (6.2s)\n'}
[18.992837] (library_world) StdoutLine: {'line': b'-- Installing: /root/workspaces/ros2_ws/install/library_world/share/library_world//models/bookshelf_e/materials/textures\n'}
[19.016144] (library_world) StdoutLine: {'line': b'-- Installing: /root/workspaces/ros2_ws/install/library_world/share/library_world//models/bookshelf_e/materials/textures/aws_BookshelfC_01.png\n'}
[19.051175] (-) TimerEvent: {}
[19.134824] (library_world) StdoutLine: {'line': b'-- Installing: /root/workspaces/ros2_ws/install/library_world/share/library_world//models/bookshelf_e/model.config\n'}
[19.151309] (-) TimerEvent: {}
[19.177898] (library_world) StdoutLine: {'line': b'-- Installing: /root/workspaces/ros2_ws/install/library_world/share/library_world//models/bookshelf_e/meshes\n'}
[19.201645] (library_world) StdoutLine: {'line': b'-- Installing: /root/workspaces/ros2_ws/install/library_world/share/library_world//models/bookshelf_e/meshes/bookshelfe_collision.DAE\n'}
[19.245942] (library_world) StdoutLine: {'line': b'-- Installing: /root/workspaces/ros2_ws/install/library_world/share/library_world//models/bookshelf_e/meshes/bookshelfe_visual.DAE\n'}
[19.251426] (-) TimerEvent: {}
[19.294060] (library_world) StdoutLine: {'line': b'-- Installing: /root/workspaces/ros2_ws/install/library_world/share/library_world//models/etgah_logo\n'}
[19.314101] (library_world) StdoutLine: {'line': b'-- Installing: /root/workspaces/ros2_ws/install/library_world/share/library_world//models/etgah_logo/model.sdf\n'}
[19.351563] (-) TimerEvent: {}
[19.358640] (library_world) StdoutLine: {'line': b'-- Installing: /root/workspaces/ros2_ws/install/library_world/share/library_world//models/etgah_logo/materials\n'}
[19.388979] (library_world) StdoutLine: {'line': b'-- Installing: /root/workspaces/ros2_ws/install/library_world/share/library_world//models/etgah_logo/materials/textures\n'}
[19.412875] (library_world) StdoutLine: {'line': b'-- Installing: /root/workspaces/ros2_ws/install/library_world/share/library_world//models/etgah_logo/materials/textures/logo.png\n'}
[19.455374] (-) TimerEvent: {}
[19.479497] (library_world) StdoutLine: {'line': b'-- Installing: /root/workspaces/ros2_ws/install/library_world/share/library_world//models/etgah_logo/model.config\n'}
[19.524304] (library_world) StdoutLine: {'line': b'-- Installing: /root/workspaces/ros2_ws/install/library_world/share/library_world//models/sofa\n'}
[19.548603] (library_world) StdoutLine: {'line': b'-- Installing: /root/workspaces/ros2_ws/install/library_world/share/library_world//models/sofa/model.sdf\n'}
[19.555527] (-) TimerEvent: {}
[19.596435] (library_world) StdoutLine: {'line': b'-- Installing: /root/workspaces/ros2_ws/install/library_world/share/library_world//models/sofa/materials\n'}
[19.620373] (library_world) StdoutLine: {'line': b'-- Installing: /root/workspaces/ros2_ws/install/library_world/share/library_world//models/sofa/materials/textures\n'}
[19.642989] (library_world) StdoutLine: {'line': b'-- Installing: /root/workspaces/ros2_ws/install/library_world/share/library_world//models/sofa/materials/textures/Wood1.jpg\n'}
[19.655643] (-) TimerEvent: {}
[19.665830] (warehouse_worlds) StdoutLine: {'line': b'-- Generating done (0.6s)\n'}
[19.700580] (library_world) StdoutLine: {'line': b'-- Installing: /root/workspaces/ros2_ws/install/library_world/share/library_world//models/sofa/materials/textures/Wood_Fine_AI_03-CW.jpg\n'}
[19.755775] (-) TimerEvent: {}
[19.760352] (library_world) StdoutLine: {'line': b'-- Installing: /root/workspaces/ros2_ws/install/library_world/share/library_world//models/sofa/model.config\n'}
[19.813301] (library_world) StdoutLine: {'line': b'-- Installing: /root/workspaces/ros2_ws/install/library_world/share/library_world//models/sofa/meshes\n'}
[19.835914] (library_world) StdoutLine: {'line': b'-- Installing: /root/workspaces/ros2_ws/install/library_world/share/library_world//models/sofa/meshes/Sofa3\n'}
[19.855911] (-) TimerEvent: {}
[19.859935] (library_world) StdoutLine: {'line': b'-- Installing: /root/workspaces/ros2_ws/install/library_world/share/library_world//models/sofa/meshes/Sofa3/Wood1.jpg\n'}
[19.930579] (library_world) StdoutLine: {'line': b'-- Installing: /root/workspaces/ros2_ws/install/library_world/share/library_world//models/sofa/meshes/Sofa3/Wood_Fine_AI_03-CW.jpg\n'}
[19.949913] (warehouse_worlds) StdoutLine: {'line': b'-- Build files have been written to: /root/workspaces/ros2_ws/build/warehouse_worlds\n'}
[19.956028] (-) TimerEvent: {}
[19.966225] (warehouse_worlds) CommandEnded: {'returncode': 0}
[19.966585] (warehouse_worlds) JobProgress: {'identifier': 'warehouse_worlds', 'progress': 'build'}
[19.966609] (warehouse_worlds) Command: {'cmd': ['/usr/bin/cmake', '--build', '/root/workspaces/ros2_ws/build/warehouse_worlds', '--', '-j4', '-l4'], 'cwd': '/root/workspaces/ros2_ws/build/warehouse_worlds', 'env': OrderedDict({'LESSOPEN': '| /usr/bin/lesspipe %s', 'ACTIVE_WS_PATH': '/root/workspaces/turtlebot_ws', 'GZ_SIM_RESOURCE_PATH': '/opt/ros/jazzy/share', 'SUPERVISOR_GROUP_NAME': 'ttyd', 'GZ_CONFIG_PATH': '/opt/ros/jazzy/opt/gz_sim_vendor/share/gz:/opt/ros/jazzy/opt/sdformat_vendor/share/gz:/opt/ros/jazzy/opt/gz_gui_vendor/share/gz:/opt/ros/jazzy/opt/gz_transport_vendor/share/gz:/opt/ros/jazzy/opt/gz_rendering_vendor/share/gz:/opt/ros/jazzy/opt/gz_plugin_vendor/share/gz:/opt/ros/jazzy/opt/gz_fuel_tools_vendor/share/gz:/opt/ros/jazzy/opt/gz_msgs_vendor/share/gz:/opt/ros/jazzy/opt/gz_common_vendor/share/gz', 'HOSTNAME': 'ip-172-31-30-45.eu-central-1.compute.internal', 'SHLVL': '1', 'LD_LIBRARY_PATH': '/opt/ros/jazzy/opt/gz_sim_vendor/lib:/opt/ros/jazzy/opt/gz_sensors_vendor/lib:/opt/ros/jazzy/opt/gz_physics_vendor/lib:/opt/ros/jazzy/opt/sdformat_vendor/lib:/opt/ros/jazzy/opt/rviz_ogre_vendor/lib:/opt/ros/jazzy/lib/x86_64-linux-gnu:/opt/ros/jazzy/opt/gz_gui_vendor/lib:/opt/ros/jazzy/opt/gz_transport_vendor/lib:/opt/ros/jazzy/opt/gz_rendering_vendor/lib:/opt/ros/jazzy/opt/gz_plugin_vendor/lib:/opt/ros/jazzy/opt/gz_fuel_tools_vendor/lib:/opt/ros/jazzy/opt/gz_msgs_vendor/lib:/opt/ros/jazzy/opt/gz_common_vendor/lib:/opt/ros/jazzy/opt/gz_math_vendor/lib:/opt/ros/jazzy/opt/gz_utils_vendor/lib:/opt/ros/jazzy/opt/gz_tools_vendor/lib:/opt/ros/jazzy/opt/gz_ogre_next_vendor/lib:/opt/ros/jazzy/opt/gz_dartsim_vendor/lib:/opt/ros/jazzy/opt/gz_cmake_vendor/lib:/opt/ros/jazzy/lib', 'HOME': '/root', 'EFS_PATH': '/workspaces/113baa83-0a52-42aa-9f6b-d5b552759739', 'OLDPWD': '/root/workspaces/ros2_ws/src', 'ROS_PYTHON_VERSION': '3', 'AWS_CONTAINER_CREDENTIALS_RELATIVE_URI': '/v2/credentials/a1e09ffa-983f-471c-8ec0-b8e714b0031e', 'AWS_EXECUTION_ENV': 'AWS_ECS_FARGATE', 'COLCON_PREFIX_PATH': '/root/workspaces/turtlebot_ws/install', 'ECS_AGENT_URI': 'http://169.254.170.2/api/07ce5f5e937f436fbcd52f6e51abfffa-1842134484', 'ROS_DISTRO': 'jazzy', 'AWS_DEFAULT_REGION': 'eu-central-1', '_': '/usr/bin/colcon', 'ROS_VERSION': '2', 'ECS_CONTAINER_METADATA_URI_V4': 'http://169.254.170.2/v4/07ce5f5e937f436fbcd52f6e51abfffa-1842134484', 'TERM': 'xterm-256color', 'ECS_CONTAINER_METADATA_URI': 'http://169.254.170.2/v3/07ce5f5e937f436fbcd52f6e51abfffa-1842134484', 'SESSION_UUID': '113baa83-0a52-42aa-9f6b-d5b552759739', 'PATH': '/opt/ros/jazzy/opt/gz_msgs_vendor/bin:/opt/ros/jazzy/opt/gz_tools_vendor/bin:/opt/ros/jazzy/opt/gz_ogre_next_vendor/bin:/opt/ros/jazzy/bin:/usr/local/sbin:/usr/local/bin:/usr/sbin:/usr/bin:/sbin:/bin', 'XDG_RUNTIME_DIR': '/tmp/runtime-root', 'DISPLAY': ':1', 'LANG': 'en_US.UTF-8', 'LS_COLORS': 'rs=0:di=01;34:ln=01;36:mh=00:pi=40;33:so=01;35:do=01;35:bd=40;33;01:cd=40;33;01:or=40;31;01:mi=00:su=37;41:sg=30;43:ca=00:tw=30;42:ow=34;42:st=37;44:ex=01;32:*.tar=01;31:*.tgz=01;31:*.arc=01;31:*.arj=01;31:*.taz=01;31:*.lha=01;31:*.lz4=01;31:*.lzh=01;31:*.lzma=01;31:*.tlz=01;31:*.txz=01;31:*.tzo=01;31:*.t7z=01;31:*.zip=01;31:*.z=01;31:*.dz=01;31:*.gz=01;31:*.lrz=01;31:*.lz=01;31:*.lzo=01;31:*.xz=01;31:*.zst=01;31:*.tzst=01;31:*.bz2=01;31:*.bz=01;31:*.tbz=01;31:*.tbz2=01;31:*.tz=01;31:*.deb=01;31:*.rpm=01;31:*.jar=01;31:*.war=01;31:*.ear=01;31:*.sar=01;31:*.rar=01;31:*.alz=01;31:*.ace=01;31:*.zoo=01;31:*.cpio=01;31:*.7z=01;31:*.rz=01;31:*.cab=01;31:*.wim=01;31:*.swm=01;31:*.dwm=01;31:*.esd=01;31:*.avif=01;35:*.jpg=01;35:*.jpeg=01;35:*.mjpg=01;35:*.mjpeg=01;35:*.gif=01;35:*.bmp=01;35:*.pbm=01;35:*.pgm=01;35:*.ppm=01;35:*.tga=01;35:*.xbm=01;35:*.xpm=01;35:*.tif=01;35:*.tiff=01;35:*.png=01;35:*.svg=01;35:*.svgz=01;35:*.mng=01;35:*.pcx=01;35:*.mov=01;35:*.mpg=01;35:*.mpeg=01;35:*.m2v=01;35:*.mkv=01;35:*.webm=01;35:*.webp=01;35:*.ogm=01;35:*.mp4=01;35:*.m4v=01;35:*.mp4v=01;35:*.vob=01;35:*.qt=01;35:*.nuv=01;35:*.wmv=01;35:*.asf=01;35:*.rm=01;35:*.rmvb=01;35:*.flc=01;35:*.avi=01;35:*.fli=01;35:*.flv=01;35:*.gl=01;35:*.dl=01;35:*.xcf=01;35:*.xwd=01;35:*.yuv=01;35:*.cgm=01;35:*.emf=01;35:*.ogv=01;35:*.ogx=01;35:*.aac=00;36:*.au=00;36:*.flac=00;36:*.m4a=00;36:*.mid=00;36:*.midi=00;36:*.mka=00;36:*.mp3=00;36:*.mpc=00;36:*.ogg=00;36:*.ra=00;36:*.wav=00;36:*.oga=00;36:*.opus=00;36:*.spx=00;36:*.xspf=00;36:*~=00;90:*#=00;90:*.bak=00;90:*.crdownload=00;90:*.dpkg-dist=00;90:*.dpkg-new=00;90:*.dpkg-old=00;90:*.dpkg-tmp=00;90:*.old=00;90:*.orig=00;90:*.part=00;90:*.rej=00;90:*.rpmnew=00;90:*.rpmorig=00;90:*.rpmsave=00;90:*.swp=00;90:*.tmp=00;90:*.ucf-dist=00;90:*.ucf-new=00;90:*.ucf-old=00;90:', 'SUPERVISOR_ENABLED': '1', 'ROS_DOMAIN_ID': '30', 'AMENT_PREFIX_PATH': '/root/workspaces/turtlebot_ws/install/turtlebot3_simulations:/root/workspaces/turtlebot_ws/install/turtlebot3_gazebo:/root/workspaces/turtlebot_ws/install/turtlebot3_fake_node:/opt/ros/jazzy', 'DEBIAN_FRONTEND': 'noninteractive', 'ACTIVE_WS_NAME': 'turtlebot_ws', 'AWS_REGION': 'eu-central-1', 'LESSCLOSE': '/usr/bin/lesspipe %s %s', 'SUPERVISOR_SERVER_URL': 'unix:///var/run/supervisor.sock', 'ROS_AUTOMATIC_DISCOVERY_RANGE': 'SUBNET', 'SUPERVISOR_PROCESS_NAME': 'ttyd', 'PWD': '/root/workspaces/ros2_ws/build/warehouse_worlds', 'TURTLEBOT3_MODEL': 'burger', 'LC_ALL': 'en_US.UTF-8', 'PYTHONPATH': '/opt/ros/jazzy/lib/python3.12/site-packages', 'COLCON': '1', 'CMAKE_PREFIX_PATH': '/root/workspaces/turtlebot_ws/install/turtlebot3_simulations:/root/workspaces/turtlebot_ws/install/turtlebot3_gazebo:/root/workspaces/turtlebot_ws/install/turtlebot3_fake_node:/opt/ros/jazzy/opt/gz_sim_vendor:/opt/ros/jazzy/opt/gz_sensors_vendor:/opt/ros/jazzy/opt/gz_physics_vendor:/opt/ros/jazzy/opt/sdformat_vendor:/opt/ros/jazzy/opt/gz_gui_vendor:/opt/ros/jazzy/opt/gz_transport_vendor:/opt/ros/jazzy/opt/gz_rendering_vendor:/opt/ros/jazzy/opt/gz_plugin_vendor:/opt/ros/jazzy/opt/gz_fuel_tools_vendor:/opt/ros/jazzy/opt/gz_msgs_vendor:/opt/ros/jazzy/opt/gz_common_vendor:/opt/ros/jazzy/opt/gz_math_vendor:/opt/ros/jazzy/opt/gz_utils_vendor:/opt/ros/jazzy/opt/gz_tools_vendor:/opt/ros/jazzy/opt/gz_ogre_next_vendor:/opt/ros/jazzy/opt/gz_dartsim_vendor:/opt/ros/jazzy/opt/gz_cmake_vendor:/opt/ros/jazzy'}), 'shell': False}
[19.991131] (library_world) StdoutLine: {'line': b'-- Installing: /root/workspaces/ros2_ws/install/library_world/share/library_world//models/sofa/meshes/sofa.dae\n'}
[20.056169] (-) TimerEvent: {}
[20.086975] (warehouse_worlds) CommandEnded: {'returncode': 0}
[20.094379] (warehouse_worlds) JobProgress: {'identifier': 'warehouse_worlds', 'progress': 'install'}
[20.097327] (warehouse_worlds) Command: {'cmd': ['/usr/bin/cmake', '--install', '/root/workspaces/ros2_ws/build/warehouse_worlds'], 'cwd': '/root/workspaces/ros2_ws/build/warehouse_worlds', 'env': OrderedDict({'LESSOPEN': '| /usr/bin/lesspipe %s', 'ACTIVE_WS_PATH': '/root/workspaces/turtlebot_ws', 'GZ_SIM_RESOURCE_PATH': '/opt/ros/jazzy/share', 'SUPERVISOR_GROUP_NAME': 'ttyd', 'GZ_CONFIG_PATH': '/opt/ros/jazzy/opt/gz_sim_vendor/share/gz:/opt/ros/jazzy/opt/sdformat_vendor/share/gz:/opt/ros/jazzy/opt/gz_gui_vendor/share/gz:/opt/ros/jazzy/opt/gz_transport_vendor/share/gz:/opt/ros/jazzy/opt/gz_rendering_vendor/share/gz:/opt/ros/jazzy/opt/gz_plugin_vendor/share/gz:/opt/ros/jazzy/opt/gz_fuel_tools_vendor/share/gz:/opt/ros/jazzy/opt/gz_msgs_vendor/share/gz:/opt/ros/jazzy/opt/gz_common_vendor/share/gz', 'HOSTNAME': 'ip-172-31-30-45.eu-central-1.compute.internal', 'SHLVL': '1', 'LD_LIBRARY_PATH': '/opt/ros/jazzy/opt/gz_sim_vendor/lib:/opt/ros/jazzy/opt/gz_sensors_vendor/lib:/opt/ros/jazzy/opt/gz_physics_vendor/lib:/opt/ros/jazzy/opt/sdformat_vendor/lib:/opt/ros/jazzy/opt/rviz_ogre_vendor/lib:/opt/ros/jazzy/lib/x86_64-linux-gnu:/opt/ros/jazzy/opt/gz_gui_vendor/lib:/opt/ros/jazzy/opt/gz_transport_vendor/lib:/opt/ros/jazzy/opt/gz_rendering_vendor/lib:/opt/ros/jazzy/opt/gz_plugin_vendor/lib:/opt/ros/jazzy/opt/gz_fuel_tools_vendor/lib:/opt/ros/jazzy/opt/gz_msgs_vendor/lib:/opt/ros/jazzy/opt/gz_common_vendor/lib:/opt/ros/jazzy/opt/gz_math_vendor/lib:/opt/ros/jazzy/opt/gz_utils_vendor/lib:/opt/ros/jazzy/opt/gz_tools_vendor/lib:/opt/ros/jazzy/opt/gz_ogre_next_vendor/lib:/opt/ros/jazzy/opt/gz_dartsim_vendor/lib:/opt/ros/jazzy/opt/gz_cmake_vendor/lib:/opt/ros/jazzy/lib', 'HOME': '/root', 'EFS_PATH': '/workspaces/113baa83-0a52-42aa-9f6b-d5b552759739', 'OLDPWD': '/root/workspaces/ros2_ws/src', 'ROS_PYTHON_VERSION': '3', 'AWS_CONTAINER_CREDENTIALS_RELATIVE_URI': '/v2/credentials/a1e09ffa-983f-471c-8ec0-b8e714b0031e', 'AWS_EXECUTION_ENV': 'AWS_ECS_FARGATE', 'COLCON_PREFIX_PATH': '/root/workspaces/turtlebot_ws/install', 'ECS_AGENT_URI': 'http://169.254.170.2/api/07ce5f5e937f436fbcd52f6e51abfffa-1842134484', 'ROS_DISTRO': 'jazzy', 'AWS_DEFAULT_REGION': 'eu-central-1', '_': '/usr/bin/colcon', 'ROS_VERSION': '2', 'ECS_CONTAINER_METADATA_URI_V4': 'http://169.254.170.2/v4/07ce5f5e937f436fbcd52f6e51abfffa-1842134484', 'TERM': 'xterm-256color', 'ECS_CONTAINER_METADATA_URI': 'http://169.254.170.2/v3/07ce5f5e937f436fbcd52f6e51abfffa-1842134484', 'SESSION_UUID': '113baa83-0a52-42aa-9f6b-d5b552759739', 'PATH': '/opt/ros/jazzy/opt/gz_msgs_vendor/bin:/opt/ros/jazzy/opt/gz_tools_vendor/bin:/opt/ros/jazzy/opt/gz_ogre_next_vendor/bin:/opt/ros/jazzy/bin:/usr/local/sbin:/usr/local/bin:/usr/sbin:/usr/bin:/sbin:/bin', 'XDG_RUNTIME_DIR': '/tmp/runtime-root', 'DISPLAY': ':1', 'LANG': 'en_US.UTF-8', 'LS_COLORS': 'rs=0:di=01;34:ln=01;36:mh=00:pi=40;33:so=01;35:do=01;35:bd=40;33;01:cd=40;33;01:or=40;31;01:mi=00:su=37;41:sg=30;43:ca=00:tw=30;42:ow=34;42:st=37;44:ex=01;32:*.tar=01;31:*.tgz=01;31:*.arc=01;31:*.arj=01;31:*.taz=01;31:*.lha=01;31:*.lz4=01;31:*.lzh=01;31:*.lzma=01;31:*.tlz=01;31:*.txz=01;31:*.tzo=01;31:*.t7z=01;31:*.zip=01;31:*.z=01;31:*.dz=01;31:*.gz=01;31:*.lrz=01;31:*.lz=01;31:*.lzo=01;31:*.xz=01;31:*.zst=01;31:*.tzst=01;31:*.bz2=01;31:*.bz=01;31:*.tbz=01;31:*.tbz2=01;31:*.tz=01;31:*.deb=01;31:*.rpm=01;31:*.jar=01;31:*.war=01;31:*.ear=01;31:*.sar=01;31:*.rar=01;31:*.alz=01;31:*.ace=01;31:*.zoo=01;31:*.cpio=01;31:*.7z=01;31:*.rz=01;31:*.cab=01;31:*.wim=01;31:*.swm=01;31:*.dwm=01;31:*.esd=01;31:*.avif=01;35:*.jpg=01;35:*.jpeg=01;35:*.mjpg=01;35:*.mjpeg=01;35:*.gif=01;35:*.bmp=01;35:*.pbm=01;35:*.pgm=01;35:*.ppm=01;35:*.tga=01;35:*.xbm=01;35:*.xpm=01;35:*.tif=01;35:*.tiff=01;35:*.png=01;35:*.svg=01;35:*.svgz=01;35:*.mng=01;35:*.pcx=01;35:*.mov=01;35:*.mpg=01;35:*.mpeg=01;35:*.m2v=01;35:*.mkv=01;35:*.webm=01;35:*.webp=01;35:*.ogm=01;35:*.mp4=01;35:*.m4v=01;35:*.mp4v=01;35:*.vob=01;35:*.qt=01;35:*.nuv=01;35:*.wmv=01;35:*.asf=01;35:*.rm=01;35:*.rmvb=01;35:*.flc=01;35:*.avi=01;35:*.fli=01;35:*.flv=01;35:*.gl=01;35:*.dl=01;35:*.xcf=01;35:*.xwd=01;35:*.yuv=01;35:*.cgm=01;35:*.emf=01;35:*.ogv=01;35:*.ogx=01;35:*.aac=00;36:*.au=00;36:*.flac=00;36:*.m4a=00;36:*.mid=00;36:*.midi=00;36:*.mka=00;36:*.mp3=00;36:*.mpc=00;36:*.ogg=00;36:*.ra=00;36:*.wav=00;36:*.oga=00;36:*.opus=00;36:*.spx=00;36:*.xspf=00;36:*~=00;90:*#=00;90:*.bak=00;90:*.crdownload=00;90:*.dpkg-dist=00;90:*.dpkg-new=00;90:*.dpkg-old=00;90:*.dpkg-tmp=00;90:*.old=00;90:*.orig=00;90:*.part=00;90:*.rej=00;90:*.rpmnew=00;90:*.rpmorig=00;90:*.rpmsave=00;90:*.swp=00;90:*.tmp=00;90:*.ucf-dist=00;90:*.ucf-new=00;90:*.ucf-old=00;90:', 'SUPERVISOR_ENABLED': '1', 'ROS_DOMAIN_ID': '30', 'AMENT_PREFIX_PATH': '/root/workspaces/turtlebot_ws/install/turtlebot3_simulations:/root/workspaces/turtlebot_ws/install/turtlebot3_gazebo:/root/workspaces/turtlebot_ws/install/turtlebot3_fake_node:/opt/ros/jazzy', 'DEBIAN_FRONTEND': 'noninteractive', 'ACTIVE_WS_NAME': 'turtlebot_ws', 'AWS_REGION': 'eu-central-1', 'LESSCLOSE': '/usr/bin/lesspipe %s %s', 'SUPERVISOR_SERVER_URL': 'unix:///var/run/supervisor.sock', 'ROS_AUTOMATIC_DISCOVERY_RANGE': 'SUBNET', 'SUPERVISOR_PROCESS_NAME': 'ttyd', 'PWD': '/root/workspaces/ros2_ws/build/warehouse_worlds', 'TURTLEBOT3_MODEL': 'burger', 'LC_ALL': 'en_US.UTF-8', 'PYTHONPATH': '/opt/ros/jazzy/lib/python3.12/site-packages', 'COLCON': '1', 'CMAKE_PREFIX_PATH': '/root/workspaces/turtlebot_ws/install/turtlebot3_simulations:/root/workspaces/turtlebot_ws/install/turtlebot3_gazebo:/root/workspaces/turtlebot_ws/install/turtlebot3_fake_node:/opt/ros/jazzy/opt/gz_sim_vendor:/opt/ros/jazzy/opt/gz_sensors_vendor:/opt/ros/jazzy/opt/gz_physics_vendor:/opt/ros/jazzy/opt/sdformat_vendor:/opt/ros/jazzy/opt/gz_gui_vendor:/opt/ros/jazzy/opt/gz_transport_vendor:/opt/ros/jazzy/opt/gz_rendering_vendor:/opt/ros/jazzy/opt/gz_plugin_vendor:/opt/ros/jazzy/opt/gz_fuel_tools_vendor:/opt/ros/jazzy/opt/gz_msgs_vendor:/opt/ros/jazzy/opt/gz_common_vendor:/opt/ros/jazzy/opt/gz_math_vendor:/opt/ros/jazzy/opt/gz_utils_vendor:/opt/ros/jazzy/opt/gz_tools_vendor:/opt/ros/jazzy/opt/gz_ogre_next_vendor:/opt/ros/jazzy/opt/gz_dartsim_vendor:/opt/ros/jazzy/opt/gz_cmake_vendor:/opt/ros/jazzy'}), 'shell': False}
[20.119764] (library_world) StdoutLine: {'line': b'-- Installing: /root/workspaces/ros2_ws/install/library_world/share/library_world//models/bookshelf\n'}
[20.139056] (library_world) StdoutLine: {'line': b'-- Installing: /root/workspaces/ros2_ws/install/library_world/share/library_world//models/bookshelf/model.sdf\n'}
[20.156268] (-) TimerEvent: {}
[20.162722] (warehouse_worlds) StdoutLine: {'line': b'-- Install configuration: ""\n'}
[20.172425] (warehouse_worlds) StdoutLine: {'line': b'-- Installing: /root/workspaces/ros2_ws/install/warehouse_worlds/share/warehouse_worlds//launch\n'}
[20.187365] (library_world) StdoutLine: {'line': b'-- Installing: /root/workspaces/ros2_ws/install/library_world/share/library_world//models/bookshelf/materials\n'}
[20.199581] (warehouse_worlds) StdoutLine: {'line': b'-- Installing: /root/workspaces/ros2_ws/install/warehouse_worlds/share/warehouse_worlds//launch/warehouse_distribution_launch.launch.py\n'}
[20.213214] (library_world) StdoutLine: {'line': b'-- Installing: /root/workspaces/ros2_ws/install/library_world/share/library_world//models/bookshelf/materials/textures\n'}
[20.246534] (library_world) StdoutLine: {'line': b'-- Installing: /root/workspaces/ros2_ws/install/library_world/share/library_world//models/bookshelf/materials/textures/aws_BookshelfB_01.png\n'}
[20.254134] (warehouse_worlds) StdoutLine: {'line': b'-- Installing: /root/workspaces/ros2_ws/install/warehouse_worlds/share/warehouse_worlds//launch/warehouse_storage_launch.launch.py\n'}
[20.263327] (-) TimerEvent: {}
[20.302092] (warehouse_worlds) StdoutLine: {'line': b'-- Installing: /root/workspaces/ros2_ws/install/warehouse_worlds/share/warehouse_worlds//launch/warehouse_logistics_launch.launch.py\n'}
[20.348757] (warehouse_worlds) StdoutLine: {'line': b'-- Installing: /root/workspaces/ros2_ws/install/warehouse_worlds/share/warehouse_worlds//config\n'}
[20.363509] (-) TimerEvent: {}
[20.371895] (warehouse_worlds) StdoutLine: {'line': b'-- Installing: /root/workspaces/ros2_ws/install/warehouse_worlds/share/warehouse_worlds//config/gz_bridge_ros.yaml\n'}
[20.413055] (library_world) StdoutLine: {'line': b'-- Installing: /root/workspaces/ros2_ws/install/library_world/share/library_world//models/bookshelf/materials/textures/aws_BookshelfB_02.png\n'}
[20.422903] (warehouse_worlds) StdoutLine: {'line': b'-- Installing: /root/workspaces/ros2_ws/install/warehouse_worlds/share/warehouse_worlds//worlds\n'}
[20.443615] (warehouse_worlds) StdoutLine: {'line': b'-- Installing: /root/workspaces/ros2_ws/install/warehouse_worlds/share/warehouse_worlds//worlds/warehouse_storage.sdf\n'}
[20.458758] (library_world) StdoutLine: {'line': b'-- Installing: /root/workspaces/ros2_ws/install/library_world/share/library_world//models/bookshelf/model.config\n'}
[20.463635] (-) TimerEvent: {}
[20.491914] (warehouse_worlds) StdoutLine: {'line': b'-- Installing: /root/workspaces/ros2_ws/install/warehouse_worlds/share/warehouse_worlds//worlds/warehouse_logistics.sdf\n'}
[20.502383] (library_world) StdoutLine: {'line': b'-- Installing: /root/workspaces/ros2_ws/install/library_world/share/library_world//models/bookshelf/meshes\n'}
[20.523998] (library_world) StdoutLine: {'line': b'-- Installing: /root/workspaces/ros2_ws/install/library_world/share/library_world//models/bookshelf/meshes/bookshelf_collision.DAE\n'}
[20.543425] (warehouse_worlds) StdoutLine: {'line': b'-- Installing: /root/workspaces/ros2_ws/install/warehouse_worlds/share/warehouse_worlds//worlds/warehouse_distribution.sdf\n'}
[20.563781] (-) TimerEvent: {}
[20.570309] (library_world) StdoutLine: {'line': b'-- Installing: /root/workspaces/ros2_ws/install/library_world/share/library_world//models/bookshelf/meshes/bookshelf_visual.DAE\n'}
[20.579556] (warehouse_worlds) StdoutLine: {'line': b'-- Installing: /root/workspaces/ros2_ws/install/warehouse_worlds/share/warehouse_worlds//models\n'}
[20.599618] (warehouse_worlds) StdoutLine: {'line': b'-- Installing: /root/workspaces/ros2_ws/install/warehouse_worlds/share/warehouse_worlds//models/disk_part_ariac\n'}
[20.621635] (warehouse_worlds) StdoutLine: {'line': b'-- Installing: /root/workspaces/ros2_ws/install/warehouse_worlds/share/warehouse_worlds//models/disk_part_ariac/model.sdf\n'}
[20.638721] (library_world) StdoutLine: {'line': b'-- Installing: /root/workspaces/ros2_ws/install/library_world/share/library_world//models/house_wall\n'}
[20.657911] (library_world) StdoutLine: {'line': b'-- Installing: /root/workspaces/ros2_ws/install/library_world/share/library_world//models/house_wall/model.sdf\n'}
[20.663884] (-) TimerEvent: {}
[20.670621] (warehouse_worlds) StdoutLine: {'line': b'-- Installing: /root/workspaces/ros2_ws/install/warehouse_worlds/share/warehouse_worlds//models/disk_part_ariac/model.config\n'}
[20.700842] (library_world) StdoutLine: {'line': b'-- Installing: /root/workspaces/ros2_ws/install/library_world/share/library_world//models/house_wall/materials\n'}
[20.710763] (warehouse_worlds) StdoutLine: {'line': b'-- Installing: /root/workspaces/ros2_ws/install/warehouse_worlds/share/warehouse_worlds//models/disk_part_ariac/meshes\n'}
[20.723310] (library_world) StdoutLine: {'line': b'-- Installing: /root/workspaces/ros2_ws/install/library_world/share/library_world//models/house_wall/materials/textures\n'}
[20.732897] (warehouse_worlds) StdoutLine: {'line': b'-- Installing: /root/workspaces/ros2_ws/install/warehouse_worlds/share/warehouse_worlds//models/disk_part_ariac/meshes/disk.dae\n'}
[20.749456] (library_world) StdoutLine: {'line': b'-- Installing: /root/workspaces/ros2_ws/install/library_world/share/library_world//models/house_wall/materials/textures/aws_HouseWallB_01.png\n'}
[20.774570] (-) TimerEvent: {}
[20.783428] (warehouse_worlds) StdoutLine: {'line': b'-- Installing: /root/workspaces/ros2_ws/install/warehouse_worlds/share/warehouse_worlds//models/pulley_part_ariac\n'}
[20.799386] (warehouse_worlds) StdoutLine: {'line': b'-- Installing: /root/workspaces/ros2_ws/install/warehouse_worlds/share/warehouse_worlds//models/pulley_part_ariac/model.sdf\n'}
[20.809930] (library_world) StdoutLine: {'line': b'-- Installing: /root/workspaces/ros2_ws/install/library_world/share/library_world//models/house_wall/model.config\n'}
[20.842550] (warehouse_worlds) StdoutLine: {'line': b'-- Installing: /root/workspaces/ros2_ws/install/warehouse_worlds/share/warehouse_worlds//models/pulley_part_ariac/model.config\n'}
[20.848797] (library_world) StdoutLine: {'line': b'-- Installing: /root/workspaces/ros2_ws/install/library_world/share/library_world//models/house_wall/meshes\n'}
[20.869809] (library_world) StdoutLine: {'line': b'-- Installing: /root/workspaces/ros2_ws/install/library_world/share/library_world//models/house_wall/meshes/house_wall_collision.DAE\n'}
[20.874663] (-) TimerEvent: {}
[20.893470] (warehouse_worlds) StdoutLine: {'line': b'-- Installing: /root/workspaces/ros2_ws/install/warehouse_worlds/share/warehouse_worlds//models/pulley_part_ariac/meshes\n'}
[20.914784] (warehouse_worlds) StdoutLine: {'line': b'-- Installing: /root/workspaces/ros2_ws/install/warehouse_worlds/share/warehouse_worlds//models/pulley_part_ariac/meshes/pulley.dae\n'}
[20.924123] (library_world) StdoutLine: {'line': b'-- Installing: /root/workspaces/ros2_ws/install/library_world/share/library_world//models/house_wall/meshes/house_wall_visual.DAE\n'}
[20.960313] (warehouse_worlds) StdoutLine: {'line': b'-- Installing: /root/workspaces/ros2_ws/install/warehouse_worlds/share/warehouse_worlds//models/part2_ariac\n'}
[20.974953] (-) TimerEvent: {}
[20.979673] (warehouse_worlds) StdoutLine: {'line': b'-- Installing: /root/workspaces/ros2_ws/install/warehouse_worlds/share/warehouse_worlds//models/part2_ariac/model.sdf\n'}
[20.988614] (library_world) StdoutLine: {'line': b'-- Installing: /root/workspaces/ros2_ws/install/library_world/share/library_world//models/book\n'}
[21.004209] (library_world) StdoutLine: {'line': b'-- Installing: /root/workspaces/ros2_ws/install/library_world/share/library_world//models/book/model.sdf\n'}
[21.024375] (warehouse_worlds) StdoutLine: {'line': b'-- Installing: /root/workspaces/ros2_ws/install/warehouse_worlds/share/warehouse_worlds//models/part2_ariac/model.config\n'}
[21.048050] (library_world) StdoutLine: {'line': b'-- Installing: /root/workspaces/ros2_ws/install/library_world/share/library_world//models/book/materials\n'}
[21.072492] (library_world) StdoutLine: {'line': b'-- Installing: /root/workspaces/ros2_ws/install/library_world/share/library_world//models/book/materials/textures\n'}
[21.079021] (-) TimerEvent: {}
[21.093890] (warehouse_worlds) StdoutLine: {'line': b'-- Installing: /root/workspaces/ros2_ws/install/warehouse_worlds/share/warehouse_worlds//models/gear_part_ariac\n'}
[21.095352] (library_world) StdoutLine: {'line': b'-- Installing: /root/workspaces/ros2_ws/install/library_world/share/library_world//models/book/materials/textures/aws_BookD_01.png\n'}
[21.114875] (warehouse_worlds) StdoutLine: {'line': b'-- Installing: /root/workspaces/ros2_ws/install/warehouse_worlds/share/warehouse_worlds//models/gear_part_ariac/model.sdf\n'}
[21.139254] (library_world) StdoutLine: {'line': b'-- Installing: /root/workspaces/ros2_ws/install/library_world/share/library_world//models/book/model.config\n'}
[21.167899] (warehouse_worlds) StdoutLine: {'line': b'-- Installing: /root/workspaces/ros2_ws/install/warehouse_worlds/share/warehouse_worlds//models/gear_part_ariac/model.config\n'}
[21.179122] (-) TimerEvent: {}
[21.187223] (library_world) StdoutLine: {'line': b'-- Installing: /root/workspaces/ros2_ws/install/library_world/share/library_world//models/book/meshes\n'}
[21.207774] (library_world) StdoutLine: {'line': b'-- Installing: /root/workspaces/ros2_ws/install/library_world/share/library_world//models/book/meshes/book_visual.DAE\n'}
[21.214559] (warehouse_worlds) StdoutLine: {'line': b'-- Installing: /root/workspaces/ros2_ws/install/warehouse_worlds/share/warehouse_worlds//models/gear_part_ariac/meshes\n'}
[21.241363] (warehouse_worlds) StdoutLine: {'line': b'-- Installing: /root/workspaces/ros2_ws/install/warehouse_worlds/share/warehouse_worlds//models/gear_part_ariac/meshes/gear.dae\n'}
[21.261093] (ffw_swerve_drive_controller) StderrLine: {'line': b'In file included from \x1b[01m\x1b[K/opt/ros/jazzy/include/parameter_traits/parameter_traits/parameter_traits.hpp:37\x1b[m\x1b[K,\n'}
[21.261309] (ffw_swerve_drive_controller) StderrLine: {'line': b'                 from \x1b[01m\x1b[K/root/workspaces/ros2_ws/build/ffw_swerve_drive_controller/include/ffw_swerve_drive_controller/swerve_drive_controller_parameter.hpp:26\x1b[m\x1b[K,\n'}
[21.261382] (ffw_swerve_drive_controller) StderrLine: {'line': b'                 from \x1b[01m\x1b[K/root/workspaces/ros2_ws/src/ai-worker-sim/ffw_swerve_drive_controller/include/ffw_swerve_drive_controller/swerve_drive_controller.hpp:54\x1b[m\x1b[K,\n'}
[21.261449] (ffw_swerve_drive_controller) StderrLine: {'line': b'                 from \x1b[01m\x1b[K/root/workspaces/ros2_ws/src/ai-worker-sim/ffw_swerve_drive_controller/src/swerve_drive_controller.cpp:19\x1b[m\x1b[K:\n'}
[21.261513] (ffw_swerve_drive_controller) StderrLine: {'line': b'\x1b[01m\x1b[K/opt/ros/jazzy/include/tl_expected/expected.hpp:18:167:\x1b[m\x1b[K \x1b[01;36m\x1b[Knote: \x1b[m\x1b[K\xe2\x80\x98\x1b[01m\x1b[K#pragma message: tl_expected/expected.hpp is deprecated. Use <tl/expected.hpp> from libexpected-dev, or <rcpputils/tl_expected/expected.hpp> if the system header is not available.\x1b[m\x1b[K\xe2\x80\x99\n'}
[21.261578] (ffw_swerve_drive_controller) StderrLine: {'line': b'   18 |   "tl_expected/expected.hpp is deprecated. Use <tl/expected.hpp> from libexpected-dev, or <rcpputils/tl_expected/expected.hpp> if the system header is not available."\x1b[01;36m\x1b[K)\x1b[m\x1b[K // NOLINT\n'}
[21.261639] (ffw_swerve_drive_controller) StderrLine: {'line': b'      |                                                                                                                                                                       \x1b[01;36m\x1b[K^\x1b[m\x1b[K\n'}
[21.266087] (library_world) StdoutLine: {'line': b'-- Installing: /root/workspaces/ros2_ws/install/library_world/share/library_world//models/book/meshes/book_collision.DAE\n'}
[21.279235] (-) TimerEvent: {}
[21.287613] (warehouse_worlds) StdoutLine: {'line': b'-- Installing: /root/workspaces/ros2_ws/install/warehouse_worlds/share/warehouse_worlds//models/gasket_part_ariac\n'}
[21.306344] (warehouse_worlds) StdoutLine: {'line': b'-- Installing: /root/workspaces/ros2_ws/install/warehouse_worlds/share/warehouse_worlds//models/gasket_part_ariac/model.sdf\n'}
[21.309659] (library_world) StdoutLine: {'line': b'-- Installing: /root/workspaces/ros2_ws/install/library_world/share/library_world//models/bookcase\n'}
[21.328951] (library_world) StdoutLine: {'line': b'-- Installing: /root/workspaces/ros2_ws/install/library_world/share/library_world//models/bookcase/model.sdf\n'}
[21.351368] (warehouse_worlds) StdoutLine: {'line': b'-- Installing: /root/workspaces/ros2_ws/install/warehouse_worlds/share/warehouse_worlds//models/gasket_part_ariac/model.config\n'}
[21.371360] (library_world) StdoutLine: {'line': b'-- Installing: /root/workspaces/ros2_ws/install/library_world/share/library_world//models/bookcase/model.config\n'}
[21.379410] (-) TimerEvent: {}
[21.395545] (warehouse_worlds) StdoutLine: {'line': b'-- Installing: /root/workspaces/ros2_ws/install/warehouse_worlds/share/warehouse_worlds//models/gasket_part_ariac/meshes\n'}
[21.418228] (library_world) StdoutLine: {'line': b'-- Installing: /root/workspaces/ros2_ws/install/library_world/share/library_world//models/bookcase/meshes\n'}
[21.421563] (warehouse_worlds) StdoutLine: {'line': b'-- Installing: /root/workspaces/ros2_ws/install/warehouse_worlds/share/warehouse_worlds//models/gasket_part_ariac/meshes/gasket.dae\n'}
[21.456798] (library_world) StdoutLine: {'line': b'-- Installing: /root/workspaces/ros2_ws/install/library_world/share/library_world//models/bookcase/meshes/bookcase.dae\n'}
[21.470879] (warehouse_worlds) StdoutLine: {'line': b'-- Installing: /root/workspaces/ros2_ws/install/warehouse_worlds/share/warehouse_worlds//models/Depot\n'}
[21.479523] (-) TimerEvent: {}
[21.489562] (library_world) StdoutLine: {'line': b'-- Installing: /root/workspaces/ros2_ws/install/library_world/share/library_world//models/desk\n'}
[21.495790] (warehouse_worlds) StdoutLine: {'line': b'-- Installing: /root/workspaces/ros2_ws/install/warehouse_worlds/share/warehouse_worlds//models/Depot/model.sdf\n'}
[21.508843] (library_world) StdoutLine: {'line': b'-- Installing: /root/workspaces/ros2_ws/install/library_world/share/library_world//models/desk/model.sdf\n'}
[21.535588] (warehouse_worlds) StdoutLine: {'line': b'-- Installing: /root/workspaces/ros2_ws/install/warehouse_worlds/share/warehouse_worlds//models/Depot/materials\n'}
[21.554289] (library_world) StdoutLine: {'line': b'-- Installing: /root/workspaces/ros2_ws/install/library_world/share/library_world//models/desk/materials\n'}
[21.560879] (warehouse_worlds) StdoutLine: {'line': b'-- Installing: /root/workspaces/ros2_ws/install/warehouse_worlds/share/warehouse_worlds//models/Depot/materials/scripts\n'}
[21.584611] (-) TimerEvent: {}
[21.594631] (library_world) StdoutLine: {'line': b'-- Installing: /root/workspaces/ros2_ws/install/library_world/share/library_world//models/desk/materials/textures\n'}
[21.609860] (warehouse_worlds) StdoutLine: {'line': b'-- Installing: /root/workspaces/ros2_ws/install/warehouse_worlds/share/warehouse_worlds//models/Depot/materials/scripts/model.material\n'}
[21.632023] (library_world) StdoutLine: {'line': b'-- Installing: /root/workspaces/ros2_ws/install/library_world/share/library_world//models/desk/materials/textures/aws_DeskB_01.png\n'}
[21.657868] (warehouse_worlds) StdoutLine: {'line': b'-- Installing: /root/workspaces/ros2_ws/install/warehouse_worlds/share/warehouse_worlds//models/Depot/materials/textures\n'}
[21.683971] (warehouse_worlds) StdoutLine: {'line': b'-- Installing: /root/workspaces/ros2_ws/install/warehouse_worlds/share/warehouse_worlds//models/Depot/materials/textures/BOXSET_Normal.png\n'}
[21.695021] (-) TimerEvent: {}
[21.720762] (library_world) StdoutLine: {'line': b'-- Installing: /root/workspaces/ros2_ws/install/library_world/share/library_world//models/desk/model.config\n'}
[21.761952] (warehouse_worlds) StdoutLine: {'line': b'-- Installing: /root/workspaces/ros2_ws/install/warehouse_worlds/share/warehouse_worlds//models/Depot/materials/textures/FLOOR_Metalness.png\n'}
[21.770462] (library_world) StdoutLine: {'line': b'-- Installing: /root/workspaces/ros2_ws/install/library_world/share/library_world//models/desk/meshes\n'}
[21.792113] (library_world) StdoutLine: {'line': b'-- Installing: /root/workspaces/ros2_ws/install/library_world/share/library_world//models/desk/meshes/desk_visual.DAE\n'}
[21.808309] (-) TimerEvent: {}
[21.817891] (warehouse_worlds) StdoutLine: {'line': b'-- Installing: /root/workspaces/ros2_ws/install/warehouse_worlds/share/warehouse_worlds//models/Depot/materials/textures/FANS_Roughness.png\n'}
[21.854784] (library_world) StdoutLine: {'line': b'-- Installing: /root/workspaces/ros2_ws/install/library_world/share/library_world//models/desk/meshes/desk_collision.DAE\n'}
[21.895230] (warehouse_worlds) StdoutLine: {'line': b'-- Installing: /root/workspaces/ros2_ws/install/warehouse_worlds/share/warehouse_worlds//models/Depot/materials/textures/INTERCOM_Emissive.png\n'}
[21.905370] (library_world) StdoutLine: {'line': b'-- Installing: /root/workspaces/ros2_ws/install/library_world/share/library_world//models/chair\n'}
[21.908430] (-) TimerEvent: {}
[21.928092] (library_world) StdoutLine: {'line': b'-- Installing: /root/workspaces/ros2_ws/install/library_world/share/library_world//models/chair/model.sdf\n'}
[21.951417] (warehouse_worlds) StdoutLine: {'line': b'-- Installing: /root/workspaces/ros2_ws/install/warehouse_worlds/share/warehouse_worlds//models/Depot/materials/textures/ROOF_Metalness.png\n'}
[21.978139] (library_world) StdoutLine: {'line': b'-- Installing: /root/workspaces/ros2_ws/install/library_world/share/library_world//models/chair/materials\n'}
[22.000554] (library_world) StdoutLine: {'line': b'-- Installing: /root/workspaces/ros2_ws/install/library_world/share/library_world//models/chair/materials/textures\n'}
[22.014469] (-) TimerEvent: {}
[22.026311] (library_world) StdoutLine: {'line': b'-- Installing: /root/workspaces/ros2_ws/install/library_world/share/library_world//models/chair/materials/textures/aws_ChairB_01.png\n'}
[22.041332] (warehouse_worlds) StdoutLine: {'line': b'-- Installing: /root/workspaces/ros2_ws/install/warehouse_worlds/share/warehouse_worlds//models/Depot/materials/textures/PILLERS_Albedo.png\n'}
[22.114621] (-) TimerEvent: {}
[22.134215] (warehouse_worlds) StdoutLine: {'line': b'-- Installing: /root/workspaces/ros2_ws/install/warehouse_worlds/share/warehouse_worlds//models/Depot/materials/textures/STAIRS_Metalness.png\n'}
[22.144050] (library_world) StdoutLine: {'line': b'-- Installing: /root/workspaces/ros2_ws/install/library_world/share/library_world//models/chair/model.config\n'}
[22.193239] (library_world) StdoutLine: {'line': b'-- Installing: /root/workspaces/ros2_ws/install/library_world/share/library_world//models/chair/meshes\n'}
[22.214619] (warehouse_worlds) StdoutLine: {'line': b'-- Installing: /root/workspaces/ros2_ws/install/warehouse_worlds/share/warehouse_worlds//models/Depot/materials/textures/WALLS_Albedo.png\n'}
[22.214965] (-) TimerEvent: {}
[22.216235] (library_world) StdoutLine: {'line': b'-- Installing: /root/workspaces/ros2_ws/install/library_world/share/library_world//models/chair/meshes/chair_visual.DAE\n'}
[22.282900] (library_world) StdoutLine: {'line': b'-- Installing: /root/workspaces/ros2_ws/install/library_world/share/library_world//models/chair/meshes/chair_collision.DAE\n'}
[22.315118] (-) TimerEvent: {}
[22.329976] (library_world) StdoutLine: {'line': b'-- Installing: /root/workspaces/ros2_ws/install/library_world/share/library_world//models/bookshelf_c\n'}
[22.350946] (library_world) StdoutLine: {'line': b'-- Installing: /root/workspaces/ros2_ws/install/library_world/share/library_world//models/bookshelf_c/model.sdf\n'}
[22.374908] (warehouse_worlds) StdoutLine: {'line': b'-- Installing: /root/workspaces/ros2_ws/install/warehouse_worlds/share/warehouse_worlds//models/Depot/materials/textures/FireAlarm_Albedo.png\n'}
[22.393263] (library_world) StdoutLine: {'line': b'-- Installing: /root/workspaces/ros2_ws/install/library_world/share/library_world//models/bookshelf_c/materials\n'}
[22.415258] (-) TimerEvent: {}
[22.416950] (library_world) StdoutLine: {'line': b'-- Installing: /root/workspaces/ros2_ws/install/library_world/share/library_world//models/bookshelf_c/materials/textures\n'}
[22.446274] (library_world) StdoutLine: {'line': b'-- Installing: /root/workspaces/ros2_ws/install/library_world/share/library_world//models/bookshelf_c/materials/textures/aws_DeskA_02.png\n'}
[22.476793] (warehouse_worlds) StdoutLine: {'line': b'-- Installing: /root/workspaces/ros2_ws/install/warehouse_worlds/share/warehouse_worlds//models/Depot/materials/textures/Forklift_Forklift_Normal.png\n'}
[22.515413] (-) TimerEvent: {}
[22.543234] (library_world) StdoutLine: {'line': b'-- Installing: /root/workspaces/ros2_ws/install/library_world/share/library_world//models/bookshelf_c/materials/textures/aws_DeskA_01.png\n'}
[22.569534] (warehouse_worlds) StdoutLine: {'line': b'-- Installing: /root/workspaces/ros2_ws/install/warehouse_worlds/share/warehouse_worlds//models/Depot/materials/textures/Window_WINDOW_Metallic.png\n'}
[22.615552] (-) TimerEvent: {}
[22.631491] (warehouse_worlds) StdoutLine: {'line': b'-- Installing: /root/workspaces/ros2_ws/install/warehouse_worlds/share/warehouse_worlds//models/Depot/materials/textures/BOXSET_Emissive.png\n'}
[22.633009] (library_world) StdoutLine: {'line': b'-- Installing: /root/workspaces/ros2_ws/install/library_world/share/library_world//models/bookshelf_c/materials/textures/aws_DeskA_03.png\n'}
[22.680675] (warehouse_worlds) StdoutLine: {'line': b'-- Installing: /root/workspaces/ros2_ws/install/warehouse_worlds/share/warehouse_worlds//models/Depot/materials/textures/Pipes_Normal.png\n'}
[22.698529] (library_world) StdoutLine: {'line': b'-- Installing: /root/workspaces/ros2_ws/install/library_world/share/library_world//models/bookshelf_c/model.config\n'}
[22.715682] (-) TimerEvent: {}
[22.728830] (warehouse_worlds) StdoutLine: {'line': b'-- Installing: /root/workspaces/ros2_ws/install/warehouse_worlds/share/warehouse_worlds//models/Depot/materials/textures/FireAlarmPole_Albedo.png\n'}
[22.745959] (library_world) StdoutLine: {'line': b'-- Installing: /root/workspaces/ros2_ws/install/library_world/share/library_world//models/bookshelf_c/meshes\n'}
[22.768799] (library_world) StdoutLine: {'line': b'-- Installing: /root/workspaces/ros2_ws/install/library_world/share/library_world//models/bookshelf_c/meshes/aws_DeskA_01_collision.DAE\n'}
[22.803028] (warehouse_worlds) StdoutLine: {'line': b'-- Installing: /root/workspaces/ros2_ws/install/warehouse_worlds/share/warehouse_worlds//models/Depot/materials/textures/INTERCOM_Normal.png\n'}
[22.815818] (-) TimerEvent: {}
[22.829021] (library_world) StdoutLine: {'line': b'-- Installing: /root/workspaces/ros2_ws/install/library_world/share/library_world//models/bookshelf_c/meshes/aws_DeskA_01_visual.DAE\n'}
[22.877096] (warehouse_worlds) StdoutLine: {'line': b'-- Installing: /root/workspaces/ros2_ws/install/warehouse_worlds/share/warehouse_worlds//models/Depot/materials/textures/FLOOR_Roughness.png\n'}
[22.915958] (-) TimerEvent: {}
[22.988306] (library_world) StdoutLine: {'line': b'-- Installing: /root/workspaces/ros2_ws/install/library_world/share/ament_index/resource_index/package_run_dependencies/library_world\n'}
[22.994204] (warehouse_worlds) StdoutLine: {'line': b'-- Installing: /root/workspaces/ros2_ws/install/warehouse_worlds/share/warehouse_worlds//models/Depot/materials/textures/INTERCOM_Albedo.png\n'}
[23.016082] (-) TimerEvent: {}
[23.055916] (library_world) StdoutLine: {'line': b'-- Installing: /root/workspaces/ros2_ws/install/library_world/share/ament_index/resource_index/parent_prefix_path/library_world\n'}
[23.066075] (warehouse_worlds) StdoutLine: {'line': b'-- Installing: /root/workspaces/ros2_ws/install/warehouse_worlds/share/warehouse_worlds//models/Depot/materials/textures/Pipes_Albedo.png\n'}
[23.116242] (-) TimerEvent: {}
[23.116901] (library_world) StdoutLine: {'line': b'-- Installing: /root/workspaces/ros2_ws/install/library_world/share/library_world/environment/ament_prefix_path.sh\n'}
[23.127599] (warehouse_worlds) StdoutLine: {'line': b'-- Installing: /root/workspaces/ros2_ws/install/warehouse_worlds/share/warehouse_worlds//models/Depot/materials/textures/PILLERS_Normal.png\n'}
[23.169577] (library_world) StdoutLine: {'line': b'-- Installing: /root/workspaces/ros2_ws/install/library_world/share/library_world/environment/ament_prefix_path.dsv\n'}
[23.215812] (library_world) StdoutLine: {'line': b'-- Installing: /root/workspaces/ros2_ws/install/library_world/share/library_world/environment/path.sh\n'}
[23.216388] (-) TimerEvent: {}
[23.225582] (warehouse_worlds) StdoutLine: {'line': b'-- Installing: /root/workspaces/ros2_ws/install/warehouse_worlds/share/warehouse_worlds//models/Depot/materials/textures/STAIRS_Roughness.png\n'}
[23.268211] (library_world) StdoutLine: {'line': b'-- Installing: /root/workspaces/ros2_ws/install/library_world/share/library_world/environment/path.dsv\n'}
[23.316543] (-) TimerEvent: {}
[23.327436] (warehouse_worlds) StdoutLine: {'line': b'-- Installing: /root/workspaces/ros2_ws/install/warehouse_worlds/share/warehouse_worlds//models/Depot/materials/textures/FANS_Metalness.png\n'}
[23.333076] (library_world) StdoutLine: {'line': b'-- Installing: /root/workspaces/ros2_ws/install/library_world/share/library_world/local_setup.bash\n'}
[23.377303] (warehouse_worlds) StdoutLine: {'line': b'-- Installing: /root/workspaces/ros2_ws/install/warehouse_worlds/share/warehouse_worlds//models/Depot/materials/textures/ROOF_Roughness.png\n'}
[23.385126] (library_world) StdoutLine: {'line': b'-- Installing: /root/workspaces/ros2_ws/install/library_world/share/library_world/local_setup.sh\n'}
[23.416679] (-) TimerEvent: {}
[23.446768] (library_world) StdoutLine: {'line': b'-- Installing: /root/workspaces/ros2_ws/install/library_world/share/library_world/local_setup.zsh\n'}
[23.469300] (warehouse_worlds) StdoutLine: {'line': b'-- Installing: /root/workspaces/ros2_ws/install/warehouse_worlds/share/warehouse_worlds//models/Depot/materials/textures/FireAlarm_Normal.png\n'}
[23.502168] (library_world) StdoutLine: {'line': b'-- Installing: /root/workspaces/ros2_ws/install/library_world/share/library_world/local_setup.dsv\n'}
[23.516803] (-) TimerEvent: {}
[23.543452] (warehouse_worlds) StdoutLine: {'line': b'-- Installing: /root/workspaces/ros2_ws/install/warehouse_worlds/share/warehouse_worlds//models/Depot/materials/textures/WALLS_Normal.png\n'}
[23.549303] (library_world) StdoutLine: {'line': b'-- Installing: /root/workspaces/ros2_ws/install/library_world/share/library_world/package.dsv\n'}
[23.616942] (-) TimerEvent: {}
[23.619446] (library_world) StdoutLine: {'line': b'-- Installing: /root/workspaces/ros2_ws/install/library_world/share/ament_index/resource_index/packages/library_world\n'}
[23.673456] (library_world) StdoutLine: {'line': b'-- Installing: /root/workspaces/ros2_ws/install/library_world/share/library_world/cmake/library_worldConfig.cmake\n'}
[23.677789] (warehouse_worlds) StdoutLine: {'line': b'-- Installing: /root/workspaces/ros2_ws/install/warehouse_worlds/share/warehouse_worlds//models/Depot/materials/textures/BOXSET_Albedo.png\n'}
[23.717317] (-) TimerEvent: {}
[23.734367] (library_world) StdoutLine: {'line': b'-- Installing: /root/workspaces/ros2_ws/install/library_world/share/library_world/cmake/library_worldConfig-version.cmake\n'}
[23.779896] (library_world) StdoutLine: {'line': b'-- Installing: /root/workspaces/ros2_ws/install/library_world/share/library_world/package.xml\n'}
[23.801672] (warehouse_worlds) StdoutLine: {'line': b'-- Installing: /root/workspaces/ros2_ws/install/warehouse_worlds/share/warehouse_worlds//models/Depot/materials/textures/Crates_Crates_Normal.png\n'}
[23.817418] (-) TimerEvent: {}
[23.838152] (library_world) CommandEnded: {'returncode': 0}
[23.917537] (-) TimerEvent: {}
[23.923371] (warehouse_worlds) StdoutLine: {'line': b'-- Installing: /root/workspaces/ros2_ws/install/warehouse_worlds/share/warehouse_worlds//models/Depot/materials/textures/Forklift_Forklift_Metallic.png\n'}
[23.990499] (warehouse_worlds) StdoutLine: {'line': b'-- Installing: /root/workspaces/ros2_ws/install/warehouse_worlds/share/warehouse_worlds//models/Depot/materials/textures/FireAlarmPole_Normal.png\n'}
[24.017667] (-) TimerEvent: {}
[24.053917] (warehouse_worlds) StdoutLine: {'line': b'-- Installing: /root/workspaces/ros2_ws/install/warehouse_worlds/share/warehouse_worlds//models/Depot/materials/textures/FireAlarmPole_Metalness.png\n'}
[24.096673] (warehouse_worlds) StdoutLine: {'line': b'-- Installing: /root/workspaces/ros2_ws/install/warehouse_worlds/share/warehouse_worlds//models/Depot/materials/textures/Forklift_Forklift_Roughness.png\n'}
[24.117856] (-) TimerEvent: {}
[24.187683] (warehouse_worlds) StdoutLine: {'line': b'-- Installing: /root/workspaces/ros2_ws/install/warehouse_worlds/share/warehouse_worlds//models/Depot/materials/textures/STAIRS_Normal.png\n'}
[24.218003] (-) TimerEvent: {}
[24.313260] (warehouse_worlds) StdoutLine: {'line': b'-- Installing: /root/workspaces/ros2_ws/install/warehouse_worlds/share/warehouse_worlds//models/Depot/materials/textures/ROOF_Normal.png\n'}
[24.318163] (-) TimerEvent: {}
[24.422981] (warehouse_worlds) StdoutLine: {'line': b'-- Installing: /root/workspaces/ros2_ws/install/warehouse_worlds/share/warehouse_worlds//models/Depot/materials/textures/FANS_Albedo.png\n'}
[24.423271] (-) TimerEvent: {}
[24.526583] (warehouse_worlds) StdoutLine: {'line': b'-- Installing: /root/workspaces/ros2_ws/install/warehouse_worlds/share/warehouse_worlds//models/Depot/materials/textures/FireAlarm_Metalness.png\n'}
[24.526807] (-) TimerEvent: {}
[24.537818] (library_world) JobEnded: {'identifier': 'library_world', 'rc': 0}
[24.572487] (warehouse_worlds) StdoutLine: {'line': b'-- Installing: /root/workspaces/ros2_ws/install/warehouse_worlds/share/warehouse_worlds//models/Depot/materials/textures/Pipes_Roughness.png\n'}
[24.626929] (-) TimerEvent: {}
[24.632569] (warehouse_worlds) StdoutLine: {'line': b'-- Installing: /root/workspaces/ros2_ws/install/warehouse_worlds/share/warehouse_worlds//models/Depot/materials/textures/INTERCOM_Roughness.png\n'}
[24.702649] (warehouse_worlds) StdoutLine: {'line': b'-- Installing: /root/workspaces/ros2_ws/install/warehouse_worlds/share/warehouse_worlds//models/Depot/materials/textures/WALLS_Metalness.png\n'}
[24.727037] (-) TimerEvent: {}
[24.745105] (warehouse_worlds) StdoutLine: {'line': b'-- Installing: /root/workspaces/ros2_ws/install/warehouse_worlds/share/warehouse_worlds//models/Depot/materials/textures/PILLERS_Metalness.png\n'}
[24.805662] (warehouse_worlds) StdoutLine: {'line': b'-- Installing: /root/workspaces/ros2_ws/install/warehouse_worlds/share/warehouse_worlds//models/Depot/materials/textures/DepotLightmap.png\n'}
[24.827189] (-) TimerEvent: {}
[24.914974] (warehouse_worlds) StdoutLine: {'line': b'-- Installing: /root/workspaces/ros2_ws/install/warehouse_worlds/share/warehouse_worlds//models/Depot/materials/textures/BOXSET_Roughness.png\n'}
[24.927322] (-) TimerEvent: {}
[25.000475] (warehouse_worlds) StdoutLine: {'line': b'-- Installing: /root/workspaces/ros2_ws/install/warehouse_worlds/share/warehouse_worlds//models/Depot/materials/textures/ROOF_Emissive.png\n'}
[25.027463] (-) TimerEvent: {}
[25.046303] (warehouse_worlds) StdoutLine: {'line': b'-- Installing: /root/workspaces/ros2_ws/install/warehouse_worlds/share/warehouse_worlds//models/Depot/materials/textures/Forklift_Forklift_BaseColor.png\n'}
[25.127598] (-) TimerEvent: {}
[25.180001] (warehouse_worlds) StdoutLine: {'line': b'-- Installing: /root/workspaces/ros2_ws/install/warehouse_worlds/share/warehouse_worlds//models/Depot/materials/textures/FLOOR_Normal.png\n'}
[25.227740] (-) TimerEvent: {}
[25.270942] (warehouse_worlds) StdoutLine: {'line': b'-- Installing: /root/workspaces/ros2_ws/install/warehouse_worlds/share/warehouse_worlds//models/Depot/materials/textures/WALLS_Roughness.png\n'}
[25.317103] (warehouse_worlds) StdoutLine: {'line': b'-- Installing: /root/workspaces/ros2_ws/install/warehouse_worlds/share/warehouse_worlds//models/Depot/materials/textures/FireAlarm_Roughness.png\n'}
[25.327872] (-) TimerEvent: {}
[25.394172] (warehouse_worlds) StdoutLine: {'line': b'-- Installing: /root/workspaces/ros2_ws/install/warehouse_worlds/share/warehouse_worlds//models/Depot/materials/textures/BOXSET_Metalness.png\n'}
[25.428020] (-) TimerEvent: {}
[25.461700] (warehouse_worlds) StdoutLine: {'line': b'-- Installing: /root/workspaces/ros2_ws/install/warehouse_worlds/share/warehouse_worlds//models/Depot/materials/textures/FANS_Normal.png\n'}
[25.528171] (-) TimerEvent: {}
[25.559105] (warehouse_worlds) StdoutLine: {'line': b'-- Installing: /root/workspaces/ros2_ws/install/warehouse_worlds/share/warehouse_worlds//models/Depot/materials/textures/FireAlarmPole_Roughness.png\n'}
[25.628314] (-) TimerEvent: {}
[25.633470] (warehouse_worlds) StdoutLine: {'line': b'-- Installing: /root/workspaces/ros2_ws/install/warehouse_worlds/share/warehouse_worlds//models/Depot/materials/textures/Crates_Crates_Roughness.png\n'}
[25.710807] (warehouse_worlds) StdoutLine: {'line': b'-- Installing: /root/workspaces/ros2_ws/install/warehouse_worlds/share/warehouse_worlds//models/Depot/materials/textures/Window_WINDOW_BaseColor.png\n'}
[25.728461] (-) TimerEvent: {}
[25.792631] (warehouse_worlds) StdoutLine: {'line': b'-- Installing: /root/workspaces/ros2_ws/install/warehouse_worlds/share/warehouse_worlds//models/Depot/materials/textures/PILLERS_Roughness.png\n'}
[25.828593] (-) TimerEvent: {}
[25.897277] (warehouse_worlds) StdoutLine: {'line': b'-- Installing: /root/workspaces/ros2_ws/install/warehouse_worlds/share/warehouse_worlds//models/Depot/materials/textures/FLOOR_Albedo.png\n'}
[25.928719] (-) TimerEvent: {}
[26.012890] (warehouse_worlds) StdoutLine: {'line': b'-- Installing: /root/workspaces/ros2_ws/install/warehouse_worlds/share/warehouse_worlds//models/Depot/materials/textures/FanBack_FanBack_BaseColor.png\n'}
[26.028850] (-) TimerEvent: {}
[26.081992] (warehouse_worlds) StdoutLine: {'line': b'-- Installing: /root/workspaces/ros2_ws/install/warehouse_worlds/share/warehouse_worlds//models/Depot/materials/textures/ROOF_Albedo.png\n'}
[26.128983] (-) TimerEvent: {}
[26.201973] (warehouse_worlds) StdoutLine: {'line': b'-- Installing: /root/workspaces/ros2_ws/install/warehouse_worlds/share/warehouse_worlds//models/Depot/materials/textures/STAIRS_Albedo.png\n'}
[26.229109] (-) TimerEvent: {}
[26.329455] (-) TimerEvent: {}
[26.339367] (warehouse_worlds) StdoutLine: {'line': b'-- Installing: /root/workspaces/ros2_ws/install/warehouse_worlds/share/warehouse_worlds//models/Depot/materials/textures/INTERCOM_Metalness.png\n'}
[26.385067] (warehouse_worlds) StdoutLine: {'line': b'-- Installing: /root/workspaces/ros2_ws/install/warehouse_worlds/share/warehouse_worlds//models/Depot/materials/textures/Window_WINDOW_Roughness.png\n'}
[26.429602] (-) TimerEvent: {}
[26.463937] (warehouse_worlds) StdoutLine: {'line': b'-- Installing: /root/workspaces/ros2_ws/install/warehouse_worlds/share/warehouse_worlds//models/Depot/materials/textures/Crates_Crates_BaseColor.png\n'}
[26.529750] (-) TimerEvent: {}
[26.579860] (warehouse_worlds) StdoutLine: {'line': b'-- Installing: /root/workspaces/ros2_ws/install/warehouse_worlds/share/warehouse_worlds//models/Depot/materials/textures/Pipes_Metalness.png\n'}
[26.626759] (warehouse_worlds) StdoutLine: {'line': b'-- Installing: /root/workspaces/ros2_ws/install/warehouse_worlds/share/warehouse_worlds//models/Depot/model.config\n'}
[26.629865] (-) TimerEvent: {}
[26.673464] (warehouse_worlds) StdoutLine: {'line': b'-- Installing: /root/workspaces/ros2_ws/install/warehouse_worlds/share/warehouse_worlds//models/Depot/meshes\n'}
[26.695197] (warehouse_worlds) StdoutLine: {'line': b'-- Installing: /root/workspaces/ros2_ws/install/warehouse_worlds/share/warehouse_worlds//models/Depot/meshes/Depot.dae\n'}
[26.729997] (-) TimerEvent: {}
[26.830344] (-) TimerEvent: {}
[26.930734] (-) TimerEvent: {}
[26.956461] (warehouse_worlds) StdoutLine: {'line': b'-- Installing: /root/workspaces/ros2_ws/install/warehouse_worlds/share/warehouse_worlds//models/Depot/meshes/Crates.dae\n'}
[27.030881] (-) TimerEvent: {}
[27.051851] (warehouse_worlds) StdoutLine: {'line': b'-- Installing: /root/workspaces/ros2_ws/install/warehouse_worlds/share/warehouse_worlds//models/Depot/thumbnails\n'}
[27.074651] (warehouse_worlds) StdoutLine: {'line': b'-- Installing: /root/workspaces/ros2_ws/install/warehouse_worlds/share/warehouse_worlds//models/Depot/thumbnails/5.png\n'}
[27.131021] (-) TimerEvent: {}
[27.145984] (warehouse_worlds) StdoutLine: {'line': b'-- Installing: /root/workspaces/ros2_ws/install/warehouse_worlds/share/warehouse_worlds//models/Depot/thumbnails/1.png\n'}
[27.228740] (warehouse_worlds) StdoutLine: {'line': b'-- Installing: /root/workspaces/ros2_ws/install/warehouse_worlds/share/warehouse_worlds//models/Depot/thumbnails/3.png\n'}
[27.231132] (-) TimerEvent: {}
[27.305080] (warehouse_worlds) StdoutLine: {'line': b'-- Installing: /root/workspaces/ros2_ws/install/warehouse_worlds/share/warehouse_worlds//models/Depot/thumbnails/2.png\n'}
[27.331301] (-) TimerEvent: {}
[27.387340] (warehouse_worlds) StdoutLine: {'line': b'-- Installing: /root/workspaces/ros2_ws/install/warehouse_worlds/share/warehouse_worlds//models/Depot/thumbnails/0.png\n'}
[27.431468] (-) TimerEvent: {}
[27.482533] (warehouse_worlds) StdoutLine: {'line': b'-- Installing: /root/workspaces/ros2_ws/install/warehouse_worlds/share/warehouse_worlds//models/Depot/thumbnails/4.png\n'}
[27.531627] (-) TimerEvent: {}
[27.566309] (warehouse_worlds) StdoutLine: {'line': b'-- Installing: /root/workspaces/ros2_ws/install/warehouse_worlds/share/warehouse_worlds//models/shipping_container_short_ariac\n'}
[27.590297] (warehouse_worlds) StdoutLine: {'line': b'-- Installing: /root/workspaces/ros2_ws/install/warehouse_worlds/share/warehouse_worlds//models/shipping_container_short_ariac/model.sdf\n'}
[27.631764] (-) TimerEvent: {}
[27.635205] (warehouse_worlds) StdoutLine: {'line': b'-- Installing: /root/workspaces/ros2_ws/install/warehouse_worlds/share/warehouse_worlds//models/shipping_container_short_ariac/materials\n'}
[27.659858] (warehouse_worlds) StdoutLine: {'line': b'-- Installing: /root/workspaces/ros2_ws/install/warehouse_worlds/share/warehouse_worlds//models/shipping_container_short_ariac/materials/textures\n'}
[27.684159] (warehouse_worlds) StdoutLine: {'line': b'-- Installing: /root/workspaces/ros2_ws/install/warehouse_worlds/share/warehouse_worlds//models/shipping_container_short_ariac/materials/textures/ShippingContainer.png\n'}
[27.726944] (warehouse_worlds) StdoutLine: {'line': b'-- Installing: /root/workspaces/ros2_ws/install/warehouse_worlds/share/warehouse_worlds//models/shipping_container_short_ariac/model.config\n'}
[27.731894] (-) TimerEvent: {}
[27.771561] (warehouse_worlds) StdoutLine: {'line': b'-- Installing: /root/workspaces/ros2_ws/install/warehouse_worlds/share/warehouse_worlds//models/shipping_container_short_ariac/meshes\n'}
[27.794416] (warehouse_worlds) StdoutLine: {'line': b'-- Installing: /root/workspaces/ros2_ws/install/warehouse_worlds/share/warehouse_worlds//models/shipping_container_short_ariac/meshes/ShippingContainer_Textured.mtl\n'}
[27.832018] (-) TimerEvent: {}
[27.839614] (warehouse_worlds) StdoutLine: {'line': b'-- Installing: /root/workspaces/ros2_ws/install/warehouse_worlds/share/warehouse_worlds//models/shipping_container_short_ariac/meshes/ShippingContainer_Textured.obj\n'}
[27.917815] (warehouse_worlds) StdoutLine: {'line': b'-- Installing: /root/workspaces/ros2_ws/install/warehouse_worlds/share/warehouse_worlds//models/part4_ariac\n'}
[27.932148] (-) TimerEvent: {}
[27.939777] (warehouse_worlds) StdoutLine: {'line': b'-- Installing: /root/workspaces/ros2_ws/install/warehouse_worlds/share/warehouse_worlds//models/part4_ariac/model.sdf\n'}
[27.989051] (warehouse_worlds) StdoutLine: {'line': b'-- Installing: /root/workspaces/ros2_ws/install/warehouse_worlds/share/warehouse_worlds//models/part4_ariac/model.config\n'}
[28.032271] (-) TimerEvent: {}
[28.034972] (warehouse_worlds) StdoutLine: {'line': b'-- Installing: /root/workspaces/ros2_ws/install/warehouse_worlds/share/warehouse_worlds//models/kit_tray_ariac\n'}
[28.056017] (warehouse_worlds) StdoutLine: {'line': b'-- Installing: /root/workspaces/ros2_ws/install/warehouse_worlds/share/warehouse_worlds//models/kit_tray_ariac/model.sdf\n'}
[28.100617] (warehouse_worlds) StdoutLine: {'line': b'-- Installing: /root/workspaces/ros2_ws/install/warehouse_worlds/share/warehouse_worlds//models/kit_tray_ariac/model.config\n'}
[28.132403] (-) TimerEvent: {}
[28.145798] (warehouse_worlds) StdoutLine: {'line': b'-- Installing: /root/workspaces/ros2_ws/install/warehouse_worlds/share/warehouse_worlds//models/piston_rod_part_ariac\n'}
[28.167646] (warehouse_worlds) StdoutLine: {'line': b'-- Installing: /root/workspaces/ros2_ws/install/warehouse_worlds/share/warehouse_worlds//models/piston_rod_part_ariac/model.sdf\n'}
[28.213858] (warehouse_worlds) StdoutLine: {'line': b'-- Installing: /root/workspaces/ros2_ws/install/warehouse_worlds/share/warehouse_worlds//models/piston_rod_part_ariac/model.config\n'}
[28.232516] (-) TimerEvent: {}
[28.258356] (warehouse_worlds) StdoutLine: {'line': b'-- Installing: /root/workspaces/ros2_ws/install/warehouse_worlds/share/warehouse_worlds//models/piston_rod_part_ariac/meshes\n'}
[28.281519] (warehouse_worlds) StdoutLine: {'line': b'-- Installing: /root/workspaces/ros2_ws/install/warehouse_worlds/share/warehouse_worlds//models/piston_rod_part_ariac/meshes/piston_rod.dae\n'}
[28.326444] (warehouse_worlds) StdoutLine: {'line': b'-- Installing: /root/workspaces/ros2_ws/install/warehouse_worlds/share/warehouse_worlds//models/closed_box_ariac\n'}
[28.332634] (-) TimerEvent: {}
[28.347064] (warehouse_worlds) StdoutLine: {'line': b'-- Installing: /root/workspaces/ros2_ws/install/warehouse_worlds/share/warehouse_worlds//models/closed_box_ariac/model.sdf\n'}
[28.391009] (warehouse_worlds) StdoutLine: {'line': b'-- Installing: /root/workspaces/ros2_ws/install/warehouse_worlds/share/warehouse_worlds//models/closed_box_ariac/materials\n'}
[28.414244] (warehouse_worlds) StdoutLine: {'line': b'-- Installing: /root/workspaces/ros2_ws/install/warehouse_worlds/share/warehouse_worlds//models/closed_box_ariac/materials/textures\n'}
[28.432757] (-) TimerEvent: {}
[28.438330] (warehouse_worlds) StdoutLine: {'line': b'-- Installing: /root/workspaces/ros2_ws/install/warehouse_worlds/share/warehouse_worlds//models/closed_box_ariac/materials/textures/closed_box.png\n'}
[28.486725] (warehouse_worlds) StdoutLine: {'line': b'-- Installing: /root/workspaces/ros2_ws/install/warehouse_worlds/share/warehouse_worlds//models/closed_box_ariac/model.config\n'}
[28.532916] (-) TimerEvent: {}
[28.533653] (warehouse_worlds) StdoutLine: {'line': b'-- Installing: /root/workspaces/ros2_ws/install/warehouse_worlds/share/warehouse_worlds//models/closed_box_ariac/meshes\n'}
[28.556287] (warehouse_worlds) StdoutLine: {'line': b'-- Installing: /root/workspaces/ros2_ws/install/warehouse_worlds/share/warehouse_worlds//models/closed_box_ariac/meshes/closed_box.mtl\n'}
[28.603460] (warehouse_worlds) StdoutLine: {'line': b'-- Installing: /root/workspaces/ros2_ws/install/warehouse_worlds/share/warehouse_worlds//models/closed_box_ariac/meshes/closed_box.obj\n'}
[28.633063] (-) TimerEvent: {}
[28.651166] (warehouse_worlds) StdoutLine: {'line': b'-- Installing: /root/workspaces/ros2_ws/install/warehouse_worlds/share/warehouse_worlds//models/etgah_logo\n'}
[28.672415] (warehouse_worlds) StdoutLine: {'line': b'-- Installing: /root/workspaces/ros2_ws/install/warehouse_worlds/share/warehouse_worlds//models/etgah_logo/model.sdf\n'}
[28.718519] (warehouse_worlds) StdoutLine: {'line': b'-- Installing: /root/workspaces/ros2_ws/install/warehouse_worlds/share/warehouse_worlds//models/etgah_logo/materials\n'}
[28.733193] (-) TimerEvent: {}
[28.744651] (warehouse_worlds) StdoutLine: {'line': b'-- Installing: /root/workspaces/ros2_ws/install/warehouse_worlds/share/warehouse_worlds//models/etgah_logo/materials/textures\n'}
[28.770541] (warehouse_worlds) StdoutLine: {'line': b'-- Installing: /root/workspaces/ros2_ws/install/warehouse_worlds/share/warehouse_worlds//models/etgah_logo/materials/textures/logo.png\n'}
[28.832532] (warehouse_worlds) StdoutLine: {'line': b'-- Installing: /root/workspaces/ros2_ws/install/warehouse_worlds/share/warehouse_worlds//models/etgah_logo/model.config\n'}
[28.833278] (-) TimerEvent: {}
[28.878330] (warehouse_worlds) StdoutLine: {'line': b'-- Installing: /root/workspaces/ros2_ws/install/warehouse_worlds/share/warehouse_worlds//models/open_box_ariac\n'}
[28.900080] (warehouse_worlds) StdoutLine: {'line': b'-- Installing: /root/workspaces/ros2_ws/install/warehouse_worlds/share/warehouse_worlds//models/open_box_ariac/model.sdf\n'}
[28.933423] (-) TimerEvent: {}
[28.945446] (warehouse_worlds) StdoutLine: {'line': b'-- Installing: /root/workspaces/ros2_ws/install/warehouse_worlds/share/warehouse_worlds//models/open_box_ariac/materials\n'}
[28.970534] (warehouse_worlds) StdoutLine: {'line': b'-- Installing: /root/workspaces/ros2_ws/install/warehouse_worlds/share/warehouse_worlds//models/open_box_ariac/materials/textures\n'}
[28.995629] (warehouse_worlds) StdoutLine: {'line': b'-- Installing: /root/workspaces/ros2_ws/install/warehouse_worlds/share/warehouse_worlds//models/open_box_ariac/materials/textures/open_box.png\n'}
[29.033568] (-) TimerEvent: {}
[29.044121] (warehouse_worlds) StdoutLine: {'line': b'-- Installing: /root/workspaces/ros2_ws/install/warehouse_worlds/share/warehouse_worlds//models/open_box_ariac/model.config\n'}
[29.089104] (warehouse_worlds) StdoutLine: {'line': b'-- Installing: /root/workspaces/ros2_ws/install/warehouse_worlds/share/warehouse_worlds//models/open_box_ariac/meshes\n'}
[29.111987] (warehouse_worlds) StdoutLine: {'line': b'-- Installing: /root/workspaces/ros2_ws/install/warehouse_worlds/share/warehouse_worlds//models/open_box_ariac/meshes/open_box.mtl\n'}
[29.133739] (-) TimerEvent: {}
[29.155512] (warehouse_worlds) StdoutLine: {'line': b'-- Installing: /root/workspaces/ros2_ws/install/warehouse_worlds/share/warehouse_worlds//models/open_box_ariac/meshes/open_box.obj\n'}
[29.216962] (warehouse_worlds) StdoutLine: {'line': b'-- Installing: /root/workspaces/ros2_ws/install/warehouse_worlds/share/warehouse_worlds//models/part3_ariac\n'}
[29.233880] (-) TimerEvent: {}
[29.242123] (warehouse_worlds) StdoutLine: {'line': b'-- Installing: /root/workspaces/ros2_ws/install/warehouse_worlds/share/warehouse_worlds//models/part3_ariac/model.sdf\n'}
[29.286982] (warehouse_worlds) StdoutLine: {'line': b'-- Installing: /root/workspaces/ros2_ws/install/warehouse_worlds/share/warehouse_worlds//models/part3_ariac/model.config\n'}
[29.332078] (warehouse_worlds) StdoutLine: {'line': b'-- Installing: /root/workspaces/ros2_ws/install/warehouse_worlds/share/warehouse_worlds//models/arm_part_ariac\n'}
[29.333984] (-) TimerEvent: {}
[29.355289] (warehouse_worlds) StdoutLine: {'line': b'-- Installing: /root/workspaces/ros2_ws/install/warehouse_worlds/share/warehouse_worlds//models/arm_part_ariac/model.sdf\n'}
[29.404500] (warehouse_worlds) StdoutLine: {'line': b'-- Installing: /root/workspaces/ros2_ws/install/warehouse_worlds/share/warehouse_worlds//models/arm_part_ariac/materials\n'}
[29.428631] (warehouse_worlds) StdoutLine: {'line': b'-- Installing: /root/workspaces/ros2_ws/install/warehouse_worlds/share/warehouse_worlds//models/arm_part_ariac/materials/scripts\n'}
[29.434106] (-) TimerEvent: {}
[29.457521] (warehouse_worlds) StdoutLine: {'line': b'-- Installing: /root/workspaces/ros2_ws/install/warehouse_worlds/share/warehouse_worlds//models/arm_part_ariac/materials/scripts/arm_part.material\n'}
[29.504017] (warehouse_worlds) StdoutLine: {'line': b'-- Installing: /root/workspaces/ros2_ws/install/warehouse_worlds/share/warehouse_worlds//models/arm_part_ariac/materials/textures\n'}
[29.527731] (warehouse_worlds) StdoutLine: {'line': b'-- Installing: /root/workspaces/ros2_ws/install/warehouse_worlds/share/warehouse_worlds//models/arm_part_ariac/materials/textures/parts.png\n'}
[29.534213] (-) TimerEvent: {}
[29.601271] (warehouse_worlds) StdoutLine: {'line': b'-- Installing: /root/workspaces/ros2_ws/install/warehouse_worlds/share/warehouse_worlds//models/arm_part_ariac/model.config\n'}
[29.634358] (-) TimerEvent: {}
[29.647325] (warehouse_worlds) StdoutLine: {'line': b'-- Installing: /root/workspaces/ros2_ws/install/warehouse_worlds/share/warehouse_worlds//models/arm_part_ariac/meshes\n'}
[29.671731] (warehouse_worlds) StdoutLine: {'line': b'-- Installing: /root/workspaces/ros2_ws/install/warehouse_worlds/share/warehouse_worlds//models/arm_part_ariac/meshes/arm.dae\n'}
[29.718880] (warehouse_worlds) StdoutLine: {'line': b'-- Installing: /root/workspaces/ros2_ws/install/warehouse_worlds/share/warehouse_worlds//models/shipping_container_ariac\n'}
[29.734478] (-) TimerEvent: {}
[29.741360] (warehouse_worlds) StdoutLine: {'line': b'-- Installing: /root/workspaces/ros2_ws/install/warehouse_worlds/share/warehouse_worlds//models/shipping_container_ariac/model.sdf\n'}
[29.788242] (warehouse_worlds) StdoutLine: {'line': b'-- Installing: /root/workspaces/ros2_ws/install/warehouse_worlds/share/warehouse_worlds//models/shipping_container_ariac/materials\n'}
[29.812428] (warehouse_worlds) StdoutLine: {'line': b'-- Installing: /root/workspaces/ros2_ws/install/warehouse_worlds/share/warehouse_worlds//models/shipping_container_ariac/materials/textures\n'}
[29.834613] (-) TimerEvent: {}
[29.838133] (warehouse_worlds) StdoutLine: {'line': b'-- Installing: /root/workspaces/ros2_ws/install/warehouse_worlds/share/warehouse_worlds//models/shipping_container_ariac/materials/textures/ShippingContainer.png\n'}
[29.882466] (warehouse_worlds) StdoutLine: {'line': b'-- Installing: /root/workspaces/ros2_ws/install/warehouse_worlds/share/warehouse_worlds//models/shipping_container_ariac/model.config\n'}
[29.929140] (warehouse_worlds) StdoutLine: {'line': b'-- Installing: /root/workspaces/ros2_ws/install/warehouse_worlds/share/warehouse_worlds//models/shipping_container_ariac/meshes\n'}
[29.934744] (-) TimerEvent: {}
[29.952813] (warehouse_worlds) StdoutLine: {'line': b'-- Installing: /root/workspaces/ros2_ws/install/warehouse_worlds/share/warehouse_worlds//models/shipping_container_ariac/meshes/ShippingContainer_Textured.mtl\n'}
[30.001106] (warehouse_worlds) StdoutLine: {'line': b'-- Installing: /root/workspaces/ros2_ws/install/warehouse_worlds/share/warehouse_worlds//models/shipping_container_ariac/meshes/ShippingContainer_Textured.obj\n'}
[30.034889] (-) TimerEvent: {}
[30.076700] (warehouse_worlds) StdoutLine: {'line': b'-- Installing: /root/workspaces/ros2_ws/install/warehouse_worlds/share/warehouse_worlds//models/workcell\n'}
[30.099288] (warehouse_worlds) StdoutLine: {'line': b'-- Installing: /root/workspaces/ros2_ws/install/warehouse_worlds/share/warehouse_worlds//models/workcell/model.sdf\n'}
[30.135041] (-) TimerEvent: {}
[30.142989] (warehouse_worlds) StdoutLine: {'line': b'-- Installing: /root/workspaces/ros2_ws/install/warehouse_worlds/share/warehouse_worlds//models/workcell/materials\n'}
[30.168983] (warehouse_worlds) StdoutLine: {'line': b'-- Installing: /root/workspaces/ros2_ws/install/warehouse_worlds/share/warehouse_worlds//models/workcell/materials/textures\n'}
[30.194291] (warehouse_worlds) StdoutLine: {'line': b'-- Installing: /root/workspaces/ros2_ws/install/warehouse_worlds/share/warehouse_worlds//models/workcell/materials/textures/Mesh.png\n'}
[30.235170] (-) TimerEvent: {}
[30.242423] (warehouse_worlds) StdoutLine: {'line': b'-- Installing: /root/workspaces/ros2_ws/install/warehouse_worlds/share/warehouse_worlds//models/workcell/materials/textures/Conveyor.png\n'}
[30.307566] (warehouse_worlds) StdoutLine: {'line': b'-- Installing: /root/workspaces/ros2_ws/install/warehouse_worlds/share/warehouse_worlds//models/workcell/materials/textures/ControlPanel.png\n'}
[30.335323] (-) TimerEvent: {}
[30.372892] (warehouse_worlds) StdoutLine: {'line': b'-- Installing: /root/workspaces/ros2_ws/install/warehouse_worlds/share/warehouse_worlds//models/workcell/materials/textures/Bin.png\n'}
[30.435467] (-) TimerEvent: {}
[30.440512] (warehouse_worlds) StdoutLine: {'line': b'-- Installing: /root/workspaces/ros2_ws/install/warehouse_worlds/share/warehouse_worlds//models/workcell/materials/textures/Wall_Corrugated.png\n'}
[30.496417] (warehouse_worlds) StdoutLine: {'line': b'-- Installing: /root/workspaces/ros2_ws/install/warehouse_worlds/share/warehouse_worlds//models/workcell/materials/textures/CardboardBoxes.png\n'}
[30.535600] (-) TimerEvent: {}
[30.560072] (warehouse_worlds) StdoutLine: {'line': b'-- Installing: /root/workspaces/ros2_ws/install/warehouse_worlds/share/warehouse_worlds//models/workcell/materials/textures/Door_Window.png\n'}
[30.627196] (warehouse_worlds) StdoutLine: {'line': b'-- Installing: /root/workspaces/ros2_ws/install/warehouse_worlds/share/warehouse_worlds//models/workcell/materials/textures/Plywood.png\n'}
[30.635731] (-) TimerEvent: {}
[30.688399] (warehouse_worlds) StdoutLine: {'line': b'-- Installing: /root/workspaces/ros2_ws/install/warehouse_worlds/share/warehouse_worlds//models/workcell/materials/textures/Stairs.png\n'}
[30.735867] (-) TimerEvent: {}
[30.758402] (warehouse_worlds) StdoutLine: {'line': b'-- Installing: /root/workspaces/ros2_ws/install/warehouse_worlds/share/warehouse_worlds//models/workcell/materials/textures/RollupDoor.png\n'}
[30.836018] (-) TimerEvent: {}
[30.844785] (warehouse_worlds) StdoutLine: {'line': b'-- Installing: /root/workspaces/ros2_ws/install/warehouse_worlds/share/warehouse_worlds//models/workcell/materials/textures/Floor.png\n'}
[30.907762] (warehouse_worlds) StdoutLine: {'line': b'-- Installing: /root/workspaces/ros2_ws/install/warehouse_worlds/share/warehouse_worlds//models/workcell/materials/textures/Pallet.png\n'}
[30.936150] (-) TimerEvent: {}
[30.979646] (warehouse_worlds) StdoutLine: {'line': b'-- Installing: /root/workspaces/ros2_ws/install/warehouse_worlds/share/warehouse_worlds//models/workcell/materials/textures/WorkCell_Render.png\n'}
[31.036306] (-) TimerEvent: {}
[31.085733] (warehouse_worlds) StdoutLine: {'line': b'-- Installing: /root/workspaces/ros2_ws/install/warehouse_worlds/share/warehouse_worlds//models/workcell/materials/textures/Wall_Concrete.png\n'}
[31.136457] (-) TimerEvent: {}
[31.144360] (warehouse_worlds) StdoutLine: {'line': b'-- Installing: /root/workspaces/ros2_ws/install/warehouse_worlds/share/warehouse_worlds//models/workcell/materials/textures/Shelves.png\n'}
[31.209695] (warehouse_worlds) StdoutLine: {'line': b'-- Installing: /root/workspaces/ros2_ws/install/warehouse_worlds/share/warehouse_worlds//models/workcell/materials/textures/Pillar.png\n'}
[31.236609] (-) TimerEvent: {}
[31.306653] (warehouse_worlds) StdoutLine: {'line': b'-- Installing: /root/workspaces/ros2_ws/install/warehouse_worlds/share/warehouse_worlds//models/workcell/materials/textures/RubberMat.png\n'}
[31.336739] (-) TimerEvent: {}
[31.370892] (warehouse_worlds) StdoutLine: {'line': b'-- Installing: /root/workspaces/ros2_ws/install/warehouse_worlds/share/warehouse_worlds//models/workcell/materials/textures/Yellow.png\n'}
[31.421062] (warehouse_worlds) StdoutLine: {'line': b'-- Installing: /root/workspaces/ros2_ws/install/warehouse_worlds/share/warehouse_worlds//models/workcell/materials/textures/PalletWrap.png\n'}
[31.436859] (-) TimerEvent: {}
[31.486507] (warehouse_worlds) StdoutLine: {'line': b'-- Installing: /root/workspaces/ros2_ws/install/warehouse_worlds/share/warehouse_worlds//models/workcell/model.config\n'}
[31.528966] (warehouse_worlds) StdoutLine: {'line': b'-- Installing: /root/workspaces/ros2_ws/install/warehouse_worlds/share/warehouse_worlds//models/workcell/meshes\n'}
[31.536962] (-) TimerEvent: {}
[31.550214] (warehouse_worlds) StdoutLine: {'line': b'-- Installing: /root/workspaces/ros2_ws/install/warehouse_worlds/share/warehouse_worlds//models/workcell/meshes/mesh.dae\n'}
[31.637098] (-) TimerEvent: {}
[31.647194] (warehouse_worlds) StdoutLine: {'line': b'-- Installing: /root/workspaces/ros2_ws/install/warehouse_worlds/share/warehouse_worlds//models/shipping_container_conveyor_tall_ariac\n'}
[31.667734] (warehouse_worlds) StdoutLine: {'line': b'-- Installing: /root/workspaces/ros2_ws/install/warehouse_worlds/share/warehouse_worlds//models/shipping_container_conveyor_tall_ariac/model.sdf\n'}
[31.714791] (warehouse_worlds) StdoutLine: {'line': b'-- Installing: /root/workspaces/ros2_ws/install/warehouse_worlds/share/warehouse_worlds//models/shipping_container_conveyor_tall_ariac/materials\n'}
[31.737203] (-) TimerEvent: {}
[31.738205] (warehouse_worlds) StdoutLine: {'line': b'-- Installing: /root/workspaces/ros2_ws/install/warehouse_worlds/share/warehouse_worlds//models/shipping_container_conveyor_tall_ariac/materials/textures\n'}
[31.762985] (warehouse_worlds) StdoutLine: {'line': b'-- Installing: /root/workspaces/ros2_ws/install/warehouse_worlds/share/warehouse_worlds//models/shipping_container_conveyor_tall_ariac/materials/textures/ShippingContainer.png\n'}
[31.806330] (warehouse_worlds) StdoutLine: {'line': b'-- Installing: /root/workspaces/ros2_ws/install/warehouse_worlds/share/warehouse_worlds//models/shipping_container_conveyor_tall_ariac/model.config\n'}
[31.837334] (-) TimerEvent: {}
[31.848712] (warehouse_worlds) StdoutLine: {'line': b'-- Installing: /root/workspaces/ros2_ws/install/warehouse_worlds/share/warehouse_worlds//models/shipping_container_conveyor_tall_ariac/meshes\n'}
[31.871546] (warehouse_worlds) StdoutLine: {'line': b'-- Installing: /root/workspaces/ros2_ws/install/warehouse_worlds/share/warehouse_worlds//models/shipping_container_conveyor_tall_ariac/meshes/ShippingContainer_Textured.mtl\n'}
[31.914674] (warehouse_worlds) StdoutLine: {'line': b'-- Installing: /root/workspaces/ros2_ws/install/warehouse_worlds/share/warehouse_worlds//models/shipping_container_conveyor_tall_ariac/meshes/ShippingContainer_Textured.obj\n'}
[31.937465] (-) TimerEvent: {}
[31.991015] (warehouse_worlds) StdoutLine: {'line': b'-- Installing: /root/workspaces/ros2_ws/install/warehouse_worlds/share/warehouse_worlds//models/yellow_bin_ariac\n'}
[32.014212] (warehouse_worlds) StdoutLine: {'line': b'-- Installing: /root/workspaces/ros2_ws/install/warehouse_worlds/share/warehouse_worlds//models/yellow_bin_ariac/model.sdf\n'}
[32.037581] (-) TimerEvent: {}
[32.058437] (warehouse_worlds) StdoutLine: {'line': b'-- Installing: /root/workspaces/ros2_ws/install/warehouse_worlds/share/warehouse_worlds//models/yellow_bin_ariac/materials\n'}
[32.084686] (warehouse_worlds) StdoutLine: {'line': b'-- Installing: /root/workspaces/ros2_ws/install/warehouse_worlds/share/warehouse_worlds//models/yellow_bin_ariac/materials/textures\n'}
[32.111003] (warehouse_worlds) StdoutLine: {'line': b'-- Installing: /root/workspaces/ros2_ws/install/warehouse_worlds/share/warehouse_worlds//models/yellow_bin_ariac/materials/textures/yellow_bin.png\n'}
[32.137702] (-) TimerEvent: {}
[32.161639] (warehouse_worlds) StdoutLine: {'line': b'-- Installing: /root/workspaces/ros2_ws/install/warehouse_worlds/share/warehouse_worlds//models/yellow_bin_ariac/model.config\n'}
[32.207329] (warehouse_worlds) StdoutLine: {'line': b'-- Installing: /root/workspaces/ros2_ws/install/warehouse_worlds/share/warehouse_worlds//models/yellow_bin_ariac/meshes\n'}
[32.229674] (warehouse_worlds) StdoutLine: {'line': b'-- Installing: /root/workspaces/ros2_ws/install/warehouse_worlds/share/warehouse_worlds//models/yellow_bin_ariac/meshes/yellow_bin.obj\n'}
[32.237803] (-) TimerEvent: {}
[32.274382] (warehouse_worlds) StdoutLine: {'line': b'-- Installing: /root/workspaces/ros2_ws/install/warehouse_worlds/share/warehouse_worlds//models/yellow_bin_ariac/meshes/yellow_bin.mtl\n'}
[32.320433] (warehouse_worlds) StdoutLine: {'line': b'-- Installing: /root/workspaces/ros2_ws/install/warehouse_worlds/share/warehouse_worlds//models/workcell_bin\n'}
[32.338053] (-) TimerEvent: {}
[32.345329] (warehouse_worlds) StdoutLine: {'line': b'-- Installing: /root/workspaces/ros2_ws/install/warehouse_worlds/share/warehouse_worlds//models/workcell_bin/model.sdf\n'}
[32.388960] (warehouse_worlds) StdoutLine: {'line': b'-- Installing: /root/workspaces/ros2_ws/install/warehouse_worlds/share/warehouse_worlds//models/workcell_bin/materials\n'}
[32.416119] (warehouse_worlds) StdoutLine: {'line': b'-- Installing: /root/workspaces/ros2_ws/install/warehouse_worlds/share/warehouse_worlds//models/workcell_bin/materials/textures\n'}
[32.438185] (-) TimerEvent: {}
[32.441569] (warehouse_worlds) StdoutLine: {'line': b'-- Installing: /root/workspaces/ros2_ws/install/warehouse_worlds/share/warehouse_worlds//models/workcell_bin/materials/textures/bin.png\n'}
[32.521486] (warehouse_worlds) StdoutLine: {'line': b'-- Installing: /root/workspaces/ros2_ws/install/warehouse_worlds/share/warehouse_worlds//models/workcell_bin/model.config\n'}
[32.538340] (-) TimerEvent: {}
[32.572893] (warehouse_worlds) StdoutLine: {'line': b'-- Installing: /root/workspaces/ros2_ws/install/warehouse_worlds/share/warehouse_worlds//models/workcell_bin/meshes\n'}
[32.597348] (warehouse_worlds) StdoutLine: {'line': b'-- Installing: /root/workspaces/ros2_ws/install/warehouse_worlds/share/warehouse_worlds//models/workcell_bin/meshes/bin.dae\n'}
[32.638480] (-) TimerEvent: {}
[32.665451] (warehouse_worlds) StdoutLine: {'line': b'-- Installing: /root/workspaces/ros2_ws/install/warehouse_worlds/share/warehouse_worlds//models/shipping_container_conveyor_ariac\n'}
[32.688800] (warehouse_worlds) StdoutLine: {'line': b'-- Installing: /root/workspaces/ros2_ws/install/warehouse_worlds/share/warehouse_worlds//models/shipping_container_conveyor_ariac/model.sdf\n'}
[32.733696] (warehouse_worlds) StdoutLine: {'line': b'-- Installing: /root/workspaces/ros2_ws/install/warehouse_worlds/share/warehouse_worlds//models/shipping_container_conveyor_ariac/materials\n'}
[32.738581] (-) TimerEvent: {}
[32.758649] (warehouse_worlds) StdoutLine: {'line': b'-- Installing: /root/workspaces/ros2_ws/install/warehouse_worlds/share/warehouse_worlds//models/shipping_container_conveyor_ariac/materials/textures\n'}
[32.784197] (warehouse_worlds) StdoutLine: {'line': b'-- Installing: /root/workspaces/ros2_ws/install/warehouse_worlds/share/warehouse_worlds//models/shipping_container_conveyor_ariac/materials/textures/ShippingContainer.png\n'}
[32.838725] (-) TimerEvent: {}
[32.840263] (warehouse_worlds) StdoutLine: {'line': b'-- Installing: /root/workspaces/ros2_ws/install/warehouse_worlds/share/warehouse_worlds//models/shipping_container_conveyor_ariac/model.config\n'}
[32.889865] (warehouse_worlds) StdoutLine: {'line': b'-- Installing: /root/workspaces/ros2_ws/install/warehouse_worlds/share/warehouse_worlds//models/shipping_container_conveyor_ariac/meshes\n'}
[32.914626] (warehouse_worlds) StdoutLine: {'line': b'-- Installing: /root/workspaces/ros2_ws/install/warehouse_worlds/share/warehouse_worlds//models/shipping_container_conveyor_ariac/meshes/ShippingContainer_Textured.mtl\n'}
[32.938864] (-) TimerEvent: {}
[32.962614] (warehouse_worlds) StdoutLine: {'line': b'-- Installing: /root/workspaces/ros2_ws/install/warehouse_worlds/share/warehouse_worlds//models/shipping_container_conveyor_ariac/meshes/ShippingContainer_Textured.obj\n'}
[33.038980] (-) TimerEvent: {}
[33.043570] (warehouse_worlds) StdoutLine: {'line': b'-- Installing: /root/workspaces/ros2_ws/install/warehouse_worlds/share/warehouse_worlds//models/warehouse_robot_ariac\n'}
[33.074685] (warehouse_worlds) StdoutLine: {'line': b'-- Installing: /root/workspaces/ros2_ws/install/warehouse_worlds/share/warehouse_worlds//models/warehouse_robot_ariac/model.sdf\n'}
[33.120979] (warehouse_worlds) StdoutLine: {'line': b'-- Installing: /root/workspaces/ros2_ws/install/warehouse_worlds/share/warehouse_worlds//models/warehouse_robot_ariac/materials\n'}
[33.139123] (-) TimerEvent: {}
[33.145184] (warehouse_worlds) StdoutLine: {'line': b'-- Installing: /root/workspaces/ros2_ws/install/warehouse_worlds/share/warehouse_worlds//models/warehouse_robot_ariac/materials/textures\n'}
[33.172039] (warehouse_worlds) StdoutLine: {'line': b'-- Installing: /root/workspaces/ros2_ws/install/warehouse_worlds/share/warehouse_worlds//models/warehouse_robot_ariac/materials/textures/robot.png\n'}
[33.239272] (-) TimerEvent: {}
[33.246941] (warehouse_worlds) StdoutLine: {'line': b'-- Installing: /root/workspaces/ros2_ws/install/warehouse_worlds/share/warehouse_worlds//models/warehouse_robot_ariac/model.config\n'}
[33.292093] (warehouse_worlds) StdoutLine: {'line': b'-- Installing: /root/workspaces/ros2_ws/install/warehouse_worlds/share/warehouse_worlds//models/warehouse_robot_ariac/meshes\n'}
[33.320514] (warehouse_worlds) StdoutLine: {'line': b'-- Installing: /root/workspaces/ros2_ws/install/warehouse_worlds/share/warehouse_worlds//models/warehouse_robot_ariac/meshes/robot.dae\n'}
[33.339383] (-) TimerEvent: {}
[33.366498] (warehouse_worlds) StdoutLine: {'line': b'-- Installing: /root/workspaces/ros2_ws/install/warehouse_worlds/share/warehouse_worlds//models/part1_ariac\n'}
[33.386796] (warehouse_worlds) StdoutLine: {'line': b'-- Installing: /root/workspaces/ros2_ws/install/warehouse_worlds/share/warehouse_worlds//models/part1_ariac/model.sdf\n'}
[33.433675] (warehouse_worlds) StdoutLine: {'line': b'-- Installing: /root/workspaces/ros2_ws/install/warehouse_worlds/share/warehouse_worlds//models/part1_ariac/model.config\n'}
[33.439468] (-) TimerEvent: {}
[33.510235] (warehouse_worlds) StdoutLine: {'line': b'-- Installing: /root/workspaces/ros2_ws/install/warehouse_worlds/share/ament_index/resource_index/package_run_dependencies/warehouse_worlds\n'}
[33.539624] (-) TimerEvent: {}
[33.573031] (warehouse_worlds) StdoutLine: {'line': b'-- Installing: /root/workspaces/ros2_ws/install/warehouse_worlds/share/ament_index/resource_index/parent_prefix_path/warehouse_worlds\n'}
[33.632192] (warehouse_worlds) StdoutLine: {'line': b'-- Installing: /root/workspaces/ros2_ws/install/warehouse_worlds/share/warehouse_worlds/environment/ament_prefix_path.sh\n'}
[33.639721] (-) TimerEvent: {}
[33.678972] (warehouse_worlds) StdoutLine: {'line': b'-- Installing: /root/workspaces/ros2_ws/install/warehouse_worlds/share/warehouse_worlds/environment/ament_prefix_path.dsv\n'}
[33.726851] (warehouse_worlds) StdoutLine: {'line': b'-- Installing: /root/workspaces/ros2_ws/install/warehouse_worlds/share/warehouse_worlds/environment/path.sh\n'}
[33.739843] (-) TimerEvent: {}
[33.773613] (warehouse_worlds) StdoutLine: {'line': b'-- Installing: /root/workspaces/ros2_ws/install/warehouse_worlds/share/warehouse_worlds/environment/path.dsv\n'}
[33.823272] (warehouse_worlds) StdoutLine: {'line': b'-- Installing: /root/workspaces/ros2_ws/install/warehouse_worlds/share/warehouse_worlds/local_setup.bash\n'}
[33.839960] (-) TimerEvent: {}
[33.875183] (warehouse_worlds) StdoutLine: {'line': b'-- Installing: /root/workspaces/ros2_ws/install/warehouse_worlds/share/warehouse_worlds/local_setup.sh\n'}
[33.927133] (warehouse_worlds) StdoutLine: {'line': b'-- Installing: /root/workspaces/ros2_ws/install/warehouse_worlds/share/warehouse_worlds/local_setup.zsh\n'}
[33.940091] (-) TimerEvent: {}
[33.979268] (warehouse_worlds) StdoutLine: {'line': b'-- Installing: /root/workspaces/ros2_ws/install/warehouse_worlds/share/warehouse_worlds/local_setup.dsv\n'}
[34.028792] (warehouse_worlds) StdoutLine: {'line': b'-- Installing: /root/workspaces/ros2_ws/install/warehouse_worlds/share/warehouse_worlds/package.dsv\n'}
[34.040208] (-) TimerEvent: {}
[34.093863] (warehouse_worlds) StdoutLine: {'line': b'-- Installing: /root/workspaces/ros2_ws/install/warehouse_worlds/share/ament_index/resource_index/packages/warehouse_worlds\n'}
[34.140326] (-) TimerEvent: {}
[34.152544] (warehouse_worlds) StdoutLine: {'line': b'-- Installing: /root/workspaces/ros2_ws/install/warehouse_worlds/share/warehouse_worlds/cmake/warehouse_worldsConfig.cmake\n'}
[34.207355] (warehouse_worlds) StdoutLine: {'line': b'-- Installing: /root/workspaces/ros2_ws/install/warehouse_worlds/share/warehouse_worlds/cmake/warehouse_worldsConfig-version.cmake\n'}
[34.240465] (-) TimerEvent: {}
[34.259423] (warehouse_worlds) StdoutLine: {'line': b'-- Installing: /root/workspaces/ros2_ws/install/warehouse_worlds/share/warehouse_worlds/package.xml\n'}
[34.317608] (warehouse_worlds) CommandEnded: {'returncode': 0}
[34.340568] (-) TimerEvent: {}
[34.440824] (-) TimerEvent: {}
[34.541140] (-) TimerEvent: {}
[34.641486] (-) TimerEvent: {}
[34.741779] (-) TimerEvent: {}
[34.842023] (-) TimerEvent: {}
[34.942304] (-) TimerEvent: {}
[35.042599] (-) TimerEvent: {}
[35.142849] (-) TimerEvent: {}
[35.219042] (warehouse_worlds) JobEnded: {'identifier': 'warehouse_worlds', 'rc': 0}
[35.244598] (-) TimerEvent: {}
[35.344865] (-) TimerEvent: {}
[35.445204] (-) TimerEvent: {}
[35.545569] (-) TimerEvent: {}
[35.645934] (-) TimerEvent: {}
[35.746287] (-) TimerEvent: {}
[35.846651] (-) TimerEvent: {}
[35.947017] (-) TimerEvent: {}
[36.047406] (-) TimerEvent: {}
[36.147800] (-) TimerEvent: {}
[36.248175] (-) TimerEvent: {}
[36.348671] (-) TimerEvent: {}
[36.449029] (-) TimerEvent: {}
[36.549396] (-) TimerEvent: {}
[36.649746] (-) TimerEvent: {}
[36.750087] (-) TimerEvent: {}
[36.850417] (-) TimerEvent: {}
[36.950743] (-) TimerEvent: {}
[37.051204] (-) TimerEvent: {}
[37.151566] (-) TimerEvent: {}
[37.251890] (-) TimerEvent: {}
[37.352391] (-) TimerEvent: {}
[37.452763] (-) TimerEvent: {}
[37.553255] (-) TimerEvent: {}
[37.653780] (-) TimerEvent: {}
[37.742647] (ffw_swerve_drive_controller) StdoutLine: {'line': b'[100%] \x1b[32m\x1b[1mLinking CXX shared library libffw_swerve_drive_controller.so\x1b[0m\n'}
[37.753902] (-) TimerEvent: {}
[37.854226] (-) TimerEvent: {}
[37.954562] (-) TimerEvent: {}
[38.054948] (-) TimerEvent: {}
[38.155256] (-) TimerEvent: {}
[38.255604] (-) TimerEvent: {}
[38.355964] (-) TimerEvent: {}
[38.456282] (-) TimerEvent: {}
[38.556588] (-) TimerEvent: {}
[38.656914] (-) TimerEvent: {}
[38.757220] (-) TimerEvent: {}
[38.857552] (-) TimerEvent: {}
[38.957930] (-) TimerEvent: {}
[39.058276] (-) TimerEvent: {}
[39.158576] (-) TimerEvent: {}
[39.258899] (-) TimerEvent: {}
[39.359221] (-) TimerEvent: {}
[39.459562] (-) TimerEvent: {}
[39.560143] (-) TimerEvent: {}
[39.660455] (-) TimerEvent: {}
[39.760754] (-) TimerEvent: {}
[39.861062] (-) TimerEvent: {}
[39.961477] (-) TimerEvent: {}
[40.061793] (-) TimerEvent: {}
[40.162078] (-) TimerEvent: {}
[40.262387] (-) TimerEvent: {}
[40.362690] (-) TimerEvent: {}
[40.463014] (-) TimerEvent: {}
[40.563327] (-) TimerEvent: {}
[40.663665] (-) TimerEvent: {}
[40.763977] (-) TimerEvent: {}
[40.864285] (-) TimerEvent: {}
[40.964606] (-) TimerEvent: {}
[41.064927] (-) TimerEvent: {}
[41.165238] (-) TimerEvent: {}
[41.265539] (-) TimerEvent: {}
[41.365848] (-) TimerEvent: {}
[41.466156] (-) TimerEvent: {}
[41.566483] (-) TimerEvent: {}
[41.666827] (-) TimerEvent: {}
[41.767148] (-) TimerEvent: {}
[41.867470] (-) TimerEvent: {}
[41.967758] (-) TimerEvent: {}
[42.068028] (-) TimerEvent: {}
[42.168312] (-) TimerEvent: {}
[42.268595] (-) TimerEvent: {}
[42.368881] (-) TimerEvent: {}
[42.459658] (ffw_swerve_drive_controller) StdoutLine: {'line': b'[100%] Built target ffw_swerve_drive_controller\n'}
[42.468991] (-) TimerEvent: {}
[42.530270] (ffw_swerve_drive_controller) CommandEnded: {'returncode': 0}
[42.538203] (ffw_swerve_drive_controller) JobProgress: {'identifier': 'ffw_swerve_drive_controller', 'progress': 'install'}
[42.541031] (ffw_swerve_drive_controller) Command: {'cmd': ['/usr/bin/cmake', '--install', '/root/workspaces/ros2_ws/build/ffw_swerve_drive_controller'], 'cwd': '/root/workspaces/ros2_ws/build/ffw_swerve_drive_controller', 'env': OrderedDict({'LESSOPEN': '| /usr/bin/lesspipe %s', 'ACTIVE_WS_PATH': '/root/workspaces/turtlebot_ws', 'GZ_SIM_RESOURCE_PATH': '/opt/ros/jazzy/share', 'SUPERVISOR_GROUP_NAME': 'ttyd', 'GZ_CONFIG_PATH': '/opt/ros/jazzy/opt/gz_sim_vendor/share/gz:/opt/ros/jazzy/opt/sdformat_vendor/share/gz:/opt/ros/jazzy/opt/gz_gui_vendor/share/gz:/opt/ros/jazzy/opt/gz_transport_vendor/share/gz:/opt/ros/jazzy/opt/gz_rendering_vendor/share/gz:/opt/ros/jazzy/opt/gz_plugin_vendor/share/gz:/opt/ros/jazzy/opt/gz_fuel_tools_vendor/share/gz:/opt/ros/jazzy/opt/gz_msgs_vendor/share/gz:/opt/ros/jazzy/opt/gz_common_vendor/share/gz', 'HOSTNAME': 'ip-172-31-30-45.eu-central-1.compute.internal', 'SHLVL': '1', 'LD_LIBRARY_PATH': '/opt/ros/jazzy/opt/gz_sim_vendor/lib:/opt/ros/jazzy/opt/gz_sensors_vendor/lib:/opt/ros/jazzy/opt/gz_physics_vendor/lib:/opt/ros/jazzy/opt/sdformat_vendor/lib:/opt/ros/jazzy/opt/rviz_ogre_vendor/lib:/opt/ros/jazzy/lib/x86_64-linux-gnu:/opt/ros/jazzy/opt/gz_gui_vendor/lib:/opt/ros/jazzy/opt/gz_transport_vendor/lib:/opt/ros/jazzy/opt/gz_rendering_vendor/lib:/opt/ros/jazzy/opt/gz_plugin_vendor/lib:/opt/ros/jazzy/opt/gz_fuel_tools_vendor/lib:/opt/ros/jazzy/opt/gz_msgs_vendor/lib:/opt/ros/jazzy/opt/gz_common_vendor/lib:/opt/ros/jazzy/opt/gz_math_vendor/lib:/opt/ros/jazzy/opt/gz_utils_vendor/lib:/opt/ros/jazzy/opt/gz_tools_vendor/lib:/opt/ros/jazzy/opt/gz_ogre_next_vendor/lib:/opt/ros/jazzy/opt/gz_dartsim_vendor/lib:/opt/ros/jazzy/opt/gz_cmake_vendor/lib:/opt/ros/jazzy/lib', 'HOME': '/root', 'EFS_PATH': '/workspaces/113baa83-0a52-42aa-9f6b-d5b552759739', 'OLDPWD': '/root/workspaces/ros2_ws/src', 'ROS_PYTHON_VERSION': '3', 'AWS_CONTAINER_CREDENTIALS_RELATIVE_URI': '/v2/credentials/a1e09ffa-983f-471c-8ec0-b8e714b0031e', 'AWS_EXECUTION_ENV': 'AWS_ECS_FARGATE', 'COLCON_PREFIX_PATH': '/root/workspaces/turtlebot_ws/install', 'ECS_AGENT_URI': 'http://169.254.170.2/api/07ce5f5e937f436fbcd52f6e51abfffa-1842134484', 'ROS_DISTRO': 'jazzy', 'AWS_DEFAULT_REGION': 'eu-central-1', '_': '/usr/bin/colcon', 'ROS_VERSION': '2', 'ECS_CONTAINER_METADATA_URI_V4': 'http://169.254.170.2/v4/07ce5f5e937f436fbcd52f6e51abfffa-1842134484', 'TERM': 'xterm-256color', 'ECS_CONTAINER_METADATA_URI': 'http://169.254.170.2/v3/07ce5f5e937f436fbcd52f6e51abfffa-1842134484', 'SESSION_UUID': '113baa83-0a52-42aa-9f6b-d5b552759739', 'PATH': '/opt/ros/jazzy/opt/gz_msgs_vendor/bin:/opt/ros/jazzy/opt/gz_tools_vendor/bin:/opt/ros/jazzy/opt/gz_ogre_next_vendor/bin:/opt/ros/jazzy/bin:/usr/local/sbin:/usr/local/bin:/usr/sbin:/usr/bin:/sbin:/bin', 'XDG_RUNTIME_DIR': '/tmp/runtime-root', 'DISPLAY': ':1', 'LANG': 'en_US.UTF-8', 'LS_COLORS': 'rs=0:di=01;34:ln=01;36:mh=00:pi=40;33:so=01;35:do=01;35:bd=40;33;01:cd=40;33;01:or=40;31;01:mi=00:su=37;41:sg=30;43:ca=00:tw=30;42:ow=34;42:st=37;44:ex=01;32:*.tar=01;31:*.tgz=01;31:*.arc=01;31:*.arj=01;31:*.taz=01;31:*.lha=01;31:*.lz4=01;31:*.lzh=01;31:*.lzma=01;31:*.tlz=01;31:*.txz=01;31:*.tzo=01;31:*.t7z=01;31:*.zip=01;31:*.z=01;31:*.dz=01;31:*.gz=01;31:*.lrz=01;31:*.lz=01;31:*.lzo=01;31:*.xz=01;31:*.zst=01;31:*.tzst=01;31:*.bz2=01;31:*.bz=01;31:*.tbz=01;31:*.tbz2=01;31:*.tz=01;31:*.deb=01;31:*.rpm=01;31:*.jar=01;31:*.war=01;31:*.ear=01;31:*.sar=01;31:*.rar=01;31:*.alz=01;31:*.ace=01;31:*.zoo=01;31:*.cpio=01;31:*.7z=01;31:*.rz=01;31:*.cab=01;31:*.wim=01;31:*.swm=01;31:*.dwm=01;31:*.esd=01;31:*.avif=01;35:*.jpg=01;35:*.jpeg=01;35:*.mjpg=01;35:*.mjpeg=01;35:*.gif=01;35:*.bmp=01;35:*.pbm=01;35:*.pgm=01;35:*.ppm=01;35:*.tga=01;35:*.xbm=01;35:*.xpm=01;35:*.tif=01;35:*.tiff=01;35:*.png=01;35:*.svg=01;35:*.svgz=01;35:*.mng=01;35:*.pcx=01;35:*.mov=01;35:*.mpg=01;35:*.mpeg=01;35:*.m2v=01;35:*.mkv=01;35:*.webm=01;35:*.webp=01;35:*.ogm=01;35:*.mp4=01;35:*.m4v=01;35:*.mp4v=01;35:*.vob=01;35:*.qt=01;35:*.nuv=01;35:*.wmv=01;35:*.asf=01;35:*.rm=01;35:*.rmvb=01;35:*.flc=01;35:*.avi=01;35:*.fli=01;35:*.flv=01;35:*.gl=01;35:*.dl=01;35:*.xcf=01;35:*.xwd=01;35:*.yuv=01;35:*.cgm=01;35:*.emf=01;35:*.ogv=01;35:*.ogx=01;35:*.aac=00;36:*.au=00;36:*.flac=00;36:*.m4a=00;36:*.mid=00;36:*.midi=00;36:*.mka=00;36:*.mp3=00;36:*.mpc=00;36:*.ogg=00;36:*.ra=00;36:*.wav=00;36:*.oga=00;36:*.opus=00;36:*.spx=00;36:*.xspf=00;36:*~=00;90:*#=00;90:*.bak=00;90:*.crdownload=00;90:*.dpkg-dist=00;90:*.dpkg-new=00;90:*.dpkg-old=00;90:*.dpkg-tmp=00;90:*.old=00;90:*.orig=00;90:*.part=00;90:*.rej=00;90:*.rpmnew=00;90:*.rpmorig=00;90:*.rpmsave=00;90:*.swp=00;90:*.tmp=00;90:*.ucf-dist=00;90:*.ucf-new=00;90:*.ucf-old=00;90:', 'SUPERVISOR_ENABLED': '1', 'ROS_DOMAIN_ID': '30', 'AMENT_PREFIX_PATH': '/root/workspaces/turtlebot_ws/install/turtlebot3_simulations:/root/workspaces/turtlebot_ws/install/turtlebot3_gazebo:/root/workspaces/turtlebot_ws/install/turtlebot3_fake_node:/opt/ros/jazzy', 'DEBIAN_FRONTEND': 'noninteractive', 'ACTIVE_WS_NAME': 'turtlebot_ws', 'AWS_REGION': 'eu-central-1', 'LESSCLOSE': '/usr/bin/lesspipe %s %s', 'SUPERVISOR_SERVER_URL': 'unix:///var/run/supervisor.sock', 'ROS_AUTOMATIC_DISCOVERY_RANGE': 'SUBNET', 'SUPERVISOR_PROCESS_NAME': 'ttyd', 'PWD': '/root/workspaces/ros2_ws/build/ffw_swerve_drive_controller', 'TURTLEBOT3_MODEL': 'burger', 'LC_ALL': 'en_US.UTF-8', 'PYTHONPATH': '/opt/ros/jazzy/lib/python3.12/site-packages', 'COLCON': '1', 'CMAKE_PREFIX_PATH': '/root/workspaces/turtlebot_ws/install/turtlebot3_simulations:/root/workspaces/turtlebot_ws/install/turtlebot3_gazebo:/root/workspaces/turtlebot_ws/install/turtlebot3_fake_node:/opt/ros/jazzy/opt/gz_sim_vendor:/opt/ros/jazzy/opt/gz_sensors_vendor:/opt/ros/jazzy/opt/gz_physics_vendor:/opt/ros/jazzy/opt/sdformat_vendor:/opt/ros/jazzy/opt/gz_gui_vendor:/opt/ros/jazzy/opt/gz_transport_vendor:/opt/ros/jazzy/opt/gz_rendering_vendor:/opt/ros/jazzy/opt/gz_plugin_vendor:/opt/ros/jazzy/opt/gz_fuel_tools_vendor:/opt/ros/jazzy/opt/gz_msgs_vendor:/opt/ros/jazzy/opt/gz_common_vendor:/opt/ros/jazzy/opt/gz_math_vendor:/opt/ros/jazzy/opt/gz_utils_vendor:/opt/ros/jazzy/opt/gz_tools_vendor:/opt/ros/jazzy/opt/gz_ogre_next_vendor:/opt/ros/jazzy/opt/gz_dartsim_vendor:/opt/ros/jazzy/opt/gz_cmake_vendor:/opt/ros/jazzy'}), 'shell': False}
[42.569114] (-) TimerEvent: {}
[42.585249] (ffw_swerve_drive_controller) StdoutLine: {'line': b'-- Install configuration: ""\n'}
[42.595139] (ffw_swerve_drive_controller) StdoutLine: {'line': b'-- Installing: /root/workspaces/ros2_ws/install/ffw_swerve_drive_controller/include/ffw_swerve_drive_controller\n'}
[42.622512] (ffw_swerve_drive_controller) StdoutLine: {'line': b'-- Installing: /root/workspaces/ros2_ws/install/ffw_swerve_drive_controller/include/ffw_swerve_drive_controller/swerve_drive_controller_parameter.hpp\n'}
[42.669241] (-) TimerEvent: {}
[42.708418] (ffw_swerve_drive_controller) StdoutLine: {'line': b'-- Installing: /root/workspaces/ros2_ws/install/ffw_swerve_drive_controller/share/ffw_swerve_drive_controller/ffw_swerve_drive_controller.xml\n'}
[42.761366] (ffw_swerve_drive_controller) StdoutLine: {'line': b'-- Up-to-date: /root/workspaces/ros2_ws/install/ffw_swerve_drive_controller/include\n'}
[42.769340] (-) TimerEvent: {}
[42.771931] (ffw_swerve_drive_controller) StdoutLine: {'line': b'-- Up-to-date: /root/workspaces/ros2_ws/install/ffw_swerve_drive_controller/include/ffw_swerve_drive_controller\n'}
[42.785190] (ffw_swerve_drive_controller) StdoutLine: {'line': b'-- Installing: /root/workspaces/ros2_ws/install/ffw_swerve_drive_controller/include/ffw_swerve_drive_controller/speed_limiter.hpp\n'}
[42.831636] (ffw_swerve_drive_controller) StdoutLine: {'line': b'-- Installing: /root/workspaces/ros2_ws/install/ffw_swerve_drive_controller/include/ffw_swerve_drive_controller/swerve_drive_controller.hpp\n'}
[42.869682] (-) TimerEvent: {}
[42.881752] (ffw_swerve_drive_controller) StdoutLine: {'line': b'-- Installing: /root/workspaces/ros2_ws/install/ffw_swerve_drive_controller/include/ffw_swerve_drive_controller/odometry.hpp\n'}
[42.930592] (ffw_swerve_drive_controller) StdoutLine: {'line': b'-- Installing: /root/workspaces/ros2_ws/install/ffw_swerve_drive_controller/include/ffw_swerve_drive_controller/marker_visualize.hpp\n'}
[42.970065] (-) TimerEvent: {}
[42.997199] (ffw_swerve_drive_controller) StdoutLine: {'line': b'-- Installing: /root/workspaces/ros2_ws/install/ffw_swerve_drive_controller/lib/libffw_swerve_drive_controller.so\n'}
[43.070186] (-) TimerEvent: {}
[43.170491] (-) TimerEvent: {}
[43.270809] (-) TimerEvent: {}
[43.305361] (ffw_swerve_drive_controller) StdoutLine: {'line': b'-- Set non-toolchain portion of runtime path of "/root/workspaces/ros2_ws/install/ffw_swerve_drive_controller/lib/libffw_swerve_drive_controller.so" to ""\n'}
[43.309199] (ffw_swerve_drive_controller) StdoutLine: {'line': b'-- Up-to-date: /root/workspaces/ros2_ws/install/ffw_swerve_drive_controller/share/ffw_swerve_drive_controller/ffw_swerve_drive_controller.xml\n'}
[43.334817] (ffw_swerve_drive_controller) StdoutLine: {'line': b'-- Installing: /root/workspaces/ros2_ws/install/ffw_swerve_drive_controller/share/ffw_swerve_drive_controller/environment/library_path.sh\n'}
[43.370927] (-) TimerEvent: {}
[43.387174] (ffw_swerve_drive_controller) StdoutLine: {'line': b'-- Installing: /root/workspaces/ros2_ws/install/ffw_swerve_drive_controller/share/ffw_swerve_drive_controller/environment/library_path.dsv\n'}
[43.471050] (-) TimerEvent: {}
[43.472414] (ffw_swerve_drive_controller) StdoutLine: {'line': b'-- Installing: /root/workspaces/ros2_ws/install/ffw_swerve_drive_controller/share/ament_index/resource_index/package_run_dependencies/ffw_swerve_drive_controller\n'}
[43.540467] (ffw_swerve_drive_controller) StdoutLine: {'line': b'-- Installing: /root/workspaces/ros2_ws/install/ffw_swerve_drive_controller/share/ament_index/resource_index/parent_prefix_path/ffw_swerve_drive_controller\n'}
[43.571183] (-) TimerEvent: {}
[43.591841] (ffw_swerve_drive_controller) StdoutLine: {'line': b'-- Installing: /root/workspaces/ros2_ws/install/ffw_swerve_drive_controller/share/ffw_swerve_drive_controller/environment/ament_prefix_path.sh\n'}
[43.640646] (ffw_swerve_drive_controller) StdoutLine: {'line': b'-- Installing: /root/workspaces/ros2_ws/install/ffw_swerve_drive_controller/share/ffw_swerve_drive_controller/environment/ament_prefix_path.dsv\n'}
[43.671328] (-) TimerEvent: {}
[43.692936] (ffw_swerve_drive_controller) StdoutLine: {'line': b'-- Installing: /root/workspaces/ros2_ws/install/ffw_swerve_drive_controller/share/ffw_swerve_drive_controller/environment/path.sh\n'}
[43.743059] (ffw_swerve_drive_controller) StdoutLine: {'line': b'-- Installing: /root/workspaces/ros2_ws/install/ffw_swerve_drive_controller/share/ffw_swerve_drive_controller/environment/path.dsv\n'}
[43.771463] (-) TimerEvent: {}
[43.795754] (ffw_swerve_drive_controller) StdoutLine: {'line': b'-- Installing: /root/workspaces/ros2_ws/install/ffw_swerve_drive_controller/share/ffw_swerve_drive_controller/local_setup.bash\n'}
[43.848198] (ffw_swerve_drive_controller) StdoutLine: {'line': b'-- Installing: /root/workspaces/ros2_ws/install/ffw_swerve_drive_controller/share/ffw_swerve_drive_controller/local_setup.sh\n'}
[43.871582] (-) TimerEvent: {}
[43.903867] (ffw_swerve_drive_controller) StdoutLine: {'line': b'-- Installing: /root/workspaces/ros2_ws/install/ffw_swerve_drive_controller/share/ffw_swerve_drive_controller/local_setup.zsh\n'}
[43.962226] (ffw_swerve_drive_controller) StdoutLine: {'line': b'-- Installing: /root/workspaces/ros2_ws/install/ffw_swerve_drive_controller/share/ffw_swerve_drive_controller/local_setup.dsv\n'}
[43.971714] (-) TimerEvent: {}
[44.021430] (ffw_swerve_drive_controller) StdoutLine: {'line': b'-- Installing: /root/workspaces/ros2_ws/install/ffw_swerve_drive_controller/share/ffw_swerve_drive_controller/package.dsv\n'}
[44.071849] (-) TimerEvent: {}
[44.097912] (ffw_swerve_drive_controller) StdoutLine: {'line': b'-- Installing: /root/workspaces/ros2_ws/install/ffw_swerve_drive_controller/share/ament_index/resource_index/packages/ffw_swerve_drive_controller\n'}
[44.169902] (ffw_swerve_drive_controller) StdoutLine: {'line': b'-- Installing: /root/workspaces/ros2_ws/install/ffw_swerve_drive_controller/share/ament_index/resource_index/controller_interface__pluginlib__plugin/ffw_swerve_drive_controller\n'}
[44.171912] (-) TimerEvent: {}
[44.241420] (ffw_swerve_drive_controller) StdoutLine: {'line': b'-- Installing: /root/workspaces/ros2_ws/install/ffw_swerve_drive_controller/share/ffw_swerve_drive_controller/cmake/export_ffw_swerve_drive_controllerExport.cmake\n'}
[44.272497] (-) TimerEvent: {}
[44.299117] (ffw_swerve_drive_controller) StdoutLine: {'line': b'-- Installing: /root/workspaces/ros2_ws/install/ffw_swerve_drive_controller/share/ffw_swerve_drive_controller/cmake/export_ffw_swerve_drive_controllerExport-noconfig.cmake\n'}
[44.354002] (ffw_swerve_drive_controller) StdoutLine: {'line': b'-- Installing: /root/workspaces/ros2_ws/install/ffw_swerve_drive_controller/share/ffw_swerve_drive_controller/cmake/ament_cmake_export_dependencies-extras.cmake\n'}
[44.372634] (-) TimerEvent: {}
[44.408805] (ffw_swerve_drive_controller) StdoutLine: {'line': b'-- Installing: /root/workspaces/ros2_ws/install/ffw_swerve_drive_controller/share/ffw_swerve_drive_controller/cmake/ament_cmake_export_include_directories-extras.cmake\n'}
[44.468465] (ffw_swerve_drive_controller) StdoutLine: {'line': b'-- Installing: /root/workspaces/ros2_ws/install/ffw_swerve_drive_controller/share/ffw_swerve_drive_controller/cmake/ament_cmake_export_libraries-extras.cmake\n'}
[44.472979] (-) TimerEvent: {}
[44.524595] (ffw_swerve_drive_controller) StdoutLine: {'line': b'-- Installing: /root/workspaces/ros2_ws/install/ffw_swerve_drive_controller/share/ffw_swerve_drive_controller/cmake/ament_cmake_export_targets-extras.cmake\n'}
[44.573126] (-) TimerEvent: {}
[44.586734] (ffw_swerve_drive_controller) StdoutLine: {'line': b'-- Installing: /root/workspaces/ros2_ws/install/ffw_swerve_drive_controller/share/ffw_swerve_drive_controller/cmake/ffw_swerve_drive_controllerConfig.cmake\n'}
[44.640653] (ffw_swerve_drive_controller) StdoutLine: {'line': b'-- Installing: /root/workspaces/ros2_ws/install/ffw_swerve_drive_controller/share/ffw_swerve_drive_controller/cmake/ffw_swerve_drive_controllerConfig-version.cmake\n'}
[44.673255] (-) TimerEvent: {}
[44.696452] (ffw_swerve_drive_controller) StdoutLine: {'line': b'-- Installing: /root/workspaces/ros2_ws/install/ffw_swerve_drive_controller/share/ffw_swerve_drive_controller/package.xml\n'}
[44.755283] (ffw_swerve_drive_controller) CommandEnded: {'returncode': 0}
[44.773348] (-) TimerEvent: {}
[44.874815] (-) TimerEvent: {}
[44.975064] (-) TimerEvent: {}
[45.075678] (-) TimerEvent: {}
[45.175934] (-) TimerEvent: {}
[45.276244] (-) TimerEvent: {}
[45.376550] (-) TimerEvent: {}
[45.405537] (ffw_swerve_drive_controller) JobEnded: {'identifier': 'ffw_swerve_drive_controller', 'rc': 0}
[45.426068] (-) EventReactorShutdown: {}
