[0.248s] DEBUG:colcon:Command line arguments: ['/usr/bin/colcon', 'build']
[0.248s] DEBUG:colcon:Parsed command line arguments: Namespace(log_base=None, log_level=None, verb_name='build', build_base='build', install_base='install', merge_install=False, symlink_install=False, test_result_base=None, continue_on_error=False, executor='parallel', parallel_workers=4, event_handlers=None, ignore_user_meta=False, metas=['./colcon.meta'], base_paths=['.'], packages_ignore=None, packages_ignore_regex=None, paths=None, packages_up_to=None, packages_up_to_regex=None, packages_above=None, packages_above_and_dependencies=None, packages_above_depth=None, packages_select_by_dep=None, packages_skip_by_dep=None, packages_skip_up_to=None, packages_select_build_failed=False, packages_skip_build_finished=False, packages_select_test_failures=False, packages_skip_test_passed=False, packages_select=None, packages_skip=None, packages_select_regex=None, packages_skip_regex=None, packages_start=None, packages_end=None, allow_overriding=[], cmake_args=None, cmake_target=None, cmake_target_skip_unavailable=False, cmake_clean_cache=False, cmake_clean_first=False, cmake_force_configure=False, ament_cmake_args=None, catkin_cmake_args=None, catkin_skip_building_tests=False, verb_parser=<colcon_defaults.argument_parser.defaults.DefaultArgumentsDecorator object at 0x7fe46abd18e0>, verb_extension=<colcon_core.verb.build.BuildVerb object at 0x7fe46abd1760>, main=<bound method BuildVerb.main of <colcon_core.verb.build.BuildVerb object at 0x7fe46abd1760>>)
[0.341s] Level 1:colcon.colcon_core.package_discovery:discover_packages(colcon_meta) check parameters
[0.341s] Level 1:colcon.colcon_core.package_discovery:discover_packages(recursive) check parameters
[0.346s] Level 1:colcon.colcon_core.package_discovery:discover_packages(ignore) check parameters
[0.350s] Level 1:colcon.colcon_core.package_discovery:discover_packages(path) check parameters
[0.354s] Level 1:colcon.colcon_core.package_discovery:discover_packages(colcon_meta) discover
[0.358s] Level 1:colcon.colcon_core.package_discovery:discover_packages(recursive) discover
[0.363s] INFO:colcon.colcon_core.package_discovery:Crawling recursively for packages in '/root/workspaces/ros2_ws'
[0.369s] Level 1:colcon.colcon_core.package_identification:_identify(.) by extensions ['ignore', 'ignore_ament_install']
[0.373s] Level 1:colcon.colcon_core.package_identification:_identify(.) by extension 'ignore'
[0.373s] Level 1:colcon.colcon_core.package_identification:_identify(.) by extension 'ignore_ament_install'
[0.373s] Level 1:colcon.colcon_core.package_identification:_identify(.) by extensions ['colcon_pkg']
[0.373s] Level 1:colcon.colcon_core.package_identification:_identify(.) by extension 'colcon_pkg'
[0.373s] Level 1:colcon.colcon_core.package_identification:_identify(.) by extensions ['colcon_meta']
[0.373s] Level 1:colcon.colcon_core.package_identification:_identify(.) by extension 'colcon_meta'
[0.373s] Level 1:colcon.colcon_core.package_identification:_identify(.) by extensions ['ros']
[0.373s] Level 1:colcon.colcon_core.package_identification:_identify(.) by extension 'ros'
[0.425s] Level 1:colcon.colcon_core.package_identification:_identify(.) by extensions ['cmake', 'python']
[0.425s] Level 1:colcon.colcon_core.package_identification:_identify(.) by extension 'cmake'
[0.430s] Level 1:colcon.colcon_core.package_identification:_identify(.) by extension 'python'
[0.434s] Level 1:colcon.colcon_core.package_identification:_identify(.) by extensions ['python_setup_py']
[0.439s] Level 1:colcon.colcon_core.package_identification:_identify(.) by extension 'python_setup_py'
[0.444s] Level 1:colcon.colcon_core.package_identification:_identify(build) by extensions ['ignore', 'ignore_ament_install']
[0.447s] Level 1:colcon.colcon_core.package_identification:_identify(build) by extension 'ignore'
[0.452s] Level 1:colcon.colcon_core.package_identification:_identify(build) ignored
[0.460s] Level 1:colcon.colcon_core.package_identification:_identify(install) by extensions ['ignore', 'ignore_ament_install']
[0.463s] Level 1:colcon.colcon_core.package_identification:_identify(install) by extension 'ignore'
[0.468s] Level 1:colcon.colcon_core.package_identification:_identify(install) ignored
[0.486s] Level 1:colcon.colcon_core.package_identification:_identify(log) by extensions ['ignore', 'ignore_ament_install']
[0.490s] Level 1:colcon.colcon_core.package_identification:_identify(log) by extension 'ignore'
[0.494s] Level 1:colcon.colcon_core.package_identification:_identify(log) ignored
[0.499s] Level 1:colcon.colcon_core.package_identification:_identify(src) by extensions ['ignore', 'ignore_ament_install']
[0.502s] Level 1:colcon.colcon_core.package_identification:_identify(src) by extension 'ignore'
[0.513s] Level 1:colcon.colcon_core.package_identification:_identify(src) by extension 'ignore_ament_install'
[0.517s] Level 1:colcon.colcon_core.package_identification:_identify(src) by extensions ['colcon_pkg']
[0.521s] Level 1:colcon.colcon_core.package_identification:_identify(src) by extension 'colcon_pkg'
[0.526s] Level 1:colcon.colcon_core.package_identification:_identify(src) by extensions ['colcon_meta']
[0.530s] Level 1:colcon.colcon_core.package_identification:_identify(src) by extension 'colcon_meta'
[0.536s] Level 1:colcon.colcon_core.package_identification:_identify(src) by extensions ['ros']
[0.536s] Level 1:colcon.colcon_core.package_identification:_identify(src) by extension 'ros'
[0.536s] Level 1:colcon.colcon_core.package_identification:_identify(src) by extensions ['cmake', 'python']
[0.536s] Level 1:colcon.colcon_core.package_identification:_identify(src) by extension 'cmake'
[0.536s] Level 1:colcon.colcon_core.package_identification:_identify(src) by extension 'python'
[0.536s] Level 1:colcon.colcon_core.package_identification:_identify(src) by extensions ['python_setup_py']
[0.536s] Level 1:colcon.colcon_core.package_identification:_identify(src) by extension 'python_setup_py'
[0.537s] Level 1:colcon.colcon_core.package_identification:_identify(src/ai-worker-sim) by extensions ['ignore', 'ignore_ament_install']
[0.540s] Level 1:colcon.colcon_core.package_identification:_identify(src/ai-worker-sim) by extension 'ignore'
[0.541s] Level 1:colcon.colcon_core.package_identification:_identify(src/ai-worker-sim) by extension 'ignore_ament_install'
[0.541s] Level 1:colcon.colcon_core.package_identification:_identify(src/ai-worker-sim) by extensions ['colcon_pkg']
[0.541s] Level 1:colcon.colcon_core.package_identification:_identify(src/ai-worker-sim) by extension 'colcon_pkg'
[0.541s] Level 1:colcon.colcon_core.package_identification:_identify(src/ai-worker-sim) by extensions ['colcon_meta']
[0.541s] Level 1:colcon.colcon_core.package_identification:_identify(src/ai-worker-sim) by extension 'colcon_meta'
[0.541s] Level 1:colcon.colcon_core.package_identification:_identify(src/ai-worker-sim) by extensions ['ros']
[0.541s] Level 1:colcon.colcon_core.package_identification:_identify(src/ai-worker-sim) by extension 'ros'
[0.541s] Level 1:colcon.colcon_core.package_identification:_identify(src/ai-worker-sim) by extensions ['cmake', 'python']
[0.541s] Level 1:colcon.colcon_core.package_identification:_identify(src/ai-worker-sim) by extension 'cmake'
[0.541s] Level 1:colcon.colcon_core.package_identification:_identify(src/ai-worker-sim) by extension 'python'
[0.541s] Level 1:colcon.colcon_core.package_identification:_identify(src/ai-worker-sim) by extensions ['python_setup_py']
[0.541s] Level 1:colcon.colcon_core.package_identification:_identify(src/ai-worker-sim) by extension 'python_setup_py'
[0.542s] Level 1:colcon.colcon_core.package_identification:_identify(src/ai-worker-sim/ffw_bringup) by extensions ['ignore', 'ignore_ament_install']
[0.546s] Level 1:colcon.colcon_core.package_identification:_identify(src/ai-worker-sim/ffw_bringup) by extension 'ignore'
[0.547s] Level 1:colcon.colcon_core.package_identification:_identify(src/ai-worker-sim/ffw_bringup) by extension 'ignore_ament_install'
[0.547s] Level 1:colcon.colcon_core.package_identification:_identify(src/ai-worker-sim/ffw_bringup) by extensions ['colcon_pkg']
[0.547s] Level 1:colcon.colcon_core.package_identification:_identify(src/ai-worker-sim/ffw_bringup) by extension 'colcon_pkg'
[0.547s] Level 1:colcon.colcon_core.package_identification:_identify(src/ai-worker-sim/ffw_bringup) by extensions ['colcon_meta']
[0.547s] Level 1:colcon.colcon_core.package_identification:_identify(src/ai-worker-sim/ffw_bringup) by extension 'colcon_meta'
[0.547s] Level 1:colcon.colcon_core.package_identification:_identify(src/ai-worker-sim/ffw_bringup) by extensions ['ros']
[0.547s] Level 1:colcon.colcon_core.package_identification:_identify(src/ai-worker-sim/ffw_bringup) by extension 'ros'
[0.556s] DEBUG:colcon.colcon_core.package_identification:Package 'src/ai-worker-sim/ffw_bringup' with type 'ros.ament_python' and name 'ffw_bringup'
[0.557s] Level 1:colcon.colcon_core.package_identification:_identify(src/ai-worker-sim/ffw_description) by extensions ['ignore', 'ignore_ament_install']
[0.564s] Level 1:colcon.colcon_core.package_identification:_identify(src/ai-worker-sim/ffw_description) by extension 'ignore'
[0.564s] Level 1:colcon.colcon_core.package_identification:_identify(src/ai-worker-sim/ffw_description) by extension 'ignore_ament_install'
[0.564s] Level 1:colcon.colcon_core.package_identification:_identify(src/ai-worker-sim/ffw_description) by extensions ['colcon_pkg']
[0.569s] Level 1:colcon.colcon_core.package_identification:_identify(src/ai-worker-sim/ffw_description) by extension 'colcon_pkg'
[0.573s] Level 1:colcon.colcon_core.package_identification:_identify(src/ai-worker-sim/ffw_description) by extensions ['colcon_meta']
[0.573s] Level 1:colcon.colcon_core.package_identification:_identify(src/ai-worker-sim/ffw_description) by extension 'colcon_meta'
[0.573s] Level 1:colcon.colcon_core.package_identification:_identify(src/ai-worker-sim/ffw_description) by extensions ['ros']
[0.573s] Level 1:colcon.colcon_core.package_identification:_identify(src/ai-worker-sim/ffw_description) by extension 'ros'
[0.576s] DEBUG:colcon.colcon_core.package_identification:Package 'src/ai-worker-sim/ffw_description' with type 'ros.ament_cmake' and name 'ffw_description'
[0.579s] Level 1:colcon.colcon_core.package_identification:_identify(src/ai-worker-sim/ffw_moveit_config) by extensions ['ignore', 'ignore_ament_install']
[0.583s] Level 1:colcon.colcon_core.package_identification:_identify(src/ai-worker-sim/ffw_moveit_config) by extension 'ignore'
[0.583s] Level 1:colcon.colcon_core.package_identification:_identify(src/ai-worker-sim/ffw_moveit_config) by extension 'ignore_ament_install'
[0.583s] Level 1:colcon.colcon_core.package_identification:_identify(src/ai-worker-sim/ffw_moveit_config) by extensions ['colcon_pkg']
[0.583s] Level 1:colcon.colcon_core.package_identification:_identify(src/ai-worker-sim/ffw_moveit_config) by extension 'colcon_pkg'
[0.583s] Level 1:colcon.colcon_core.package_identification:_identify(src/ai-worker-sim/ffw_moveit_config) by extensions ['colcon_meta']
[0.583s] Level 1:colcon.colcon_core.package_identification:_identify(src/ai-worker-sim/ffw_moveit_config) by extension 'colcon_meta'
[0.583s] Level 1:colcon.colcon_core.package_identification:_identify(src/ai-worker-sim/ffw_moveit_config) by extensions ['ros']
[0.583s] Level 1:colcon.colcon_core.package_identification:_identify(src/ai-worker-sim/ffw_moveit_config) by extension 'ros'
[0.586s] DEBUG:colcon.colcon_core.package_identification:Package 'src/ai-worker-sim/ffw_moveit_config' with type 'ros.ament_cmake' and name 'ffw_moveit_config'
[0.593s] Level 1:colcon.colcon_core.package_identification:_identify(src/ai-worker-sim/ffw_navigation) by extensions ['ignore', 'ignore_ament_install']
[0.601s] Level 1:colcon.colcon_core.package_identification:_identify(src/ai-worker-sim/ffw_navigation) by extension 'ignore'
[0.601s] Level 1:colcon.colcon_core.package_identification:_identify(src/ai-worker-sim/ffw_navigation) by extension 'ignore_ament_install'
[0.601s] Level 1:colcon.colcon_core.package_identification:_identify(src/ai-worker-sim/ffw_navigation) by extensions ['colcon_pkg']
[0.601s] Level 1:colcon.colcon_core.package_identification:_identify(src/ai-worker-sim/ffw_navigation) by extension 'colcon_pkg'
[0.601s] Level 1:colcon.colcon_core.package_identification:_identify(src/ai-worker-sim/ffw_navigation) by extensions ['colcon_meta']
[0.601s] Level 1:colcon.colcon_core.package_identification:_identify(src/ai-worker-sim/ffw_navigation) by extension 'colcon_meta'
[0.601s] Level 1:colcon.colcon_core.package_identification:_identify(src/ai-worker-sim/ffw_navigation) by extensions ['ros']
[0.601s] Level 1:colcon.colcon_core.package_identification:_identify(src/ai-worker-sim/ffw_navigation) by extension 'ros'
[0.604s] DEBUG:colcon.colcon_core.package_identification:Package 'src/ai-worker-sim/ffw_navigation' with type 'ros.ament_cmake' and name 'ffw_navigation'
[0.610s] Level 1:colcon.colcon_core.package_identification:_identify(src/ai-worker-sim/ffw_swerve_drive_controller) by extensions ['ignore', 'ignore_ament_install']
[0.614s] Level 1:colcon.colcon_core.package_identification:_identify(src/ai-worker-sim/ffw_swerve_drive_controller) by extension 'ignore'
[0.614s] Level 1:colcon.colcon_core.package_identification:_identify(src/ai-worker-sim/ffw_swerve_drive_controller) by extension 'ignore_ament_install'
[0.614s] Level 1:colcon.colcon_core.package_identification:_identify(src/ai-worker-sim/ffw_swerve_drive_controller) by extensions ['colcon_pkg']
[0.614s] Level 1:colcon.colcon_core.package_identification:_identify(src/ai-worker-sim/ffw_swerve_drive_controller) by extension 'colcon_pkg'
[0.614s] Level 1:colcon.colcon_core.package_identification:_identify(src/ai-worker-sim/ffw_swerve_drive_controller) by extensions ['colcon_meta']
[0.614s] Level 1:colcon.colcon_core.package_identification:_identify(src/ai-worker-sim/ffw_swerve_drive_controller) by extension 'colcon_meta'
[0.614s] Level 1:colcon.colcon_core.package_identification:_identify(src/ai-worker-sim/ffw_swerve_drive_controller) by extensions ['ros']
[0.614s] Level 1:colcon.colcon_core.package_identification:_identify(src/ai-worker-sim/ffw_swerve_drive_controller) by extension 'ros'
[0.619s] DEBUG:colcon.colcon_core.package_identification:Package 'src/ai-worker-sim/ffw_swerve_drive_controller' with type 'ros.ament_cmake' and name 'ffw_swerve_drive_controller'
[0.620s] Level 1:colcon.colcon_core.package_identification:_identify(src/ai-worker-sim/ffw_teleop) by extensions ['ignore', 'ignore_ament_install']
[0.623s] Level 1:colcon.colcon_core.package_identification:_identify(src/ai-worker-sim/ffw_teleop) by extension 'ignore'
[0.623s] Level 1:colcon.colcon_core.package_identification:_identify(src/ai-worker-sim/ffw_teleop) by extension 'ignore_ament_install'
[0.623s] Level 1:colcon.colcon_core.package_identification:_identify(src/ai-worker-sim/ffw_teleop) by extensions ['colcon_pkg']
[0.623s] Level 1:colcon.colcon_core.package_identification:_identify(src/ai-worker-sim/ffw_teleop) by extension 'colcon_pkg'
[0.624s] Level 1:colcon.colcon_core.package_identification:_identify(src/ai-worker-sim/ffw_teleop) by extensions ['colcon_meta']
[0.624s] Level 1:colcon.colcon_core.package_identification:_identify(src/ai-worker-sim/ffw_teleop) by extension 'colcon_meta'
[0.624s] Level 1:colcon.colcon_core.package_identification:_identify(src/ai-worker-sim/ffw_teleop) by extensions ['ros']
[0.624s] Level 1:colcon.colcon_core.package_identification:_identify(src/ai-worker-sim/ffw_teleop) by extension 'ros'
[0.626s] DEBUG:colcon.colcon_core.package_identification:Package 'src/ai-worker-sim/ffw_teleop' with type 'ros.ament_python' and name 'ffw_teleop'
[0.630s] Level 1:colcon.colcon_core.package_identification:_identify(src/ai-worker-sim/human_detector) by extensions ['ignore', 'ignore_ament_install']
[0.633s] Level 1:colcon.colcon_core.package_identification:_identify(src/ai-worker-sim/human_detector) by extension 'ignore'
[0.633s] Level 1:colcon.colcon_core.package_identification:_identify(src/ai-worker-sim/human_detector) by extension 'ignore_ament_install'
[0.633s] Level 1:colcon.colcon_core.package_identification:_identify(src/ai-worker-sim/human_detector) by extensions ['colcon_pkg']
[0.633s] Level 1:colcon.colcon_core.package_identification:_identify(src/ai-worker-sim/human_detector) by extension 'colcon_pkg'
[0.634s] Level 1:colcon.colcon_core.package_identification:_identify(src/ai-worker-sim/human_detector) by extensions ['colcon_meta']
[0.634s] Level 1:colcon.colcon_core.package_identification:_identify(src/ai-worker-sim/human_detector) by extension 'colcon_meta'
[0.634s] Level 1:colcon.colcon_core.package_identification:_identify(src/ai-worker-sim/human_detector) by extensions ['ros']
[0.634s] Level 1:colcon.colcon_core.package_identification:_identify(src/ai-worker-sim/human_detector) by extension 'ros'
[0.637s] DEBUG:colcon.colcon_core.package_identification:Package 'src/ai-worker-sim/human_detector' with type 'ros.ament_python' and name 'human_detector'
[0.641s] Level 1:colcon.colcon_core.package_identification:_identify(src/ai-worker-sim/library_world) by extensions ['ignore', 'ignore_ament_install']
[0.649s] Level 1:colcon.colcon_core.package_identification:_identify(src/ai-worker-sim/library_world) by extension 'ignore'
[0.654s] Level 1:colcon.colcon_core.package_identification:_identify(src/ai-worker-sim/library_world) by extension 'ignore_ament_install'
[0.662s] Level 1:colcon.colcon_core.package_identification:_identify(src/ai-worker-sim/library_world) by extensions ['colcon_pkg']
[0.667s] Level 1:colcon.colcon_core.package_identification:_identify(src/ai-worker-sim/library_world) by extension 'colcon_pkg'
[0.667s] Level 1:colcon.colcon_core.package_identification:_identify(src/ai-worker-sim/library_world) by extensions ['colcon_meta']
[0.667s] Level 1:colcon.colcon_core.package_identification:_identify(src/ai-worker-sim/library_world) by extension 'colcon_meta'
[0.668s] Level 1:colcon.colcon_core.package_identification:_identify(src/ai-worker-sim/library_world) by extensions ['ros']
[0.668s] Level 1:colcon.colcon_core.package_identification:_identify(src/ai-worker-sim/library_world) by extension 'ros'
[0.671s] DEBUG:colcon.colcon_core.package_identification:Package 'src/ai-worker-sim/library_world' with type 'ros.ament_cmake' and name 'library_world'
[0.673s] Level 1:colcon.colcon_core.package_identification:_identify(src/ai-worker-sim/warehouse_world) by extensions ['ignore', 'ignore_ament_install']
[0.676s] Level 1:colcon.colcon_core.package_identification:_identify(src/ai-worker-sim/warehouse_world) by extension 'ignore'
[0.676s] Level 1:colcon.colcon_core.package_identification:_identify(src/ai-worker-sim/warehouse_world) by extension 'ignore_ament_install'
[0.677s] Level 1:colcon.colcon_core.package_identification:_identify(src/ai-worker-sim/warehouse_world) by extensions ['colcon_pkg']
[0.677s] Level 1:colcon.colcon_core.package_identification:_identify(src/ai-worker-sim/warehouse_world) by extension 'colcon_pkg'
[0.677s] Level 1:colcon.colcon_core.package_identification:_identify(src/ai-worker-sim/warehouse_world) by extensions ['colcon_meta']
[0.677s] Level 1:colcon.colcon_core.package_identification:_identify(src/ai-worker-sim/warehouse_world) by extension 'colcon_meta'
[0.677s] Level 1:colcon.colcon_core.package_identification:_identify(src/ai-worker-sim/warehouse_world) by extensions ['ros']
[0.677s] Level 1:colcon.colcon_core.package_identification:_identify(src/ai-worker-sim/warehouse_world) by extension 'ros'
[0.679s] DEBUG:colcon.colcon_core.package_identification:Package 'src/ai-worker-sim/warehouse_world' with type 'ros.ament_cmake' and name 'warehouse_world'
[0.682s] Level 1:colcon.colcon_core.package_discovery:discover_packages(recursive) using defaults
[0.686s] Level 1:colcon.colcon_core.package_discovery:discover_packages(ignore) discover
[0.686s] Level 1:colcon.colcon_core.package_discovery:discover_packages(ignore) using defaults
[0.686s] Level 1:colcon.colcon_core.package_discovery:discover_packages(path) discover
[0.686s] Level 1:colcon.colcon_core.package_discovery:discover_packages(path) using defaults
[0.733s] Level 1:colcon.colcon_core.package_discovery:discover_packages(prefix_path) check parameters
[0.733s] Level 1:colcon.colcon_core.package_discovery:discover_packages(prefix_path) discover
[0.796s] DEBUG:colcon.colcon_installed_package_information.package_discovery:Found 10 installed packages in /root/workspaces/ros2_ws/install
[0.812s] DEBUG:colcon.colcon_installed_package_information.package_discovery:Found 3 installed packages in /root/workspaces/turtlebot_ws/install
[0.817s] DEBUG:colcon.colcon_installed_package_information.package_discovery:Found 453 installed packages in /opt/ros/jazzy
[0.820s] Level 1:colcon.colcon_core.package_discovery:discover_packages(prefix_path) using defaults
[0.976s] Level 5:colcon.colcon_core.verb:set package 'ffw_description' build argument 'cmake_args' from command line to 'None'
[0.976s] Level 5:colcon.colcon_core.verb:set package 'ffw_description' build argument 'cmake_target' from command line to 'None'
[0.981s] Level 5:colcon.colcon_core.verb:set package 'ffw_description' build argument 'cmake_target_skip_unavailable' from command line to 'False'
[0.985s] Level 5:colcon.colcon_core.verb:set package 'ffw_description' build argument 'cmake_clean_cache' from command line to 'False'
[0.990s] Level 5:colcon.colcon_core.verb:set package 'ffw_description' build argument 'cmake_clean_first' from command line to 'False'
[1.021s] Level 5:colcon.colcon_core.verb:set package 'ffw_description' build argument 'cmake_force_configure' from command line to 'False'
[1.026s] Level 5:colcon.colcon_core.verb:set package 'ffw_description' build argument 'ament_cmake_args' from command line to 'None'
[1.030s] Level 5:colcon.colcon_core.verb:set package 'ffw_description' build argument 'catkin_cmake_args' from command line to 'None'
[1.030s] Level 5:colcon.colcon_core.verb:set package 'ffw_description' build argument 'catkin_skip_building_tests' from command line to 'False'
[1.030s] DEBUG:colcon.colcon_core.verb:Building package 'ffw_description' with the following arguments: {'ament_cmake_args': None, 'build_base': '/root/workspaces/ros2_ws/build/ffw_description', 'catkin_cmake_args': None, 'catkin_skip_building_tests': False, 'cmake_args': None, 'cmake_clean_cache': False, 'cmake_clean_first': False, 'cmake_force_configure': False, 'cmake_target': None, 'cmake_target_skip_unavailable': False, 'install_base': '/root/workspaces/ros2_ws/install/ffw_description', 'merge_install': False, 'path': '/root/workspaces/ros2_ws/src/ai-worker-sim/ffw_description', 'symlink_install': False, 'test_result_base': None}
[1.031s] Level 5:colcon.colcon_core.verb:set package 'ffw_moveit_config' build argument 'cmake_args' from command line to 'None'
[1.031s] Level 5:colcon.colcon_core.verb:set package 'ffw_moveit_config' build argument 'cmake_target' from command line to 'None'
[1.031s] Level 5:colcon.colcon_core.verb:set package 'ffw_moveit_config' build argument 'cmake_target_skip_unavailable' from command line to 'False'
[1.031s] Level 5:colcon.colcon_core.verb:set package 'ffw_moveit_config' build argument 'cmake_clean_cache' from command line to 'False'
[1.031s] Level 5:colcon.colcon_core.verb:set package 'ffw_moveit_config' build argument 'cmake_clean_first' from command line to 'False'
[1.031s] Level 5:colcon.colcon_core.verb:set package 'ffw_moveit_config' build argument 'cmake_force_configure' from command line to 'False'
[1.031s] Level 5:colcon.colcon_core.verb:set package 'ffw_moveit_config' build argument 'ament_cmake_args' from command line to 'None'
[1.031s] Level 5:colcon.colcon_core.verb:set package 'ffw_moveit_config' build argument 'catkin_cmake_args' from command line to 'None'
[1.031s] Level 5:colcon.colcon_core.verb:set package 'ffw_moveit_config' build argument 'catkin_skip_building_tests' from command line to 'False'
[1.031s] DEBUG:colcon.colcon_core.verb:Building package 'ffw_moveit_config' with the following arguments: {'ament_cmake_args': None, 'build_base': '/root/workspaces/ros2_ws/build/ffw_moveit_config', 'catkin_cmake_args': None, 'catkin_skip_building_tests': False, 'cmake_args': None, 'cmake_clean_cache': False, 'cmake_clean_first': False, 'cmake_force_configure': False, 'cmake_target': None, 'cmake_target_skip_unavailable': False, 'install_base': '/root/workspaces/ros2_ws/install/ffw_moveit_config', 'merge_install': False, 'path': '/root/workspaces/ros2_ws/src/ai-worker-sim/ffw_moveit_config', 'symlink_install': False, 'test_result_base': None}
[1.032s] Level 5:colcon.colcon_core.verb:set package 'ffw_navigation' build argument 'cmake_args' from command line to 'None'
[1.032s] Level 5:colcon.colcon_core.verb:set package 'ffw_navigation' build argument 'cmake_target' from command line to 'None'
[1.032s] Level 5:colcon.colcon_core.verb:set package 'ffw_navigation' build argument 'cmake_target_skip_unavailable' from command line to 'False'
[1.032s] Level 5:colcon.colcon_core.verb:set package 'ffw_navigation' build argument 'cmake_clean_cache' from command line to 'False'
[1.032s] Level 5:colcon.colcon_core.verb:set package 'ffw_navigation' build argument 'cmake_clean_first' from command line to 'False'
[1.032s] Level 5:colcon.colcon_core.verb:set package 'ffw_navigation' build argument 'cmake_force_configure' from command line to 'False'
[1.032s] Level 5:colcon.colcon_core.verb:set package 'ffw_navigation' build argument 'ament_cmake_args' from command line to 'None'
[1.032s] Level 5:colcon.colcon_core.verb:set package 'ffw_navigation' build argument 'catkin_cmake_args' from command line to 'None'
[1.032s] Level 5:colcon.colcon_core.verb:set package 'ffw_navigation' build argument 'catkin_skip_building_tests' from command line to 'False'
[1.032s] DEBUG:colcon.colcon_core.verb:Building package 'ffw_navigation' with the following arguments: {'ament_cmake_args': None, 'build_base': '/root/workspaces/ros2_ws/build/ffw_navigation', 'catkin_cmake_args': None, 'catkin_skip_building_tests': False, 'cmake_args': None, 'cmake_clean_cache': False, 'cmake_clean_first': False, 'cmake_force_configure': False, 'cmake_target': None, 'cmake_target_skip_unavailable': False, 'install_base': '/root/workspaces/ros2_ws/install/ffw_navigation', 'merge_install': False, 'path': '/root/workspaces/ros2_ws/src/ai-worker-sim/ffw_navigation', 'symlink_install': False, 'test_result_base': None}
[1.033s] Level 5:colcon.colcon_core.verb:set package 'ffw_swerve_drive_controller' build argument 'cmake_args' from command line to 'None'
[1.033s] Level 5:colcon.colcon_core.verb:set package 'ffw_swerve_drive_controller' build argument 'cmake_target' from command line to 'None'
[1.033s] Level 5:colcon.colcon_core.verb:set package 'ffw_swerve_drive_controller' build argument 'cmake_target_skip_unavailable' from command line to 'False'
[1.033s] Level 5:colcon.colcon_core.verb:set package 'ffw_swerve_drive_controller' build argument 'cmake_clean_cache' from command line to 'False'
[1.033s] Level 5:colcon.colcon_core.verb:set package 'ffw_swerve_drive_controller' build argument 'cmake_clean_first' from command line to 'False'
[1.033s] Level 5:colcon.colcon_core.verb:set package 'ffw_swerve_drive_controller' build argument 'cmake_force_configure' from command line to 'False'
[1.033s] Level 5:colcon.colcon_core.verb:set package 'ffw_swerve_drive_controller' build argument 'ament_cmake_args' from command line to 'None'
[1.033s] Level 5:colcon.colcon_core.verb:set package 'ffw_swerve_drive_controller' build argument 'catkin_cmake_args' from command line to 'None'
[1.034s] Level 5:colcon.colcon_core.verb:set package 'ffw_swerve_drive_controller' build argument 'catkin_skip_building_tests' from command line to 'False'
[1.034s] DEBUG:colcon.colcon_core.verb:Building package 'ffw_swerve_drive_controller' with the following arguments: {'ament_cmake_args': None, 'build_base': '/root/workspaces/ros2_ws/build/ffw_swerve_drive_controller', 'catkin_cmake_args': None, 'catkin_skip_building_tests': False, 'cmake_args': None, 'cmake_clean_cache': False, 'cmake_clean_first': False, 'cmake_force_configure': False, 'cmake_target': None, 'cmake_target_skip_unavailable': False, 'install_base': '/root/workspaces/ros2_ws/install/ffw_swerve_drive_controller', 'merge_install': False, 'path': '/root/workspaces/ros2_ws/src/ai-worker-sim/ffw_swerve_drive_controller', 'symlink_install': False, 'test_result_base': None}
[1.041s] Level 5:colcon.colcon_core.verb:set package 'ffw_teleop' build argument 'cmake_args' from command line to 'None'
[1.041s] Level 5:colcon.colcon_core.verb:set package 'ffw_teleop' build argument 'cmake_target' from command line to 'None'
[1.041s] Level 5:colcon.colcon_core.verb:set package 'ffw_teleop' build argument 'cmake_target_skip_unavailable' from command line to 'False'
[1.041s] Level 5:colcon.colcon_core.verb:set package 'ffw_teleop' build argument 'cmake_clean_cache' from command line to 'False'
[1.041s] Level 5:colcon.colcon_core.verb:set package 'ffw_teleop' build argument 'cmake_clean_first' from command line to 'False'
[1.041s] Level 5:colcon.colcon_core.verb:set package 'ffw_teleop' build argument 'cmake_force_configure' from command line to 'False'
[1.041s] Level 5:colcon.colcon_core.verb:set package 'ffw_teleop' build argument 'ament_cmake_args' from command line to 'None'
[1.041s] Level 5:colcon.colcon_core.verb:set package 'ffw_teleop' build argument 'catkin_cmake_args' from command line to 'None'
[1.041s] Level 5:colcon.colcon_core.verb:set package 'ffw_teleop' build argument 'catkin_skip_building_tests' from command line to 'False'
[1.041s] DEBUG:colcon.colcon_core.verb:Building package 'ffw_teleop' with the following arguments: {'ament_cmake_args': None, 'build_base': '/root/workspaces/ros2_ws/build/ffw_teleop', 'catkin_cmake_args': None, 'catkin_skip_building_tests': False, 'cmake_args': None, 'cmake_clean_cache': False, 'cmake_clean_first': False, 'cmake_force_configure': False, 'cmake_target': None, 'cmake_target_skip_unavailable': False, 'install_base': '/root/workspaces/ros2_ws/install/ffw_teleop', 'merge_install': False, 'path': '/root/workspaces/ros2_ws/src/ai-worker-sim/ffw_teleop', 'symlink_install': False, 'test_result_base': None}
[1.041s] Level 5:colcon.colcon_core.verb:set package 'human_detector' build argument 'cmake_args' from command line to 'None'
[1.041s] Level 5:colcon.colcon_core.verb:set package 'human_detector' build argument 'cmake_target' from command line to 'None'
[1.042s] Level 5:colcon.colcon_core.verb:set package 'human_detector' build argument 'cmake_target_skip_unavailable' from command line to 'False'
[1.042s] Level 5:colcon.colcon_core.verb:set package 'human_detector' build argument 'cmake_clean_cache' from command line to 'False'
[1.042s] Level 5:colcon.colcon_core.verb:set package 'human_detector' build argument 'cmake_clean_first' from command line to 'False'
[1.042s] Level 5:colcon.colcon_core.verb:set package 'human_detector' build argument 'cmake_force_configure' from command line to 'False'
[1.042s] Level 5:colcon.colcon_core.verb:set package 'human_detector' build argument 'ament_cmake_args' from command line to 'None'
[1.042s] Level 5:colcon.colcon_core.verb:set package 'human_detector' build argument 'catkin_cmake_args' from command line to 'None'
[1.042s] Level 5:colcon.colcon_core.verb:set package 'human_detector' build argument 'catkin_skip_building_tests' from command line to 'False'
[1.042s] DEBUG:colcon.colcon_core.verb:Building package 'human_detector' with the following arguments: {'ament_cmake_args': None, 'build_base': '/root/workspaces/ros2_ws/build/human_detector', 'catkin_cmake_args': None, 'catkin_skip_building_tests': False, 'cmake_args': None, 'cmake_clean_cache': False, 'cmake_clean_first': False, 'cmake_force_configure': False, 'cmake_target': None, 'cmake_target_skip_unavailable': False, 'install_base': '/root/workspaces/ros2_ws/install/human_detector', 'merge_install': False, 'path': '/root/workspaces/ros2_ws/src/ai-worker-sim/human_detector', 'symlink_install': False, 'test_result_base': None}
[1.042s] Level 5:colcon.colcon_core.verb:set package 'library_world' build argument 'cmake_args' from command line to 'None'
[1.042s] Level 5:colcon.colcon_core.verb:set package 'library_world' build argument 'cmake_target' from command line to 'None'
[1.042s] Level 5:colcon.colcon_core.verb:set package 'library_world' build argument 'cmake_target_skip_unavailable' from command line to 'False'
[1.042s] Level 5:colcon.colcon_core.verb:set package 'library_world' build argument 'cmake_clean_cache' from command line to 'False'
[1.042s] Level 5:colcon.colcon_core.verb:set package 'library_world' build argument 'cmake_clean_first' from command line to 'False'
[1.042s] Level 5:colcon.colcon_core.verb:set package 'library_world' build argument 'cmake_force_configure' from command line to 'False'
[1.043s] Level 5:colcon.colcon_core.verb:set package 'library_world' build argument 'ament_cmake_args' from command line to 'None'
[1.043s] Level 5:colcon.colcon_core.verb:set package 'library_world' build argument 'catkin_cmake_args' from command line to 'None'
[1.043s] Level 5:colcon.colcon_core.verb:set package 'library_world' build argument 'catkin_skip_building_tests' from command line to 'False'
[1.043s] DEBUG:colcon.colcon_core.verb:Building package 'library_world' with the following arguments: {'ament_cmake_args': None, 'build_base': '/root/workspaces/ros2_ws/build/library_world', 'catkin_cmake_args': None, 'catkin_skip_building_tests': False, 'cmake_args': None, 'cmake_clean_cache': False, 'cmake_clean_first': False, 'cmake_force_configure': False, 'cmake_target': None, 'cmake_target_skip_unavailable': False, 'install_base': '/root/workspaces/ros2_ws/install/library_world', 'merge_install': False, 'path': '/root/workspaces/ros2_ws/src/ai-worker-sim/library_world', 'symlink_install': False, 'test_result_base': None}
[1.044s] Level 5:colcon.colcon_core.verb:set package 'warehouse_world' build argument 'cmake_args' from command line to 'None'
[1.044s] Level 5:colcon.colcon_core.verb:set package 'warehouse_world' build argument 'cmake_target' from command line to 'None'
[1.044s] Level 5:colcon.colcon_core.verb:set package 'warehouse_world' build argument 'cmake_target_skip_unavailable' from command line to 'False'
[1.044s] Level 5:colcon.colcon_core.verb:set package 'warehouse_world' build argument 'cmake_clean_cache' from command line to 'False'
[1.044s] Level 5:colcon.colcon_core.verb:set package 'warehouse_world' build argument 'cmake_clean_first' from command line to 'False'
[1.044s] Level 5:colcon.colcon_core.verb:set package 'warehouse_world' build argument 'cmake_force_configure' from command line to 'False'
[1.044s] Level 5:colcon.colcon_core.verb:set package 'warehouse_world' build argument 'ament_cmake_args' from command line to 'None'
[1.044s] Level 5:colcon.colcon_core.verb:set package 'warehouse_world' build argument 'catkin_cmake_args' from command line to 'None'
[1.044s] Level 5:colcon.colcon_core.verb:set package 'warehouse_world' build argument 'catkin_skip_building_tests' from command line to 'False'
[1.044s] DEBUG:colcon.colcon_core.verb:Building package 'warehouse_world' with the following arguments: {'ament_cmake_args': None, 'build_base': '/root/workspaces/ros2_ws/build/warehouse_world', 'catkin_cmake_args': None, 'catkin_skip_building_tests': False, 'cmake_args': None, 'cmake_clean_cache': False, 'cmake_clean_first': False, 'cmake_force_configure': False, 'cmake_target': None, 'cmake_target_skip_unavailable': False, 'install_base': '/root/workspaces/ros2_ws/install/warehouse_world', 'merge_install': False, 'path': '/root/workspaces/ros2_ws/src/ai-worker-sim/warehouse_world', 'symlink_install': False, 'test_result_base': None}
[1.060s] Level 5:colcon.colcon_core.verb:set package 'ffw_bringup' build argument 'cmake_args' from command line to 'None'
[1.060s] Level 5:colcon.colcon_core.verb:set package 'ffw_bringup' build argument 'cmake_target' from command line to 'None'
[1.060s] Level 5:colcon.colcon_core.verb:set package 'ffw_bringup' build argument 'cmake_target_skip_unavailable' from command line to 'False'
[1.060s] Level 5:colcon.colcon_core.verb:set package 'ffw_bringup' build argument 'cmake_clean_cache' from command line to 'False'
[1.060s] Level 5:colcon.colcon_core.verb:set package 'ffw_bringup' build argument 'cmake_clean_first' from command line to 'False'
[1.060s] Level 5:colcon.colcon_core.verb:set package 'ffw_bringup' build argument 'cmake_force_configure' from command line to 'False'
[1.060s] Level 5:colcon.colcon_core.verb:set package 'ffw_bringup' build argument 'ament_cmake_args' from command line to 'None'
[1.060s] Level 5:colcon.colcon_core.verb:set package 'ffw_bringup' build argument 'catkin_cmake_args' from command line to 'None'
[1.060s] Level 5:colcon.colcon_core.verb:set package 'ffw_bringup' build argument 'catkin_skip_building_tests' from command line to 'False'
[1.060s] DEBUG:colcon.colcon_core.verb:Building package 'ffw_bringup' with the following arguments: {'ament_cmake_args': None, 'build_base': '/root/workspaces/ros2_ws/build/ffw_bringup', 'catkin_cmake_args': None, 'catkin_skip_building_tests': False, 'cmake_args': None, 'cmake_clean_cache': False, 'cmake_clean_first': False, 'cmake_force_configure': False, 'cmake_target': None, 'cmake_target_skip_unavailable': False, 'install_base': '/root/workspaces/ros2_ws/install/ffw_bringup', 'merge_install': False, 'path': '/root/workspaces/ros2_ws/src/ai-worker-sim/ffw_bringup', 'symlink_install': False, 'test_result_base': None}
[1.061s] INFO:colcon.colcon_core.executor:Executing jobs using 'parallel' executor
[1.064s] DEBUG:colcon.colcon_parallel_executor.executor.parallel:run_until_complete
[1.066s] INFO:colcon.colcon_ros.task.ament_cmake.build:Building ROS package in '/root/workspaces/ros2_ws/src/ai-worker-sim/ffw_description' with build type 'ament_cmake'
[1.066s] INFO:colcon.colcon_cmake.task.cmake.build:Building CMake package in '/root/workspaces/ros2_ws/src/ai-worker-sim/ffw_description'
[1.070s] INFO:colcon.colcon_core.plugin_system:Skipping extension 'colcon_core.shell.bat': Not used on non-Windows systems
[1.072s] INFO:colcon.colcon_core.shell:Skip shell extension 'powershell' for command environment: Not usable outside of PowerShell
[1.072s] DEBUG:colcon.colcon_core.shell:Skip shell extension 'dsv' for command environment
[1.160s] INFO:colcon.colcon_ros.task.ament_cmake.build:Building ROS package in '/root/workspaces/ros2_ws/src/ai-worker-sim/ffw_moveit_config' with build type 'ament_cmake'
[1.160s] INFO:colcon.colcon_cmake.task.cmake.build:Building CMake package in '/root/workspaces/ros2_ws/src/ai-worker-sim/ffw_moveit_config'
[1.165s] INFO:colcon.colcon_core.shell:Skip shell extension 'powershell' for command environment: Not usable outside of PowerShell
[1.165s] DEBUG:colcon.colcon_core.shell:Skip shell extension 'dsv' for command environment
[1.229s] INFO:colcon.colcon_ros.task.ament_cmake.build:Building ROS package in '/root/workspaces/ros2_ws/src/ai-worker-sim/ffw_navigation' with build type 'ament_cmake'
[1.229s] INFO:colcon.colcon_cmake.task.cmake.build:Building CMake package in '/root/workspaces/ros2_ws/src/ai-worker-sim/ffw_navigation'
[1.236s] INFO:colcon.colcon_core.shell:Skip shell extension 'powershell' for command environment: Not usable outside of PowerShell
[1.236s] DEBUG:colcon.colcon_core.shell:Skip shell extension 'dsv' for command environment
[1.297s] INFO:colcon.colcon_ros.task.ament_cmake.build:Building ROS package in '/root/workspaces/ros2_ws/src/ai-worker-sim/ffw_swerve_drive_controller' with build type 'ament_cmake'
[1.298s] INFO:colcon.colcon_cmake.task.cmake.build:Building CMake package in '/root/workspaces/ros2_ws/src/ai-worker-sim/ffw_swerve_drive_controller'
[1.298s] INFO:colcon.colcon_core.shell:Skip shell extension 'powershell' for command environment: Not usable outside of PowerShell
[1.298s] DEBUG:colcon.colcon_core.shell:Skip shell extension 'dsv' for command environment
[1.500s] DEBUG:colcon.colcon_core.event_handler.log_command:Invoking command in '/root/workspaces/ros2_ws/build/ffw_description': CMAKE_PREFIX_PATH=${CMAKE_PREFIX_PATH}:/root/workspaces/ros2_ws/install/human_detector:/root/workspaces/ros2_ws/install/ffw_teleop:/root/workspaces/ros2_ws/install/ffw_bringup:/opt/ros/jazzy /usr/bin/cmake --build /root/workspaces/ros2_ws/build/ffw_description -- -j4 -l4
[1.551s] DEBUG:colcon.colcon_core.event_handler.log_command:Invoking command in '/root/workspaces/ros2_ws/build/ffw_moveit_config': CMAKE_PREFIX_PATH=${CMAKE_PREFIX_PATH}:/root/workspaces/ros2_ws/install/human_detector:/root/workspaces/ros2_ws/install/ffw_teleop:/root/workspaces/ros2_ws/install/ffw_bringup:/opt/ros/jazzy /usr/bin/cmake --build /root/workspaces/ros2_ws/build/ffw_moveit_config -- -j4 -l4
[1.612s] DEBUG:colcon.colcon_core.event_handler.log_command:Invoking command in '/root/workspaces/ros2_ws/build/ffw_navigation': CMAKE_PREFIX_PATH=${CMAKE_PREFIX_PATH}:/root/workspaces/ros2_ws/install/human_detector:/root/workspaces/ros2_ws/install/ffw_teleop:/root/workspaces/ros2_ws/install/ffw_bringup:/opt/ros/jazzy /usr/bin/cmake --build /root/workspaces/ros2_ws/build/ffw_navigation -- -j4 -l4
[1.688s] DEBUG:colcon.colcon_core.event_handler.log_command:Invoking command in '/root/workspaces/ros2_ws/build/ffw_swerve_drive_controller': CMAKE_PREFIX_PATH=${CMAKE_PREFIX_PATH}:/root/workspaces/ros2_ws/install/human_detector:/root/workspaces/ros2_ws/install/ffw_teleop:/root/workspaces/ros2_ws/install/ffw_bringup:/opt/ros/jazzy /usr/bin/cmake --build /root/workspaces/ros2_ws/build/ffw_swerve_drive_controller -- -j4 -l4
[1.689s] DEBUG:colcon.colcon_core.event_handler.log_command:Invoked command in '/root/workspaces/ros2_ws/build/ffw_moveit_config' returned '0': CMAKE_PREFIX_PATH=${CMAKE_PREFIX_PATH}:/root/workspaces/ros2_ws/install/human_detector:/root/workspaces/ros2_ws/install/ffw_teleop:/root/workspaces/ros2_ws/install/ffw_bringup:/opt/ros/jazzy /usr/bin/cmake --build /root/workspaces/ros2_ws/build/ffw_moveit_config -- -j4 -l4
[1.689s] DEBUG:colcon.colcon_core.event_handler.log_command:Invoking command in '/root/workspaces/ros2_ws/build/ffw_moveit_config': CMAKE_PREFIX_PATH=${CMAKE_PREFIX_PATH}:/root/workspaces/ros2_ws/install/human_detector:/root/workspaces/ros2_ws/install/ffw_teleop:/root/workspaces/ros2_ws/install/ffw_bringup:/opt/ros/jazzy /usr/bin/cmake --install /root/workspaces/ros2_ws/build/ffw_moveit_config
[1.690s] DEBUG:colcon.colcon_core.event_handler.log_command:Invoked command in '/root/workspaces/ros2_ws/build/ffw_description' returned '0': CMAKE_PREFIX_PATH=${CMAKE_PREFIX_PATH}:/root/workspaces/ros2_ws/install/human_detector:/root/workspaces/ros2_ws/install/ffw_teleop:/root/workspaces/ros2_ws/install/ffw_bringup:/opt/ros/jazzy /usr/bin/cmake --build /root/workspaces/ros2_ws/build/ffw_description -- -j4 -l4
[1.693s] DEBUG:colcon.colcon_core.event_handler.log_command:Invoking command in '/root/workspaces/ros2_ws/build/ffw_description': CMAKE_PREFIX_PATH=${CMAKE_PREFIX_PATH}:/root/workspaces/ros2_ws/install/human_detector:/root/workspaces/ros2_ws/install/ffw_teleop:/root/workspaces/ros2_ws/install/ffw_bringup:/opt/ros/jazzy /usr/bin/cmake --install /root/workspaces/ros2_ws/build/ffw_description
[1.989s] Level 1:colcon.colcon_core.environment:create_environment_scripts_only(ffw_moveit_config)
[1.994s] Level 1:colcon.colcon_core.environment:checking '/root/workspaces/ros2_ws/install/ffw_moveit_config' for CMake module files
[1.999s] Level 1:colcon.colcon_core.environment:checking '/root/workspaces/ros2_ws/install/ffw_moveit_config' for CMake config files
[2.011s] Level 1:colcon.colcon_core.shell:create_environment_hook('ffw_moveit_config', 'cmake_prefix_path')
[2.012s] INFO:colcon.colcon_core.shell:Creating environment hook '/root/workspaces/ros2_ws/install/ffw_moveit_config/share/ffw_moveit_config/hook/cmake_prefix_path.ps1'
[2.033s] INFO:colcon.colcon_core.shell:Creating environment descriptor '/root/workspaces/ros2_ws/install/ffw_moveit_config/share/ffw_moveit_config/hook/cmake_prefix_path.dsv'
[2.050s] INFO:colcon.colcon_core.shell:Creating environment hook '/root/workspaces/ros2_ws/install/ffw_moveit_config/share/ffw_moveit_config/hook/cmake_prefix_path.sh'
[2.069s] Level 1:colcon.colcon_core.environment:checking '/root/workspaces/ros2_ws/install/ffw_moveit_config/bin'
[2.069s] Level 1:colcon.colcon_core.environment:checking '/root/workspaces/ros2_ws/install/ffw_moveit_config/lib/pkgconfig/ffw_moveit_config.pc'
[2.070s] Level 1:colcon.colcon_core.environment:checking '/root/workspaces/ros2_ws/install/ffw_moveit_config/lib/python3.12/site-packages'
[2.070s] Level 1:colcon.colcon_core.environment:checking '/root/workspaces/ros2_ws/install/ffw_moveit_config/bin'
[2.071s] INFO:colcon.colcon_core.shell:Creating package script '/root/workspaces/ros2_ws/install/ffw_moveit_config/share/ffw_moveit_config/package.ps1'
[2.090s] INFO:colcon.colcon_core.shell:Creating package descriptor '/root/workspaces/ros2_ws/install/ffw_moveit_config/share/ffw_moveit_config/package.dsv'
[2.111s] INFO:colcon.colcon_core.shell:Creating package script '/root/workspaces/ros2_ws/install/ffw_moveit_config/share/ffw_moveit_config/package.sh'
[2.128s] INFO:colcon.colcon_core.shell:Creating package script '/root/workspaces/ros2_ws/install/ffw_moveit_config/share/ffw_moveit_config/package.bash'
[2.143s] INFO:colcon.colcon_core.shell:Creating package script '/root/workspaces/ros2_ws/install/ffw_moveit_config/share/ffw_moveit_config/package.zsh'
[2.224s] Level 1:colcon.colcon_core.environment:create_file_with_runtime_dependencies(/root/workspaces/ros2_ws/install/ffw_moveit_config/share/colcon-core/packages/ffw_moveit_config)
[2.245s] Level 1:colcon.colcon_core.environment:create_environment_scripts_only(ffw_moveit_config)
[2.246s] Level 1:colcon.colcon_core.environment:checking '/root/workspaces/ros2_ws/install/ffw_moveit_config' for CMake module files
[2.257s] DEBUG:colcon.colcon_core.event_handler.log_command:Invoked command in '/root/workspaces/ros2_ws/build/ffw_moveit_config' returned '0': CMAKE_PREFIX_PATH=${CMAKE_PREFIX_PATH}:/root/workspaces/ros2_ws/install/human_detector:/root/workspaces/ros2_ws/install/ffw_teleop:/root/workspaces/ros2_ws/install/ffw_bringup:/opt/ros/jazzy /usr/bin/cmake --install /root/workspaces/ros2_ws/build/ffw_moveit_config
[2.258s] Level 1:colcon.colcon_core.environment:checking '/root/workspaces/ros2_ws/install/ffw_moveit_config' for CMake config files
[2.283s] Level 1:colcon.colcon_core.shell:create_environment_hook('ffw_moveit_config', 'cmake_prefix_path')
[2.283s] INFO:colcon.colcon_core.shell:Creating environment hook '/root/workspaces/ros2_ws/install/ffw_moveit_config/share/ffw_moveit_config/hook/cmake_prefix_path.ps1'
[2.300s] INFO:colcon.colcon_core.shell:Creating environment descriptor '/root/workspaces/ros2_ws/install/ffw_moveit_config/share/ffw_moveit_config/hook/cmake_prefix_path.dsv'
[2.315s] INFO:colcon.colcon_core.shell:Creating environment hook '/root/workspaces/ros2_ws/install/ffw_moveit_config/share/ffw_moveit_config/hook/cmake_prefix_path.sh'
[2.332s] Level 1:colcon.colcon_core.environment:checking '/root/workspaces/ros2_ws/install/ffw_moveit_config/bin'
[2.332s] Level 1:colcon.colcon_core.environment:checking '/root/workspaces/ros2_ws/install/ffw_moveit_config/lib/pkgconfig/ffw_moveit_config.pc'
[2.333s] Level 1:colcon.colcon_core.environment:checking '/root/workspaces/ros2_ws/install/ffw_moveit_config/lib/python3.12/site-packages'
[2.333s] Level 1:colcon.colcon_core.environment:checking '/root/workspaces/ros2_ws/install/ffw_moveit_config/bin'
[2.334s] INFO:colcon.colcon_core.shell:Creating package script '/root/workspaces/ros2_ws/install/ffw_moveit_config/share/ffw_moveit_config/package.ps1'
[2.350s] INFO:colcon.colcon_core.shell:Creating package descriptor '/root/workspaces/ros2_ws/install/ffw_moveit_config/share/ffw_moveit_config/package.dsv'
[2.366s] INFO:colcon.colcon_core.shell:Creating package script '/root/workspaces/ros2_ws/install/ffw_moveit_config/share/ffw_moveit_config/package.sh'
[2.381s] INFO:colcon.colcon_core.shell:Creating package script '/root/workspaces/ros2_ws/install/ffw_moveit_config/share/ffw_moveit_config/package.bash'
[2.399s] INFO:colcon.colcon_core.shell:Creating package script '/root/workspaces/ros2_ws/install/ffw_moveit_config/share/ffw_moveit_config/package.zsh'
[2.414s] Level 1:colcon.colcon_core.environment:create_file_with_runtime_dependencies(/root/workspaces/ros2_ws/install/ffw_moveit_config/share/colcon-core/packages/ffw_moveit_config)
[2.431s] INFO:colcon.colcon_ros.task.ament_python.build:Building ROS package in '/root/workspaces/ros2_ws/src/ai-worker-sim/ffw_teleop' with build type 'ament_python'
[2.434s] Level 1:colcon.colcon_core.shell:create_environment_hook('ffw_teleop', 'ament_prefix_path')
[2.434s] INFO:colcon.colcon_core.shell:Creating environment hook '/root/workspaces/ros2_ws/install/ffw_teleop/share/ffw_teleop/hook/ament_prefix_path.ps1'
[2.450s] INFO:colcon.colcon_core.shell:Creating environment descriptor '/root/workspaces/ros2_ws/install/ffw_teleop/share/ffw_teleop/hook/ament_prefix_path.dsv'
[2.464s] INFO:colcon.colcon_core.shell:Creating environment hook '/root/workspaces/ros2_ws/install/ffw_teleop/share/ffw_teleop/hook/ament_prefix_path.sh'
[2.482s] INFO:colcon.colcon_core.shell:Skip shell extension 'powershell' for command environment: Not usable outside of PowerShell
[2.482s] DEBUG:colcon.colcon_core.shell:Skip shell extension 'dsv' for command environment
[2.646s] Level 1:colcon.colcon_core.environment:create_environment_scripts_only(ffw_description)
[2.647s] Level 1:colcon.colcon_core.environment:checking '/root/workspaces/ros2_ws/install/ffw_description' for CMake module files
[2.651s] Level 1:colcon.colcon_core.environment:checking '/root/workspaces/ros2_ws/install/ffw_description' for CMake config files
[2.673s] Level 1:colcon.colcon_core.shell:create_environment_hook('ffw_description', 'cmake_prefix_path')
[2.674s] INFO:colcon.colcon_core.shell:Creating environment hook '/root/workspaces/ros2_ws/install/ffw_description/share/ffw_description/hook/cmake_prefix_path.ps1'
[2.681s] DEBUG:colcon.colcon_core.event_handler.log_command:Invoked command in '/root/workspaces/ros2_ws/build/ffw_navigation' returned '0': CMAKE_PREFIX_PATH=${CMAKE_PREFIX_PATH}:/root/workspaces/ros2_ws/install/human_detector:/root/workspaces/ros2_ws/install/ffw_teleop:/root/workspaces/ros2_ws/install/ffw_bringup:/opt/ros/jazzy /usr/bin/cmake --build /root/workspaces/ros2_ws/build/ffw_navigation -- -j4 -l4
[2.682s] DEBUG:colcon.colcon_core.event_handler.log_command:Invoking command in '/root/workspaces/ros2_ws/build/ffw_navigation': CMAKE_PREFIX_PATH=${CMAKE_PREFIX_PATH}:/root/workspaces/ros2_ws/install/human_detector:/root/workspaces/ros2_ws/install/ffw_teleop:/root/workspaces/ros2_ws/install/ffw_bringup:/opt/ros/jazzy /usr/bin/cmake --install /root/workspaces/ros2_ws/build/ffw_navigation
[2.682s] DEBUG:colcon.colcon_core.event_handler.log_command:Invoked command in '/root/workspaces/ros2_ws/build/ffw_swerve_drive_controller' returned '0': CMAKE_PREFIX_PATH=${CMAKE_PREFIX_PATH}:/root/workspaces/ros2_ws/install/human_detector:/root/workspaces/ros2_ws/install/ffw_teleop:/root/workspaces/ros2_ws/install/ffw_bringup:/opt/ros/jazzy /usr/bin/cmake --build /root/workspaces/ros2_ws/build/ffw_swerve_drive_controller -- -j4 -l4
[2.683s] DEBUG:colcon.colcon_core.event_handler.log_command:Invoking command in '/root/workspaces/ros2_ws/build/ffw_swerve_drive_controller': CMAKE_PREFIX_PATH=${CMAKE_PREFIX_PATH}:/root/workspaces/ros2_ws/install/human_detector:/root/workspaces/ros2_ws/install/ffw_teleop:/root/workspaces/ros2_ws/install/ffw_bringup:/opt/ros/jazzy /usr/bin/cmake --install /root/workspaces/ros2_ws/build/ffw_swerve_drive_controller
[2.684s] DEBUG:colcon.colcon_core.event_handler.log_command:Invoked command in '/root/workspaces/ros2_ws/build/ffw_description' returned '0': CMAKE_PREFIX_PATH=${CMAKE_PREFIX_PATH}:/root/workspaces/ros2_ws/install/human_detector:/root/workspaces/ros2_ws/install/ffw_teleop:/root/workspaces/ros2_ws/install/ffw_bringup:/opt/ros/jazzy /usr/bin/cmake --install /root/workspaces/ros2_ws/build/ffw_description
[2.692s] INFO:colcon.colcon_core.shell:Creating environment descriptor '/root/workspaces/ros2_ws/install/ffw_description/share/ffw_description/hook/cmake_prefix_path.dsv'
[2.707s] INFO:colcon.colcon_core.shell:Creating environment hook '/root/workspaces/ros2_ws/install/ffw_description/share/ffw_description/hook/cmake_prefix_path.sh'
[2.725s] Level 1:colcon.colcon_core.environment:checking '/root/workspaces/ros2_ws/install/ffw_description/bin'
[2.725s] Level 1:colcon.colcon_core.environment:checking '/root/workspaces/ros2_ws/install/ffw_description/lib/pkgconfig/ffw_description.pc'
[2.726s] Level 1:colcon.colcon_core.environment:checking '/root/workspaces/ros2_ws/install/ffw_description/lib/python3.12/site-packages'
[2.728s] Level 1:colcon.colcon_core.environment:checking '/root/workspaces/ros2_ws/install/ffw_description/bin'
[2.729s] INFO:colcon.colcon_core.shell:Creating package script '/root/workspaces/ros2_ws/install/ffw_description/share/ffw_description/package.ps1'
[2.745s] INFO:colcon.colcon_core.shell:Creating package descriptor '/root/workspaces/ros2_ws/install/ffw_description/share/ffw_description/package.dsv'
[2.763s] INFO:colcon.colcon_core.shell:Creating package script '/root/workspaces/ros2_ws/install/ffw_description/share/ffw_description/package.sh'
[2.782s] INFO:colcon.colcon_core.shell:Creating package script '/root/workspaces/ros2_ws/install/ffw_description/share/ffw_description/package.bash'
[2.798s] INFO:colcon.colcon_core.shell:Creating package script '/root/workspaces/ros2_ws/install/ffw_description/share/ffw_description/package.zsh'
[2.813s] Level 1:colcon.colcon_core.environment:create_file_with_runtime_dependencies(/root/workspaces/ros2_ws/install/ffw_description/share/colcon-core/packages/ffw_description)
[2.838s] Level 1:colcon.colcon_core.environment:create_environment_scripts_only(ffw_description)
[2.838s] Level 1:colcon.colcon_core.environment:checking '/root/workspaces/ros2_ws/install/ffw_description' for CMake module files
[2.859s] Level 1:colcon.colcon_core.environment:checking '/root/workspaces/ros2_ws/install/ffw_description' for CMake config files
[2.880s] Level 1:colcon.colcon_core.shell:create_environment_hook('ffw_description', 'cmake_prefix_path')
[2.883s] INFO:colcon.colcon_core.shell:Creating environment hook '/root/workspaces/ros2_ws/install/ffw_description/share/ffw_description/hook/cmake_prefix_path.ps1'
[2.902s] INFO:colcon.colcon_core.shell:Creating environment descriptor '/root/workspaces/ros2_ws/install/ffw_description/share/ffw_description/hook/cmake_prefix_path.dsv'
[2.918s] INFO:colcon.colcon_core.shell:Creating environment hook '/root/workspaces/ros2_ws/install/ffw_description/share/ffw_description/hook/cmake_prefix_path.sh'
[2.936s] Level 1:colcon.colcon_core.environment:checking '/root/workspaces/ros2_ws/install/ffw_description/bin'
[2.937s] Level 1:colcon.colcon_core.environment:checking '/root/workspaces/ros2_ws/install/ffw_description/lib/pkgconfig/ffw_description.pc'
[2.937s] Level 1:colcon.colcon_core.environment:checking '/root/workspaces/ros2_ws/install/ffw_description/lib/python3.12/site-packages'
[2.938s] Level 1:colcon.colcon_core.environment:checking '/root/workspaces/ros2_ws/install/ffw_description/bin'
[2.938s] INFO:colcon.colcon_core.shell:Creating package script '/root/workspaces/ros2_ws/install/ffw_description/share/ffw_description/package.ps1'
[2.954s] INFO:colcon.colcon_core.shell:Creating package descriptor '/root/workspaces/ros2_ws/install/ffw_description/share/ffw_description/package.dsv'
[2.971s] INFO:colcon.colcon_core.shell:Creating package script '/root/workspaces/ros2_ws/install/ffw_description/share/ffw_description/package.sh'
[2.996s] INFO:colcon.colcon_core.shell:Creating package script '/root/workspaces/ros2_ws/install/ffw_description/share/ffw_description/package.bash'
[3.020s] INFO:colcon.colcon_core.shell:Creating package script '/root/workspaces/ros2_ws/install/ffw_description/share/ffw_description/package.zsh'
[3.036s] Level 1:colcon.colcon_core.environment:create_file_with_runtime_dependencies(/root/workspaces/ros2_ws/install/ffw_description/share/colcon-core/packages/ffw_description)
[3.050s] INFO:colcon.colcon_ros.task.ament_python.build:Building ROS package in '/root/workspaces/ros2_ws/src/ai-worker-sim/human_detector' with build type 'ament_python'
[3.051s] Level 1:colcon.colcon_core.shell:create_environment_hook('human_detector', 'ament_prefix_path')
[3.051s] INFO:colcon.colcon_core.shell:Creating environment hook '/root/workspaces/ros2_ws/install/human_detector/share/human_detector/hook/ament_prefix_path.ps1'
[3.066s] INFO:colcon.colcon_core.shell:Creating environment descriptor '/root/workspaces/ros2_ws/install/human_detector/share/human_detector/hook/ament_prefix_path.dsv'
[3.086s] INFO:colcon.colcon_core.shell:Creating environment hook '/root/workspaces/ros2_ws/install/human_detector/share/human_detector/hook/ament_prefix_path.sh'
[3.101s] INFO:colcon.colcon_core.shell:Skip shell extension 'powershell' for command environment: Not usable outside of PowerShell
[3.101s] DEBUG:colcon.colcon_core.shell:Skip shell extension 'dsv' for command environment
[3.644s] INFO:colcon.colcon_core.task.python.build:Building Python package in '/root/workspaces/ros2_ws/src/ai-worker-sim/ffw_teleop'
[3.644s] INFO:colcon.colcon_core.shell:Skip shell extension 'powershell' for command environment: Not usable outside of PowerShell
[3.649s] DEBUG:colcon.colcon_core.shell:Skip shell extension 'dsv' for command environment
[3.719s] Level 1:colcon.colcon_core.environment:create_environment_scripts_only(ffw_navigation)
[3.719s] Level 1:colcon.colcon_core.environment:checking '/root/workspaces/ros2_ws/install/ffw_navigation' for CMake module files
[3.720s] DEBUG:colcon.colcon_core.event_handler.log_command:Invoked command in '/root/workspaces/ros2_ws/build/ffw_navigation' returned '0': CMAKE_PREFIX_PATH=${CMAKE_PREFIX_PATH}:/root/workspaces/ros2_ws/install/human_detector:/root/workspaces/ros2_ws/install/ffw_teleop:/root/workspaces/ros2_ws/install/ffw_bringup:/opt/ros/jazzy /usr/bin/cmake --install /root/workspaces/ros2_ws/build/ffw_navigation
[3.729s] Level 1:colcon.colcon_core.environment:checking '/root/workspaces/ros2_ws/install/ffw_navigation' for CMake config files
[3.740s] Level 1:colcon.colcon_core.shell:create_environment_hook('ffw_navigation', 'cmake_prefix_path')
[3.741s] INFO:colcon.colcon_core.shell:Creating environment hook '/root/workspaces/ros2_ws/install/ffw_navigation/share/ffw_navigation/hook/cmake_prefix_path.ps1'
[3.755s] INFO:colcon.colcon_core.shell:Creating environment descriptor '/root/workspaces/ros2_ws/install/ffw_navigation/share/ffw_navigation/hook/cmake_prefix_path.dsv'
[3.769s] INFO:colcon.colcon_core.shell:Creating environment hook '/root/workspaces/ros2_ws/install/ffw_navigation/share/ffw_navigation/hook/cmake_prefix_path.sh'
[3.785s] Level 1:colcon.colcon_core.environment:checking '/root/workspaces/ros2_ws/install/ffw_navigation/lib'
[3.786s] Level 1:colcon.colcon_core.shell:create_environment_hook('ffw_navigation', 'ld_library_path_lib')
[3.786s] INFO:colcon.colcon_core.shell:Creating environment hook '/root/workspaces/ros2_ws/install/ffw_navigation/share/ffw_navigation/hook/ld_library_path_lib.ps1'
[3.800s] INFO:colcon.colcon_core.shell:Creating environment descriptor '/root/workspaces/ros2_ws/install/ffw_navigation/share/ffw_navigation/hook/ld_library_path_lib.dsv'
[3.814s] INFO:colcon.colcon_core.shell:Creating environment hook '/root/workspaces/ros2_ws/install/ffw_navigation/share/ffw_navigation/hook/ld_library_path_lib.sh'
[3.828s] Level 1:colcon.colcon_core.environment:checking '/root/workspaces/ros2_ws/install/ffw_navigation/bin'
[3.828s] Level 1:colcon.colcon_core.environment:checking '/root/workspaces/ros2_ws/install/ffw_navigation/lib/pkgconfig/ffw_navigation.pc'
[3.833s] Level 1:colcon.colcon_core.environment:checking '/root/workspaces/ros2_ws/install/ffw_navigation/lib/python3.12/site-packages'
[3.839s] Level 1:colcon.colcon_core.environment:checking '/root/workspaces/ros2_ws/install/ffw_navigation/bin'
[3.854s] INFO:colcon.colcon_core.shell:Creating package script '/root/workspaces/ros2_ws/install/ffw_navigation/share/ffw_navigation/package.ps1'
[3.875s] INFO:colcon.colcon_core.shell:Creating package descriptor '/root/workspaces/ros2_ws/install/ffw_navigation/share/ffw_navigation/package.dsv'
[3.890s] INFO:colcon.colcon_core.shell:Creating package script '/root/workspaces/ros2_ws/install/ffw_navigation/share/ffw_navigation/package.sh'
[3.905s] INFO:colcon.colcon_core.shell:Creating package script '/root/workspaces/ros2_ws/install/ffw_navigation/share/ffw_navigation/package.bash'
[3.918s] INFO:colcon.colcon_core.shell:Creating package script '/root/workspaces/ros2_ws/install/ffw_navigation/share/ffw_navigation/package.zsh'
[3.934s] Level 1:colcon.colcon_core.environment:create_file_with_runtime_dependencies(/root/workspaces/ros2_ws/install/ffw_navigation/share/colcon-core/packages/ffw_navigation)
[3.953s] Level 1:colcon.colcon_core.environment:create_environment_scripts_only(ffw_navigation)
[3.954s] Level 1:colcon.colcon_core.environment:checking '/root/workspaces/ros2_ws/install/ffw_navigation' for CMake module files
[3.963s] Level 1:colcon.colcon_core.environment:checking '/root/workspaces/ros2_ws/install/ffw_navigation' for CMake config files
[3.975s] Level 1:colcon.colcon_core.shell:create_environment_hook('ffw_navigation', 'cmake_prefix_path')
[3.975s] INFO:colcon.colcon_core.shell:Creating environment hook '/root/workspaces/ros2_ws/install/ffw_navigation/share/ffw_navigation/hook/cmake_prefix_path.ps1'
[3.996s] INFO:colcon.colcon_core.shell:Creating environment descriptor '/root/workspaces/ros2_ws/install/ffw_navigation/share/ffw_navigation/hook/cmake_prefix_path.dsv'
[4.011s] INFO:colcon.colcon_core.shell:Creating environment hook '/root/workspaces/ros2_ws/install/ffw_navigation/share/ffw_navigation/hook/cmake_prefix_path.sh'
[4.026s] Level 1:colcon.colcon_core.environment:checking '/root/workspaces/ros2_ws/install/ffw_navigation/lib'
[4.027s] Level 1:colcon.colcon_core.shell:create_environment_hook('ffw_navigation', 'ld_library_path_lib')
[4.031s] INFO:colcon.colcon_core.shell:Creating environment hook '/root/workspaces/ros2_ws/install/ffw_navigation/share/ffw_navigation/hook/ld_library_path_lib.ps1'
[4.051s] INFO:colcon.colcon_core.shell:Creating environment descriptor '/root/workspaces/ros2_ws/install/ffw_navigation/share/ffw_navigation/hook/ld_library_path_lib.dsv'
[4.067s] INFO:colcon.colcon_core.shell:Creating environment hook '/root/workspaces/ros2_ws/install/ffw_navigation/share/ffw_navigation/hook/ld_library_path_lib.sh'
[4.082s] Level 1:colcon.colcon_core.environment:checking '/root/workspaces/ros2_ws/install/ffw_navigation/bin'
[4.083s] Level 1:colcon.colcon_core.environment:checking '/root/workspaces/ros2_ws/install/ffw_navigation/lib/pkgconfig/ffw_navigation.pc'
[4.083s] Level 1:colcon.colcon_core.environment:checking '/root/workspaces/ros2_ws/install/ffw_navigation/lib/python3.12/site-packages'
[4.084s] Level 1:colcon.colcon_core.environment:checking '/root/workspaces/ros2_ws/install/ffw_navigation/bin'
[4.084s] INFO:colcon.colcon_core.shell:Creating package script '/root/workspaces/ros2_ws/install/ffw_navigation/share/ffw_navigation/package.ps1'
[4.100s] INFO:colcon.colcon_core.shell:Creating package descriptor '/root/workspaces/ros2_ws/install/ffw_navigation/share/ffw_navigation/package.dsv'
[4.114s] INFO:colcon.colcon_core.shell:Creating package script '/root/workspaces/ros2_ws/install/ffw_navigation/share/ffw_navigation/package.sh'
[4.129s] INFO:colcon.colcon_core.shell:Creating package script '/root/workspaces/ros2_ws/install/ffw_navigation/share/ffw_navigation/package.bash'
[4.143s] INFO:colcon.colcon_core.shell:Creating package script '/root/workspaces/ros2_ws/install/ffw_navigation/share/ffw_navigation/package.zsh'
[4.161s] Level 1:colcon.colcon_core.environment:create_file_with_runtime_dependencies(/root/workspaces/ros2_ws/install/ffw_navigation/share/colcon-core/packages/ffw_navigation)
[4.176s] Level 1:colcon.colcon_core.environment:create_environment_scripts_only(ffw_swerve_drive_controller)
[4.176s] Level 1:colcon.colcon_core.environment:checking '/root/workspaces/ros2_ws/install/ffw_swerve_drive_controller' for CMake module files
[4.184s] Level 1:colcon.colcon_core.environment:checking '/root/workspaces/ros2_ws/install/ffw_swerve_drive_controller' for CMake config files
[4.196s] Level 1:colcon.colcon_core.shell:create_environment_hook('ffw_swerve_drive_controller', 'cmake_prefix_path')
[4.197s] INFO:colcon.colcon_core.shell:Creating environment hook '/root/workspaces/ros2_ws/install/ffw_swerve_drive_controller/share/ffw_swerve_drive_controller/hook/cmake_prefix_path.ps1'
[4.204s] DEBUG:colcon.colcon_core.event_handler.log_command:Invoked command in '/root/workspaces/ros2_ws/build/ffw_swerve_drive_controller' returned '0': CMAKE_PREFIX_PATH=${CMAKE_PREFIX_PATH}:/root/workspaces/ros2_ws/install/human_detector:/root/workspaces/ros2_ws/install/ffw_teleop:/root/workspaces/ros2_ws/install/ffw_bringup:/opt/ros/jazzy /usr/bin/cmake --install /root/workspaces/ros2_ws/build/ffw_swerve_drive_controller
[4.211s] INFO:colcon.colcon_core.shell:Creating environment descriptor '/root/workspaces/ros2_ws/install/ffw_swerve_drive_controller/share/ffw_swerve_drive_controller/hook/cmake_prefix_path.dsv'
[4.232s] INFO:colcon.colcon_core.shell:Creating environment hook '/root/workspaces/ros2_ws/install/ffw_swerve_drive_controller/share/ffw_swerve_drive_controller/hook/cmake_prefix_path.sh'
[4.262s] Level 1:colcon.colcon_core.environment:checking '/root/workspaces/ros2_ws/install/ffw_swerve_drive_controller/lib'
[4.263s] Level 1:colcon.colcon_core.shell:create_environment_hook('ffw_swerve_drive_controller', 'ld_library_path_lib')
[4.271s] INFO:colcon.colcon_core.shell:Creating environment hook '/root/workspaces/ros2_ws/install/ffw_swerve_drive_controller/share/ffw_swerve_drive_controller/hook/ld_library_path_lib.ps1'
[4.294s] INFO:colcon.colcon_core.shell:Creating environment descriptor '/root/workspaces/ros2_ws/install/ffw_swerve_drive_controller/share/ffw_swerve_drive_controller/hook/ld_library_path_lib.dsv'
[4.307s] INFO:colcon.colcon_core.shell:Creating environment hook '/root/workspaces/ros2_ws/install/ffw_swerve_drive_controller/share/ffw_swerve_drive_controller/hook/ld_library_path_lib.sh'
[4.321s] Level 1:colcon.colcon_core.environment:checking '/root/workspaces/ros2_ws/install/ffw_swerve_drive_controller/bin'
[4.322s] Level 1:colcon.colcon_core.environment:checking '/root/workspaces/ros2_ws/install/ffw_swerve_drive_controller/lib/pkgconfig/ffw_swerve_drive_controller.pc'
[4.331s] Level 1:colcon.colcon_core.environment:checking '/root/workspaces/ros2_ws/install/ffw_swerve_drive_controller/lib/python3.12/site-packages'
[4.340s] Level 1:colcon.colcon_core.environment:checking '/root/workspaces/ros2_ws/install/ffw_swerve_drive_controller/bin'
[4.348s] INFO:colcon.colcon_core.shell:Creating package script '/root/workspaces/ros2_ws/install/ffw_swerve_drive_controller/share/ffw_swerve_drive_controller/package.ps1'
[4.373s] INFO:colcon.colcon_core.shell:Creating package descriptor '/root/workspaces/ros2_ws/install/ffw_swerve_drive_controller/share/ffw_swerve_drive_controller/package.dsv'
[4.389s] INFO:colcon.colcon_core.shell:Creating package script '/root/workspaces/ros2_ws/install/ffw_swerve_drive_controller/share/ffw_swerve_drive_controller/package.sh'
[4.404s] INFO:colcon.colcon_core.shell:Creating package script '/root/workspaces/ros2_ws/install/ffw_swerve_drive_controller/share/ffw_swerve_drive_controller/package.bash'
[4.420s] INFO:colcon.colcon_core.shell:Creating package script '/root/workspaces/ros2_ws/install/ffw_swerve_drive_controller/share/ffw_swerve_drive_controller/package.zsh'
[4.436s] Level 1:colcon.colcon_core.environment:create_file_with_runtime_dependencies(/root/workspaces/ros2_ws/install/ffw_swerve_drive_controller/share/colcon-core/packages/ffw_swerve_drive_controller)
[4.455s] Level 1:colcon.colcon_core.environment:create_environment_scripts_only(ffw_swerve_drive_controller)
[4.455s] Level 1:colcon.colcon_core.environment:checking '/root/workspaces/ros2_ws/install/ffw_swerve_drive_controller' for CMake module files
[4.467s] Level 1:colcon.colcon_core.environment:checking '/root/workspaces/ros2_ws/install/ffw_swerve_drive_controller' for CMake config files
[4.483s] Level 1:colcon.colcon_core.shell:create_environment_hook('ffw_swerve_drive_controller', 'cmake_prefix_path')
[4.484s] INFO:colcon.colcon_core.shell:Creating environment hook '/root/workspaces/ros2_ws/install/ffw_swerve_drive_controller/share/ffw_swerve_drive_controller/hook/cmake_prefix_path.ps1'
[4.506s] INFO:colcon.colcon_core.shell:Creating environment descriptor '/root/workspaces/ros2_ws/install/ffw_swerve_drive_controller/share/ffw_swerve_drive_controller/hook/cmake_prefix_path.dsv'
[4.531s] INFO:colcon.colcon_core.shell:Creating environment hook '/root/workspaces/ros2_ws/install/ffw_swerve_drive_controller/share/ffw_swerve_drive_controller/hook/cmake_prefix_path.sh'
[4.547s] Level 1:colcon.colcon_core.environment:checking '/root/workspaces/ros2_ws/install/ffw_swerve_drive_controller/lib'
[4.548s] Level 1:colcon.colcon_core.shell:create_environment_hook('ffw_swerve_drive_controller', 'ld_library_path_lib')
[4.557s] INFO:colcon.colcon_core.shell:Creating environment hook '/root/workspaces/ros2_ws/install/ffw_swerve_drive_controller/share/ffw_swerve_drive_controller/hook/ld_library_path_lib.ps1'
[4.572s] INFO:colcon.colcon_core.shell:Creating environment descriptor '/root/workspaces/ros2_ws/install/ffw_swerve_drive_controller/share/ffw_swerve_drive_controller/hook/ld_library_path_lib.dsv'
[4.589s] INFO:colcon.colcon_core.shell:Creating environment hook '/root/workspaces/ros2_ws/install/ffw_swerve_drive_controller/share/ffw_swerve_drive_controller/hook/ld_library_path_lib.sh'
[4.604s] Level 1:colcon.colcon_core.environment:checking '/root/workspaces/ros2_ws/install/ffw_swerve_drive_controller/bin'
[4.604s] Level 1:colcon.colcon_core.environment:checking '/root/workspaces/ros2_ws/install/ffw_swerve_drive_controller/lib/pkgconfig/ffw_swerve_drive_controller.pc'
[4.604s] Level 1:colcon.colcon_core.environment:checking '/root/workspaces/ros2_ws/install/ffw_swerve_drive_controller/lib/python3.12/site-packages'
[4.605s] Level 1:colcon.colcon_core.environment:checking '/root/workspaces/ros2_ws/install/ffw_swerve_drive_controller/bin'
[4.605s] INFO:colcon.colcon_core.shell:Creating package script '/root/workspaces/ros2_ws/install/ffw_swerve_drive_controller/share/ffw_swerve_drive_controller/package.ps1'
[4.624s] INFO:colcon.colcon_core.shell:Creating package descriptor '/root/workspaces/ros2_ws/install/ffw_swerve_drive_controller/share/ffw_swerve_drive_controller/package.dsv'
[4.647s] INFO:colcon.colcon_core.shell:Creating package script '/root/workspaces/ros2_ws/install/ffw_swerve_drive_controller/share/ffw_swerve_drive_controller/package.sh'
[4.663s] INFO:colcon.colcon_core.shell:Creating package script '/root/workspaces/ros2_ws/install/ffw_swerve_drive_controller/share/ffw_swerve_drive_controller/package.bash'
[4.679s] INFO:colcon.colcon_core.shell:Creating package script '/root/workspaces/ros2_ws/install/ffw_swerve_drive_controller/share/ffw_swerve_drive_controller/package.zsh'
[4.695s] Level 1:colcon.colcon_core.environment:create_file_with_runtime_dependencies(/root/workspaces/ros2_ws/install/ffw_swerve_drive_controller/share/colcon-core/packages/ffw_swerve_drive_controller)
[4.711s] INFO:colcon.colcon_ros.task.ament_cmake.build:Building ROS package in '/root/workspaces/ros2_ws/src/ai-worker-sim/library_world' with build type 'ament_cmake'
[4.712s] INFO:colcon.colcon_cmake.task.cmake.build:Building CMake package in '/root/workspaces/ros2_ws/src/ai-worker-sim/library_world'
[4.712s] INFO:colcon.colcon_core.shell:Skip shell extension 'powershell' for command environment: Not usable outside of PowerShell
[4.712s] DEBUG:colcon.colcon_core.shell:Skip shell extension 'dsv' for command environment
[4.772s] INFO:colcon.colcon_ros.task.ament_cmake.build:Building ROS package in '/root/workspaces/ros2_ws/src/ai-worker-sim/warehouse_world' with build type 'ament_cmake'
[4.773s] INFO:colcon.colcon_cmake.task.cmake.build:Building CMake package in '/root/workspaces/ros2_ws/src/ai-worker-sim/warehouse_world'
[4.781s] INFO:colcon.colcon_core.shell:Skip shell extension 'powershell' for command environment: Not usable outside of PowerShell
[4.781s] DEBUG:colcon.colcon_core.shell:Skip shell extension 'dsv' for command environment
[5.397s] INFO:colcon.colcon_core.task.python.build:Building Python package in '/root/workspaces/ros2_ws/src/ai-worker-sim/human_detector'
[5.397s] INFO:colcon.colcon_core.shell:Skip shell extension 'powershell' for command environment: Not usable outside of PowerShell
[5.407s] DEBUG:colcon.colcon_core.shell:Skip shell extension 'dsv' for command environment
[5.602s] DEBUG:colcon.colcon_core.event_handler.log_command:Invoking command in '/root/workspaces/ros2_ws/build/library_world': CMAKE_PREFIX_PATH=${CMAKE_PREFIX_PATH}:/root/workspaces/ros2_ws/install/human_detector:/root/workspaces/ros2_ws/install/ffw_teleop:/root/workspaces/ros2_ws/install/ffw_bringup:/opt/ros/jazzy /usr/bin/cmake --build /root/workspaces/ros2_ws/build/library_world -- -j4 -l4
[5.650s] DEBUG:colcon.colcon_core.event_handler.log_command:Invoking command in '/root/workspaces/ros2_ws/build/warehouse_world': CMAKE_PREFIX_PATH=${CMAKE_PREFIX_PATH}:/root/workspaces/ros2_ws/install/human_detector:/root/workspaces/ros2_ws/install/ffw_teleop:/root/workspaces/ros2_ws/install/ffw_bringup:/opt/ros/jazzy /usr/bin/cmake --build /root/workspaces/ros2_ws/build/warehouse_world -- -j4 -l4
[5.689s] DEBUG:colcon.colcon_core.event_handler.log_command:Invoked command in '/root/workspaces/ros2_ws/build/library_world' returned '0': CMAKE_PREFIX_PATH=${CMAKE_PREFIX_PATH}:/root/workspaces/ros2_ws/install/human_detector:/root/workspaces/ros2_ws/install/ffw_teleop:/root/workspaces/ros2_ws/install/ffw_bringup:/opt/ros/jazzy /usr/bin/cmake --build /root/workspaces/ros2_ws/build/library_world -- -j4 -l4
[5.707s] DEBUG:colcon.colcon_core.event_handler.log_command:Invoking command in '/root/workspaces/ros2_ws/build/library_world': CMAKE_PREFIX_PATH=${CMAKE_PREFIX_PATH}:/root/workspaces/ros2_ws/install/human_detector:/root/workspaces/ros2_ws/install/ffw_teleop:/root/workspaces/ros2_ws/install/ffw_bringup:/opt/ros/jazzy /usr/bin/cmake --install /root/workspaces/ros2_ws/build/library_world
[5.827s] DEBUG:colcon.colcon_core.event_handler.log_command:Invoked command in '/root/workspaces/ros2_ws/build/warehouse_world' returned '0': CMAKE_PREFIX_PATH=${CMAKE_PREFIX_PATH}:/root/workspaces/ros2_ws/install/human_detector:/root/workspaces/ros2_ws/install/ffw_teleop:/root/workspaces/ros2_ws/install/ffw_bringup:/opt/ros/jazzy /usr/bin/cmake --build /root/workspaces/ros2_ws/build/warehouse_world -- -j4 -l4
[5.857s] DEBUG:colcon.colcon_core.event_handler.log_command:Invoking command in '/root/workspaces/ros2_ws/build/warehouse_world': CMAKE_PREFIX_PATH=${CMAKE_PREFIX_PATH}:/root/workspaces/ros2_ws/install/human_detector:/root/workspaces/ros2_ws/install/ffw_teleop:/root/workspaces/ros2_ws/install/ffw_bringup:/opt/ros/jazzy /usr/bin/cmake --install /root/workspaces/ros2_ws/build/warehouse_world
[6.532s] Level 1:colcon.colcon_core.environment:create_environment_scripts_only(warehouse_world)
[6.532s] Level 1:colcon.colcon_core.environment:checking '/root/workspaces/ros2_ws/install/warehouse_world' for CMake module files
[6.537s] Level 1:colcon.colcon_core.environment:checking '/root/workspaces/ros2_ws/install/warehouse_world' for CMake config files
[6.579s] Level 1:colcon.colcon_core.shell:create_environment_hook('warehouse_world', 'cmake_prefix_path')
[6.580s] INFO:colcon.colcon_core.shell:Creating environment hook '/root/workspaces/ros2_ws/install/warehouse_world/share/warehouse_world/hook/cmake_prefix_path.ps1'
[6.595s] INFO:colcon.colcon_core.shell:Creating environment descriptor '/root/workspaces/ros2_ws/install/warehouse_world/share/warehouse_world/hook/cmake_prefix_path.dsv'
[6.611s] INFO:colcon.colcon_core.shell:Creating environment hook '/root/workspaces/ros2_ws/install/warehouse_world/share/warehouse_world/hook/cmake_prefix_path.sh'
[6.628s] Level 1:colcon.colcon_core.environment:checking '/root/workspaces/ros2_ws/install/warehouse_world/bin'
[6.628s] Level 1:colcon.colcon_core.environment:checking '/root/workspaces/ros2_ws/install/warehouse_world/lib/pkgconfig/warehouse_world.pc'
[6.628s] Level 1:colcon.colcon_core.environment:checking '/root/workspaces/ros2_ws/install/warehouse_world/lib/python3.12/site-packages'
[6.629s] Level 1:colcon.colcon_core.environment:checking '/root/workspaces/ros2_ws/install/warehouse_world/bin'
[6.630s] INFO:colcon.colcon_core.shell:Creating package script '/root/workspaces/ros2_ws/install/warehouse_world/share/warehouse_world/package.ps1'
[6.648s] INFO:colcon.colcon_core.shell:Creating package descriptor '/root/workspaces/ros2_ws/install/warehouse_world/share/warehouse_world/package.dsv'
[6.664s] INFO:colcon.colcon_core.shell:Creating package script '/root/workspaces/ros2_ws/install/warehouse_world/share/warehouse_world/package.sh'
[6.681s] INFO:colcon.colcon_core.shell:Creating package script '/root/workspaces/ros2_ws/install/warehouse_world/share/warehouse_world/package.bash'
[6.697s] INFO:colcon.colcon_core.shell:Creating package script '/root/workspaces/ros2_ws/install/warehouse_world/share/warehouse_world/package.zsh'
[6.714s] Level 1:colcon.colcon_core.environment:create_file_with_runtime_dependencies(/root/workspaces/ros2_ws/install/warehouse_world/share/colcon-core/packages/warehouse_world)
[6.722s] Level 1:colcon.colcon_core.environment:create_environment_scripts_only(warehouse_world)
[6.723s] Level 1:colcon.colcon_core.environment:checking '/root/workspaces/ros2_ws/install/warehouse_world' for CMake module files
[6.728s] Level 1:colcon.colcon_core.environment:checking '/root/workspaces/ros2_ws/install/warehouse_world' for CMake config files
[6.756s] Level 1:colcon.colcon_core.shell:create_environment_hook('warehouse_world', 'cmake_prefix_path')
[6.756s] INFO:colcon.colcon_core.shell:Creating environment hook '/root/workspaces/ros2_ws/install/warehouse_world/share/warehouse_world/hook/cmake_prefix_path.ps1'
[6.773s] INFO:colcon.colcon_core.shell:Creating environment descriptor '/root/workspaces/ros2_ws/install/warehouse_world/share/warehouse_world/hook/cmake_prefix_path.dsv'
[6.789s] INFO:colcon.colcon_core.shell:Creating environment hook '/root/workspaces/ros2_ws/install/warehouse_world/share/warehouse_world/hook/cmake_prefix_path.sh'
[6.808s] Level 1:colcon.colcon_core.environment:checking '/root/workspaces/ros2_ws/install/warehouse_world/bin'
[6.808s] Level 1:colcon.colcon_core.environment:checking '/root/workspaces/ros2_ws/install/warehouse_world/lib/pkgconfig/warehouse_world.pc'
[6.809s] Level 1:colcon.colcon_core.environment:checking '/root/workspaces/ros2_ws/install/warehouse_world/lib/python3.12/site-packages'
[6.809s] Level 1:colcon.colcon_core.environment:checking '/root/workspaces/ros2_ws/install/warehouse_world/bin'
[6.810s] INFO:colcon.colcon_core.shell:Creating package script '/root/workspaces/ros2_ws/install/warehouse_world/share/warehouse_world/package.ps1'
[6.827s] INFO:colcon.colcon_core.shell:Creating package descriptor '/root/workspaces/ros2_ws/install/warehouse_world/share/warehouse_world/package.dsv'
[6.844s] INFO:colcon.colcon_core.shell:Creating package script '/root/workspaces/ros2_ws/install/warehouse_world/share/warehouse_world/package.sh'
[6.860s] INFO:colcon.colcon_core.shell:Creating package script '/root/workspaces/ros2_ws/install/warehouse_world/share/warehouse_world/package.bash'
[6.876s] INFO:colcon.colcon_core.shell:Creating package script '/root/workspaces/ros2_ws/install/warehouse_world/share/warehouse_world/package.zsh'
[6.897s] Level 1:colcon.colcon_core.environment:create_file_with_runtime_dependencies(/root/workspaces/ros2_ws/install/warehouse_world/share/colcon-core/packages/warehouse_world)
[6.900s] INFO:colcon.colcon_ros.task.ament_python.build:Building ROS package in '/root/workspaces/ros2_ws/src/ai-worker-sim/ffw_bringup' with build type 'ament_python'
[6.901s] Level 1:colcon.colcon_core.shell:create_environment_hook('ffw_bringup', 'ament_prefix_path')
[6.901s] INFO:colcon.colcon_core.shell:Creating environment hook '/root/workspaces/ros2_ws/install/ffw_bringup/share/ffw_bringup/hook/ament_prefix_path.ps1'
[6.917s] INFO:colcon.colcon_core.shell:Creating environment descriptor '/root/workspaces/ros2_ws/install/ffw_bringup/share/ffw_bringup/hook/ament_prefix_path.dsv'
[6.941s] INFO:colcon.colcon_core.shell:Creating environment hook '/root/workspaces/ros2_ws/install/ffw_bringup/share/ffw_bringup/hook/ament_prefix_path.sh'
[6.956s] INFO:colcon.colcon_core.shell:Skip shell extension 'powershell' for command environment: Not usable outside of PowerShell
[6.957s] DEBUG:colcon.colcon_core.shell:Skip shell extension 'dsv' for command environment
[7.077s] Level 1:colcon.colcon_core.environment:create_environment_scripts_only(library_world)
[7.078s] Level 1:colcon.colcon_core.environment:checking '/root/workspaces/ros2_ws/install/library_world' for CMake module files
[7.082s] Level 1:colcon.colcon_core.environment:checking '/root/workspaces/ros2_ws/install/library_world' for CMake config files
[7.200s] Level 1:colcon.colcon_core.shell:create_environment_hook('library_world', 'cmake_prefix_path')
[7.200s] INFO:colcon.colcon_core.shell:Creating environment hook '/root/workspaces/ros2_ws/install/library_world/share/library_world/hook/cmake_prefix_path.ps1'
[7.215s] INFO:colcon.colcon_core.shell:Creating environment descriptor '/root/workspaces/ros2_ws/install/library_world/share/library_world/hook/cmake_prefix_path.dsv'
[7.230s] INFO:colcon.colcon_core.shell:Creating environment hook '/root/workspaces/ros2_ws/install/library_world/share/library_world/hook/cmake_prefix_path.sh'
[7.248s] Level 1:colcon.colcon_core.environment:checking '/root/workspaces/ros2_ws/install/library_world/bin'
[7.248s] Level 1:colcon.colcon_core.environment:checking '/root/workspaces/ros2_ws/install/library_world/lib/pkgconfig/library_world.pc'
[7.248s] Level 1:colcon.colcon_core.environment:checking '/root/workspaces/ros2_ws/install/library_world/lib/python3.12/site-packages'
[7.249s] Level 1:colcon.colcon_core.environment:checking '/root/workspaces/ros2_ws/install/library_world/bin'
[7.250s] INFO:colcon.colcon_core.shell:Creating package script '/root/workspaces/ros2_ws/install/library_world/share/library_world/package.ps1'
[7.265s] INFO:colcon.colcon_core.shell:Creating package descriptor '/root/workspaces/ros2_ws/install/library_world/share/library_world/package.dsv'
[7.281s] INFO:colcon.colcon_core.shell:Creating package script '/root/workspaces/ros2_ws/install/library_world/share/library_world/package.sh'
[7.295s] INFO:colcon.colcon_core.shell:Creating package script '/root/workspaces/ros2_ws/install/library_world/share/library_world/package.bash'
[7.310s] INFO:colcon.colcon_core.shell:Creating package script '/root/workspaces/ros2_ws/install/library_world/share/library_world/package.zsh'
[7.324s] Level 1:colcon.colcon_core.environment:create_file_with_runtime_dependencies(/root/workspaces/ros2_ws/install/library_world/share/colcon-core/packages/library_world)
[7.332s] Level 1:colcon.colcon_core.environment:create_environment_scripts_only(library_world)
[7.332s] Level 1:colcon.colcon_core.environment:checking '/root/workspaces/ros2_ws/install/library_world' for CMake module files
[7.335s] Level 1:colcon.colcon_core.environment:checking '/root/workspaces/ros2_ws/install/library_world' for CMake config files
[7.384s] Level 1:colcon.colcon_core.shell:create_environment_hook('library_world', 'cmake_prefix_path')
[7.385s] INFO:colcon.colcon_core.shell:Creating environment hook '/root/workspaces/ros2_ws/install/library_world/share/library_world/hook/cmake_prefix_path.ps1'
[7.401s] INFO:colcon.colcon_core.shell:Creating environment descriptor '/root/workspaces/ros2_ws/install/library_world/share/library_world/hook/cmake_prefix_path.dsv'
[7.417s] INFO:colcon.colcon_core.shell:Creating environment hook '/root/workspaces/ros2_ws/install/library_world/share/library_world/hook/cmake_prefix_path.sh'
[7.434s] Level 1:colcon.colcon_core.environment:checking '/root/workspaces/ros2_ws/install/library_world/bin'
[7.435s] Level 1:colcon.colcon_core.environment:checking '/root/workspaces/ros2_ws/install/library_world/lib/pkgconfig/library_world.pc'
[7.435s] Level 1:colcon.colcon_core.environment:checking '/root/workspaces/ros2_ws/install/library_world/lib/python3.12/site-packages'
[7.436s] Level 1:colcon.colcon_core.environment:checking '/root/workspaces/ros2_ws/install/library_world/bin'
[7.437s] INFO:colcon.colcon_core.shell:Creating package script '/root/workspaces/ros2_ws/install/library_world/share/library_world/package.ps1'
[7.454s] INFO:colcon.colcon_core.shell:Creating package descriptor '/root/workspaces/ros2_ws/install/library_world/share/library_world/package.dsv'
[7.469s] INFO:colcon.colcon_core.shell:Creating package script '/root/workspaces/ros2_ws/install/library_world/share/library_world/package.sh'
[7.486s] INFO:colcon.colcon_core.shell:Creating package script '/root/workspaces/ros2_ws/install/library_world/share/library_world/package.bash'
[7.502s] INFO:colcon.colcon_core.shell:Creating package script '/root/workspaces/ros2_ws/install/library_world/share/library_world/package.zsh'
[7.517s] Level 1:colcon.colcon_core.environment:create_file_with_runtime_dependencies(/root/workspaces/ros2_ws/install/library_world/share/colcon-core/packages/library_world)
[7.561s] DEBUG:colcon.colcon_core.event_handler.log_command:Invoked command in '/root/workspaces/ros2_ws/build/warehouse_world' returned '0': CMAKE_PREFIX_PATH=${CMAKE_PREFIX_PATH}:/root/workspaces/ros2_ws/install/human_detector:/root/workspaces/ros2_ws/install/ffw_teleop:/root/workspaces/ros2_ws/install/ffw_bringup:/opt/ros/jazzy /usr/bin/cmake --install /root/workspaces/ros2_ws/build/warehouse_world
[7.616s] DEBUG:colcon.colcon_core.event_handler.log_command:Invoked command in '/root/workspaces/ros2_ws/build/library_world' returned '0': CMAKE_PREFIX_PATH=${CMAKE_PREFIX_PATH}:/root/workspaces/ros2_ws/install/human_detector:/root/workspaces/ros2_ws/install/ffw_teleop:/root/workspaces/ros2_ws/install/ffw_bringup:/opt/ros/jazzy /usr/bin/cmake --install /root/workspaces/ros2_ws/build/library_world
[8.228s] INFO:colcon.colcon_core.task.python.build:Building Python package in '/root/workspaces/ros2_ws/src/ai-worker-sim/ffw_bringup'
[8.229s] INFO:colcon.colcon_core.shell:Skip shell extension 'powershell' for command environment: Not usable outside of PowerShell
[8.238s] DEBUG:colcon.colcon_core.shell:Skip shell extension 'dsv' for command environment
[8.319s] DEBUG:colcon.colcon_core.task.python.build:Available setuptools commands: build_ext, build, build_scripts, build_clib, symlink_data, install_egg_info, sdist, alias, setopt, compile_catalog, install_scripts, bdist_rpm, build_py, test, bdist, upload_docs, install_data, bdist_wheel, update_catalog, editable_wheel, check, install_lib, bdist_dumb, init_catalog, install_headers, easy_install, install, clean, develop, rotate, extract_messages, register, bdist_egg, dist_info, upload, egg_info, saveopts
[8.341s] DEBUG:colcon.colcon_core.task.python.build:Available setuptools commands: build_ext, build, build_scripts, build_clib, symlink_data, install_egg_info, sdist, alias, setopt, compile_catalog, install_scripts, bdist_rpm, build_py, test, bdist, upload_docs, install_data, bdist_wheel, update_catalog, editable_wheel, check, install_lib, bdist_dumb, init_catalog, install_headers, easy_install, install, clean, develop, rotate, extract_messages, register, bdist_egg, dist_info, upload, egg_info, saveopts
[8.368s] DEBUG:colcon.colcon_core.event_handler.log_command:Invoking command in '/root/workspaces/ros2_ws/src/ai-worker-sim/ffw_teleop': PYTHONPATH=/root/workspaces/ros2_ws/build/ffw_teleop/prefix_override:/usr/lib/python3/dist-packages/colcon_core/task/python/colcon_distutils_commands:/root/workspaces/ros2_ws/install/ffw_teleop/lib/python3.12/site-packages:${PYTHONPATH} /usr/bin/python3 -W ignore:setup.py install is deprecated -W ignore:easy_install command is deprecated setup.py egg_info --egg-base ../../../build/ffw_teleop build --build-base /root/workspaces/ros2_ws/build/ffw_teleop/build install --record /root/workspaces/ros2_ws/build/ffw_teleop/install.log --install-scripts $base/lib/ffw_teleop --single-version-externally-managed install_data
[8.421s] DEBUG:colcon.colcon_core.event_handler.log_command:Invoking command in '/root/workspaces/ros2_ws/src/ai-worker-sim/human_detector': PYTHONPATH=/root/workspaces/ros2_ws/build/human_detector/prefix_override:/usr/lib/python3/dist-packages/colcon_core/task/python/colcon_distutils_commands:/root/workspaces/ros2_ws/install/human_detector/lib/python3.12/site-packages:${PYTHONPATH} /usr/bin/python3 -W ignore:setup.py install is deprecated -W ignore:easy_install command is deprecated setup.py egg_info --egg-base ../../../build/human_detector build --build-base /root/workspaces/ros2_ws/build/human_detector/build install --record /root/workspaces/ros2_ws/build/human_detector/install.log --install-scripts $base/lib/human_detector --single-version-externally-managed install_data
[10.181s] DEBUG:colcon.colcon_core.task.python.build:Available setuptools commands: build_ext, build, build_scripts, build_clib, symlink_data, install_egg_info, sdist, alias, setopt, compile_catalog, install_scripts, bdist_rpm, build_py, test, bdist, upload_docs, install_data, bdist_wheel, update_catalog, editable_wheel, check, install_lib, bdist_dumb, init_catalog, install_headers, easy_install, install, clean, develop, rotate, extract_messages, register, bdist_egg, dist_info, upload, egg_info, saveopts
[10.228s] DEBUG:colcon.colcon_core.event_handler.log_command:Invoking command in '/root/workspaces/ros2_ws/src/ai-worker-sim/ffw_bringup': CMAKE_PREFIX_PATH=/root/workspaces/ros2_ws/install/ffw_description:/root/workspaces/ros2_ws/install/warehouse_worlds:/root/workspaces/ros2_ws/install/warehouse_world:/root/workspaces/ros2_ws/install/library_world:/root/workspaces/ros2_ws/install/ffw_swerve_drive_controller:/root/workspaces/ros2_ws/install/ffw_navigation:/root/workspaces/ros2_ws/install/ffw_moveit_config:/root/workspaces/turtlebot_ws/install/turtlebot3_simulations:/root/workspaces/turtlebot_ws/install/turtlebot3_gazebo:/root/workspaces/turtlebot_ws/install/turtlebot3_fake_node:/opt/ros/jazzy/opt/gz_sim_vendor:/opt/ros/jazzy/opt/gz_sensors_vendor:/opt/ros/jazzy/opt/gz_physics_vendor:/opt/ros/jazzy/opt/sdformat_vendor:/opt/ros/jazzy/opt/gz_gui_vendor:/opt/ros/jazzy/opt/gz_transport_vendor:/opt/ros/jazzy/opt/gz_rendering_vendor:/opt/ros/jazzy/opt/gz_plugin_vendor:/opt/ros/jazzy/opt/gz_fuel_tools_vendor:/opt/ros/jazzy/opt/gz_msgs_vendor:/opt/ros/jazzy/opt/gz_common_vendor:/opt/ros/jazzy/opt/gz_math_vendor:/opt/ros/jazzy/opt/gz_utils_vendor:/opt/ros/jazzy/opt/gz_tools_vendor:/opt/ros/jazzy/opt/gz_ogre_next_vendor:/opt/ros/jazzy/opt/gz_dartsim_vendor:/opt/ros/jazzy/opt/gz_cmake_vendor PYTHONPATH=/root/workspaces/ros2_ws/build/ffw_bringup/prefix_override:/usr/lib/python3/dist-packages/colcon_core/task/python/colcon_distutils_commands:/root/workspaces/ros2_ws/install/ffw_bringup/lib/python3.12/site-packages:${PYTHONPATH} /usr/bin/python3 -W ignore:setup.py install is deprecated -W ignore:easy_install command is deprecated setup.py egg_info --egg-base ../../../build/ffw_bringup build --build-base /root/workspaces/ros2_ws/build/ffw_bringup/build install --record /root/workspaces/ros2_ws/build/ffw_bringup/install.log --install-scripts $base/lib/ffw_bringup --single-version-externally-managed install_data
[10.557s] Level 1:colcon.colcon_core.environment:checking '/root/workspaces/ros2_ws/install/ffw_teleop' for CMake module files
[10.558s] DEBUG:colcon.colcon_core.event_handler.log_command:Invoked command in '/root/workspaces/ros2_ws/src/ai-worker-sim/ffw_teleop' returned '0': PYTHONPATH=/root/workspaces/ros2_ws/build/ffw_teleop/prefix_override:/usr/lib/python3/dist-packages/colcon_core/task/python/colcon_distutils_commands:/root/workspaces/ros2_ws/install/ffw_teleop/lib/python3.12/site-packages:${PYTHONPATH} /usr/bin/python3 -W ignore:setup.py install is deprecated -W ignore:easy_install command is deprecated setup.py egg_info --egg-base ../../../build/ffw_teleop build --build-base /root/workspaces/ros2_ws/build/ffw_teleop/build install --record /root/workspaces/ros2_ws/build/ffw_teleop/install.log --install-scripts $base/lib/ffw_teleop --single-version-externally-managed install_data
[10.560s] Level 1:colcon.colcon_core.environment:checking '/root/workspaces/ros2_ws/install/ffw_teleop' for CMake config files
[10.581s] Level 1:colcon.colcon_core.environment:checking '/root/workspaces/ros2_ws/install/ffw_teleop/lib'
[10.582s] Level 1:colcon.colcon_core.environment:checking '/root/workspaces/ros2_ws/install/ffw_teleop/bin'
[10.582s] Level 1:colcon.colcon_core.environment:checking '/root/workspaces/ros2_ws/install/ffw_teleop/lib/pkgconfig/ffw_teleop.pc'
[10.582s] Level 1:colcon.colcon_core.environment:checking '/root/workspaces/ros2_ws/install/ffw_teleop/lib/python3.12/site-packages'
[10.582s] Level 1:colcon.colcon_core.shell:create_environment_hook('ffw_teleop', 'pythonpath')
[10.583s] INFO:colcon.colcon_core.shell:Creating environment hook '/root/workspaces/ros2_ws/install/ffw_teleop/share/ffw_teleop/hook/pythonpath.ps1'
[10.598s] INFO:colcon.colcon_core.shell:Creating environment descriptor '/root/workspaces/ros2_ws/install/ffw_teleop/share/ffw_teleop/hook/pythonpath.dsv'
[10.612s] INFO:colcon.colcon_core.shell:Creating environment hook '/root/workspaces/ros2_ws/install/ffw_teleop/share/ffw_teleop/hook/pythonpath.sh'
[10.628s] Level 1:colcon.colcon_core.environment:checking '/root/workspaces/ros2_ws/install/ffw_teleop/bin'
[10.628s] Level 1:colcon.colcon_core.environment:create_environment_scripts_only(ffw_teleop)
[10.629s] INFO:colcon.colcon_core.shell:Creating package script '/root/workspaces/ros2_ws/install/ffw_teleop/share/ffw_teleop/package.ps1'
[10.652s] INFO:colcon.colcon_core.shell:Creating package descriptor '/root/workspaces/ros2_ws/install/ffw_teleop/share/ffw_teleop/package.dsv'
[10.671s] INFO:colcon.colcon_core.shell:Creating package script '/root/workspaces/ros2_ws/install/ffw_teleop/share/ffw_teleop/package.sh'
[10.686s] INFO:colcon.colcon_core.shell:Creating package script '/root/workspaces/ros2_ws/install/ffw_teleop/share/ffw_teleop/package.bash'
[10.702s] INFO:colcon.colcon_core.shell:Creating package script '/root/workspaces/ros2_ws/install/ffw_teleop/share/ffw_teleop/package.zsh'
[10.716s] Level 1:colcon.colcon_core.environment:create_file_with_runtime_dependencies(/root/workspaces/ros2_ws/install/ffw_teleop/share/colcon-core/packages/ffw_teleop)
[10.735s] Level 1:colcon.colcon_core.environment:checking '/root/workspaces/ros2_ws/install/human_detector' for CMake module files
[10.738s] Level 1:colcon.colcon_core.environment:checking '/root/workspaces/ros2_ws/install/human_detector' for CMake config files
[10.754s] DEBUG:colcon.colcon_core.event_handler.log_command:Invoked command in '/root/workspaces/ros2_ws/src/ai-worker-sim/human_detector' returned '0': PYTHONPATH=/root/workspaces/ros2_ws/build/human_detector/prefix_override:/usr/lib/python3/dist-packages/colcon_core/task/python/colcon_distutils_commands:/root/workspaces/ros2_ws/install/human_detector/lib/python3.12/site-packages:${PYTHONPATH} /usr/bin/python3 -W ignore:setup.py install is deprecated -W ignore:easy_install command is deprecated setup.py egg_info --egg-base ../../../build/human_detector build --build-base /root/workspaces/ros2_ws/build/human_detector/build install --record /root/workspaces/ros2_ws/build/human_detector/install.log --install-scripts $base/lib/human_detector --single-version-externally-managed install_data
[10.756s] Level 1:colcon.colcon_core.environment:checking '/root/workspaces/ros2_ws/install/human_detector/lib'
[10.757s] Level 1:colcon.colcon_core.environment:checking '/root/workspaces/ros2_ws/install/human_detector/bin'
[10.757s] Level 1:colcon.colcon_core.environment:checking '/root/workspaces/ros2_ws/install/human_detector/lib/pkgconfig/human_detector.pc'
[10.757s] Level 1:colcon.colcon_core.environment:checking '/root/workspaces/ros2_ws/install/human_detector/lib/python3.12/site-packages'
[10.758s] Level 1:colcon.colcon_core.shell:create_environment_hook('human_detector', 'pythonpath')
[10.758s] INFO:colcon.colcon_core.shell:Creating environment hook '/root/workspaces/ros2_ws/install/human_detector/share/human_detector/hook/pythonpath.ps1'
[10.772s] INFO:colcon.colcon_core.shell:Creating environment descriptor '/root/workspaces/ros2_ws/install/human_detector/share/human_detector/hook/pythonpath.dsv'
[10.799s] INFO:colcon.colcon_core.shell:Creating environment hook '/root/workspaces/ros2_ws/install/human_detector/share/human_detector/hook/pythonpath.sh'
[10.815s] Level 1:colcon.colcon_core.environment:checking '/root/workspaces/ros2_ws/install/human_detector/bin'
[10.816s] Level 1:colcon.colcon_core.environment:create_environment_scripts_only(human_detector)
[10.825s] INFO:colcon.colcon_core.shell:Creating package script '/root/workspaces/ros2_ws/install/human_detector/share/human_detector/package.ps1'
[10.854s] INFO:colcon.colcon_core.shell:Creating package descriptor '/root/workspaces/ros2_ws/install/human_detector/share/human_detector/package.dsv'
[10.870s] INFO:colcon.colcon_core.shell:Creating package script '/root/workspaces/ros2_ws/install/human_detector/share/human_detector/package.sh'
[10.887s] INFO:colcon.colcon_core.shell:Creating package script '/root/workspaces/ros2_ws/install/human_detector/share/human_detector/package.bash'
[10.904s] INFO:colcon.colcon_core.shell:Creating package script '/root/workspaces/ros2_ws/install/human_detector/share/human_detector/package.zsh'
[10.918s] Level 1:colcon.colcon_core.environment:create_file_with_runtime_dependencies(/root/workspaces/ros2_ws/install/human_detector/share/colcon-core/packages/human_detector)
[12.230s] Level 1:colcon.colcon_core.environment:checking '/root/workspaces/ros2_ws/install/ffw_bringup' for CMake module files
[12.231s] DEBUG:colcon.colcon_core.event_handler.log_command:Invoked command in '/root/workspaces/ros2_ws/src/ai-worker-sim/ffw_bringup' returned '0': CMAKE_PREFIX_PATH=/root/workspaces/ros2_ws/install/ffw_description:/root/workspaces/ros2_ws/install/warehouse_worlds:/root/workspaces/ros2_ws/install/warehouse_world:/root/workspaces/ros2_ws/install/library_world:/root/workspaces/ros2_ws/install/ffw_swerve_drive_controller:/root/workspaces/ros2_ws/install/ffw_navigation:/root/workspaces/ros2_ws/install/ffw_moveit_config:/root/workspaces/turtlebot_ws/install/turtlebot3_simulations:/root/workspaces/turtlebot_ws/install/turtlebot3_gazebo:/root/workspaces/turtlebot_ws/install/turtlebot3_fake_node:/opt/ros/jazzy/opt/gz_sim_vendor:/opt/ros/jazzy/opt/gz_sensors_vendor:/opt/ros/jazzy/opt/gz_physics_vendor:/opt/ros/jazzy/opt/sdformat_vendor:/opt/ros/jazzy/opt/gz_gui_vendor:/opt/ros/jazzy/opt/gz_transport_vendor:/opt/ros/jazzy/opt/gz_rendering_vendor:/opt/ros/jazzy/opt/gz_plugin_vendor:/opt/ros/jazzy/opt/gz_fuel_tools_vendor:/opt/ros/jazzy/opt/gz_msgs_vendor:/opt/ros/jazzy/opt/gz_common_vendor:/opt/ros/jazzy/opt/gz_math_vendor:/opt/ros/jazzy/opt/gz_utils_vendor:/opt/ros/jazzy/opt/gz_tools_vendor:/opt/ros/jazzy/opt/gz_ogre_next_vendor:/opt/ros/jazzy/opt/gz_dartsim_vendor:/opt/ros/jazzy/opt/gz_cmake_vendor PYTHONPATH=/root/workspaces/ros2_ws/build/ffw_bringup/prefix_override:/usr/lib/python3/dist-packages/colcon_core/task/python/colcon_distutils_commands:/root/workspaces/ros2_ws/install/ffw_bringup/lib/python3.12/site-packages:${PYTHONPATH} /usr/bin/python3 -W ignore:setup.py install is deprecated -W ignore:easy_install command is deprecated setup.py egg_info --egg-base ../../../build/ffw_bringup build --build-base /root/workspaces/ros2_ws/build/ffw_bringup/build install --record /root/workspaces/ros2_ws/build/ffw_bringup/install.log --install-scripts $base/lib/ffw_bringup --single-version-externally-managed install_data
[12.233s] Level 1:colcon.colcon_core.environment:checking '/root/workspaces/ros2_ws/install/ffw_bringup' for CMake config files
[12.265s] Level 1:colcon.colcon_core.environment:checking '/root/workspaces/ros2_ws/install/ffw_bringup/lib'
[12.271s] Level 1:colcon.colcon_core.environment:checking '/root/workspaces/ros2_ws/install/ffw_bringup/bin'
[12.279s] Level 1:colcon.colcon_core.environment:checking '/root/workspaces/ros2_ws/install/ffw_bringup/lib/pkgconfig/ffw_bringup.pc'
[12.279s] Level 1:colcon.colcon_core.environment:checking '/root/workspaces/ros2_ws/install/ffw_bringup/lib/python3.12/site-packages'
[12.288s] Level 1:colcon.colcon_core.shell:create_environment_hook('ffw_bringup', 'pythonpath')
[12.289s] INFO:colcon.colcon_core.shell:Creating environment hook '/root/workspaces/ros2_ws/install/ffw_bringup/share/ffw_bringup/hook/pythonpath.ps1'
[12.303s] INFO:colcon.colcon_core.shell:Creating environment descriptor '/root/workspaces/ros2_ws/install/ffw_bringup/share/ffw_bringup/hook/pythonpath.dsv'
[12.326s] INFO:colcon.colcon_core.shell:Creating environment hook '/root/workspaces/ros2_ws/install/ffw_bringup/share/ffw_bringup/hook/pythonpath.sh'
[12.342s] Level 1:colcon.colcon_core.environment:checking '/root/workspaces/ros2_ws/install/ffw_bringup/bin'
[12.343s] Level 1:colcon.colcon_core.environment:create_environment_scripts_only(ffw_bringup)
[12.343s] INFO:colcon.colcon_core.shell:Creating package script '/root/workspaces/ros2_ws/install/ffw_bringup/share/ffw_bringup/package.ps1'
[12.367s] INFO:colcon.colcon_core.shell:Creating package descriptor '/root/workspaces/ros2_ws/install/ffw_bringup/share/ffw_bringup/package.dsv'
[12.382s] INFO:colcon.colcon_core.shell:Creating package script '/root/workspaces/ros2_ws/install/ffw_bringup/share/ffw_bringup/package.sh'
[12.396s] INFO:colcon.colcon_core.shell:Creating package script '/root/workspaces/ros2_ws/install/ffw_bringup/share/ffw_bringup/package.bash'
[12.411s] INFO:colcon.colcon_core.shell:Creating package script '/root/workspaces/ros2_ws/install/ffw_bringup/share/ffw_bringup/package.zsh'
[12.425s] Level 1:colcon.colcon_core.environment:create_file_with_runtime_dependencies(/root/workspaces/ros2_ws/install/ffw_bringup/share/colcon-core/packages/ffw_bringup)
[12.455s] DEBUG:colcon.colcon_parallel_executor.executor.parallel:closing loop
[12.455s] DEBUG:colcon.colcon_parallel_executor.executor.parallel:loop closed
[12.463s] DEBUG:colcon.colcon_parallel_executor.executor.parallel:run_until_complete finished with '0'
[12.463s] DEBUG:colcon.colcon_core.event_reactor:joining thread
[12.505s] INFO:colcon.colcon_core.plugin_system:Skipping extension 'colcon_notification.desktop_notification.notify_send': Could not find 'notify-send'
[12.506s] INFO:colcon.colcon_core.plugin_system:Skipping extension 'colcon_notification.desktop_notification.terminal_notifier': Not used on non-Darwin systems
[12.506s] INFO:colcon.colcon_core.plugin_system:Skipping extension 'colcon_notification.desktop_notification.win32': Not used on non-Windows systems
[12.506s] INFO:colcon.colcon_notification.desktop_notification:Sending desktop notification using 'notify2'
[12.519s] DEBUG:colcon.colcon_notification.desktop_notification.notify2:Failed to initialize notify2: org.freedesktop.DBus.Error.Spawn.ExecFailed: /usr/bin/dbus-launch terminated abnormally without any error message
[12.519s] DEBUG:colcon.colcon_core.event_reactor:joined thread
[12.534s] INFO:colcon.colcon_core.shell:Creating prefix script '/root/workspaces/ros2_ws/install/local_setup.ps1'
[12.558s] INFO:colcon.colcon_core.shell:Creating prefix util module '/root/workspaces/ros2_ws/install/_local_setup_util_ps1.py'
[12.580s] INFO:colcon.colcon_core.shell:Creating prefix chain script '/root/workspaces/ros2_ws/install/setup.ps1'
[12.631s] INFO:colcon.colcon_core.shell:Creating prefix script '/root/workspaces/ros2_ws/install/local_setup.sh'
[12.657s] INFO:colcon.colcon_core.shell:Creating prefix util module '/root/workspaces/ros2_ws/install/_local_setup_util_sh.py'
[12.678s] INFO:colcon.colcon_core.shell:Creating prefix chain script '/root/workspaces/ros2_ws/install/setup.sh'
[12.724s] INFO:colcon.colcon_core.shell:Creating prefix script '/root/workspaces/ros2_ws/install/local_setup.bash'
[12.739s] INFO:colcon.colcon_core.shell:Creating prefix chain script '/root/workspaces/ros2_ws/install/setup.bash'
[12.784s] INFO:colcon.colcon_core.shell:Creating prefix script '/root/workspaces/ros2_ws/install/local_setup.zsh'
[12.809s] INFO:colcon.colcon_core.shell:Creating prefix chain script '/root/workspaces/ros2_ws/install/setup.zsh'
