[0.000000] (-) TimerEvent: {}
[0.000257] (ffw_description) JobQueued: {'identifier': 'ffw_description', 'dependencies': OrderedDict()}
[0.000292] (ffw_moveit_config) JobQueued: {'identifier': 'ffw_moveit_config', 'dependencies': OrderedDict()}
[0.000308] (ffw_navigation) JobQueued: {'identifier': 'ffw_navigation', 'dependencies': OrderedDict()}
[0.000320] (ffw_swerve_drive_controller) JobQueued: {'identifier': 'ffw_swerve_drive_controller', 'dependencies': OrderedDict()}
[0.000331] (ffw_teleop) JobQueued: {'identifier': 'ffw_teleop', 'dependencies': OrderedDict()}
[0.000343] (human_detector) JobQueued: {'identifier': 'human_detector', 'dependencies': OrderedDict()}
[0.000353] (library_world) JobQueued: {'identifier': 'library_world', 'dependencies': OrderedDict()}
[0.000363] (warehouse_worlds) JobQueued: {'identifier': 'warehouse_worlds', 'dependencies': OrderedDict()}
[0.000373] (ffw_bringup) JobQueued: {'identifier': 'ffw_bringup', 'dependencies': OrderedDict({'ffw_description': '/root/workspaces/ros2_ws/install/ffw_description'})}
[0.000389] (ffw_description) JobStarted: {'identifier': 'ffw_description'}
[0.053644] (ffw_moveit_config) JobStarted: {'identifier': 'ffw_moveit_config'}
[0.095385] (-) TimerEvent: {}
[0.194973] (ffw_navigation) JobStarted: {'identifier': 'ffw_navigation'}
[0.195980] (-) TimerEvent: {}
[0.295479] (ffw_swerve_drive_controller) JobStarted: {'identifier': 'ffw_swerve_drive_controller'}
[0.296043] (-) TimerEvent: {}
[0.352069] (ffw_description) JobProgress: {'identifier': 'ffw_description', 'progress': 'cmake'}
[0.396144] (-) TimerEvent: {}
[0.431056] (ffw_description) Command: {'cmd': ['/usr/bin/cmake', '/root/workspaces/ros2_ws/src/ai-worker-sim/ffw_description', '-DCMAKE_INSTALL_PREFIX=/root/workspaces/ros2_ws/install/ffw_description'], 'cwd': '/root/workspaces/ros2_ws/build/ffw_description', 'env': OrderedDict({'LESSOPEN': '| /usr/bin/lesspipe %s', 'ACTIVE_WS_PATH': '/root/workspaces/ros2_ws', 'GZ_SIM_RESOURCE_PATH': '/opt/ros/jazzy/share', 'SUPERVISOR_GROUP_NAME': 'ttyd', 'GZ_CONFIG_PATH': '/opt/ros/jazzy/opt/gz_sim_vendor/share/gz:/opt/ros/jazzy/opt/sdformat_vendor/share/gz:/opt/ros/jazzy/opt/gz_gui_vendor/share/gz:/opt/ros/jazzy/opt/gz_transport_vendor/share/gz:/opt/ros/jazzy/opt/gz_rendering_vendor/share/gz:/opt/ros/jazzy/opt/gz_plugin_vendor/share/gz:/opt/ros/jazzy/opt/gz_fuel_tools_vendor/share/gz:/opt/ros/jazzy/opt/gz_msgs_vendor/share/gz:/opt/ros/jazzy/opt/gz_common_vendor/share/gz', 'HOSTNAME': 'ip-172-31-7-13.eu-central-1.compute.internal', 'SHLVL': '1', 'LD_LIBRARY_PATH': '/root/workspaces/ros2_ws/install/ffw_swerve_drive_controller/lib:/root/workspaces/ros2_ws/install/ffw_navigation/lib:/opt/ros/jazzy/opt/gz_sim_vendor/lib:/opt/ros/jazzy/opt/gz_sensors_vendor/lib:/opt/ros/jazzy/opt/gz_physics_vendor/lib:/opt/ros/jazzy/opt/sdformat_vendor/lib:/opt/ros/jazzy/opt/rviz_ogre_vendor/lib:/opt/ros/jazzy/lib/x86_64-linux-gnu:/opt/ros/jazzy/opt/gz_gui_vendor/lib:/opt/ros/jazzy/opt/gz_transport_vendor/lib:/opt/ros/jazzy/opt/gz_rendering_vendor/lib:/opt/ros/jazzy/opt/gz_plugin_vendor/lib:/opt/ros/jazzy/opt/gz_fuel_tools_vendor/lib:/opt/ros/jazzy/opt/gz_msgs_vendor/lib:/opt/ros/jazzy/opt/gz_common_vendor/lib:/opt/ros/jazzy/opt/gz_math_vendor/lib:/opt/ros/jazzy/opt/gz_utils_vendor/lib:/opt/ros/jazzy/opt/gz_tools_vendor/lib:/opt/ros/jazzy/opt/gz_ogre_next_vendor/lib:/opt/ros/jazzy/opt/gz_dartsim_vendor/lib:/opt/ros/jazzy/opt/gz_cmake_vendor/lib:/opt/ros/jazzy/lib', 'HOME': '/root', 'EFS_PATH': '/workspaces/113baa83-0a52-42aa-9f6b-d5b552759739', 'OLDPWD': '/root/workspaces', 'ROS_PYTHON_VERSION': '3', 'AWS_CONTAINER_CREDENTIALS_RELATIVE_URI': '/v2/credentials/48044743-5268-4c30-9320-0b4a8b853c8f', 'AWS_EXECUTION_ENV': 'AWS_ECS_FARGATE', 'COLCON_PREFIX_PATH': '/root/workspaces/ros2_ws/install:/root/workspaces/turtlebot_ws/install', 'ECS_AGENT_URI': 'http://169.254.170.2/api/4afcdff0aca74170b17e4081b528c4c3-1842134484', 'ROS_DISTRO': 'jazzy', 'AWS_DEFAULT_REGION': 'eu-central-1', '_': '/usr/bin/colcon', 'ROS_VERSION': '2', 'ECS_CONTAINER_METADATA_URI_V4': 'http://169.254.170.2/v4/4afcdff0aca74170b17e4081b528c4c3-1842134484', 'TERM': 'xterm-256color', 'ECS_CONTAINER_METADATA_URI': 'http://169.254.170.2/v3/4afcdff0aca74170b17e4081b528c4c3-1842134484', 'SESSION_UUID': '113baa83-0a52-42aa-9f6b-d5b552759739', 'PATH': '/opt/ros/jazzy/opt/gz_msgs_vendor/bin:/opt/ros/jazzy/opt/gz_tools_vendor/bin:/opt/ros/jazzy/opt/gz_ogre_next_vendor/bin:/opt/ros/jazzy/bin:/usr/local/sbin:/usr/local/bin:/usr/sbin:/usr/bin:/sbin:/bin', 'XDG_RUNTIME_DIR': '/tmp/runtime-root', 'DISPLAY': ':1', 'LANG': 'en_US.UTF-8', 'LS_COLORS': 'rs=0:di=01;34:ln=01;36:mh=00:pi=40;33:so=01;35:do=01;35:bd=40;33;01:cd=40;33;01:or=40;31;01:mi=00:su=37;41:sg=30;43:ca=00:tw=30;42:ow=34;42:st=37;44:ex=01;32:*.tar=01;31:*.tgz=01;31:*.arc=01;31:*.arj=01;31:*.taz=01;31:*.lha=01;31:*.lz4=01;31:*.lzh=01;31:*.lzma=01;31:*.tlz=01;31:*.txz=01;31:*.tzo=01;31:*.t7z=01;31:*.zip=01;31:*.z=01;31:*.dz=01;31:*.gz=01;31:*.lrz=01;31:*.lz=01;31:*.lzo=01;31:*.xz=01;31:*.zst=01;31:*.tzst=01;31:*.bz2=01;31:*.bz=01;31:*.tbz=01;31:*.tbz2=01;31:*.tz=01;31:*.deb=01;31:*.rpm=01;31:*.jar=01;31:*.war=01;31:*.ear=01;31:*.sar=01;31:*.rar=01;31:*.alz=01;31:*.ace=01;31:*.zoo=01;31:*.cpio=01;31:*.7z=01;31:*.rz=01;31:*.cab=01;31:*.wim=01;31:*.swm=01;31:*.dwm=01;31:*.esd=01;31:*.avif=01;35:*.jpg=01;35:*.jpeg=01;35:*.mjpg=01;35:*.mjpeg=01;35:*.gif=01;35:*.bmp=01;35:*.pbm=01;35:*.pgm=01;35:*.ppm=01;35:*.tga=01;35:*.xbm=01;35:*.xpm=01;35:*.tif=01;35:*.tiff=01;35:*.png=01;35:*.svg=01;35:*.svgz=01;35:*.mng=01;35:*.pcx=01;35:*.mov=01;35:*.mpg=01;35:*.mpeg=01;35:*.m2v=01;35:*.mkv=01;35:*.webm=01;35:*.webp=01;35:*.ogm=01;35:*.mp4=01;35:*.m4v=01;35:*.mp4v=01;35:*.vob=01;35:*.qt=01;35:*.nuv=01;35:*.wmv=01;35:*.asf=01;35:*.rm=01;35:*.rmvb=01;35:*.flc=01;35:*.avi=01;35:*.fli=01;35:*.flv=01;35:*.gl=01;35:*.dl=01;35:*.xcf=01;35:*.xwd=01;35:*.yuv=01;35:*.cgm=01;35:*.emf=01;35:*.ogv=01;35:*.ogx=01;35:*.aac=00;36:*.au=00;36:*.flac=00;36:*.m4a=00;36:*.mid=00;36:*.midi=00;36:*.mka=00;36:*.mp3=00;36:*.mpc=00;36:*.ogg=00;36:*.ra=00;36:*.wav=00;36:*.oga=00;36:*.opus=00;36:*.spx=00;36:*.xspf=00;36:*~=00;90:*#=00;90:*.bak=00;90:*.crdownload=00;90:*.dpkg-dist=00;90:*.dpkg-new=00;90:*.dpkg-old=00;90:*.dpkg-tmp=00;90:*.old=00;90:*.orig=00;90:*.part=00;90:*.rej=00;90:*.rpmnew=00;90:*.rpmorig=00;90:*.rpmsave=00;90:*.swp=00;90:*.tmp=00;90:*.ucf-dist=00;90:*.ucf-new=00;90:*.ucf-old=00;90:', 'SUPERVISOR_ENABLED': '1', 'ROS_DOMAIN_ID': '30', 'AMENT_PREFIX_PATH': '/root/workspaces/ros2_ws/install/warehouse_worlds:/root/workspaces/ros2_ws/install/library_world:/root/workspaces/ros2_ws/install/human_detector:/root/workspaces/ros2_ws/install/ffw_teleop:/root/workspaces/ros2_ws/install/ffw_swerve_drive_controller:/root/workspaces/ros2_ws/install/ffw_navigation:/root/workspaces/ros2_ws/install/ffw_moveit_config:/root/workspaces/ros2_ws/install/ffw_bringup:/root/workspaces/ros2_ws/install/ffw_description:/root/workspaces/turtlebot_ws/install/turtlebot3_simulations:/root/workspaces/turtlebot_ws/install/turtlebot3_gazebo:/root/workspaces/turtlebot_ws/install/turtlebot3_fake_node:/opt/ros/jazzy', 'DEBIAN_FRONTEND': 'noninteractive', 'ACTIVE_WS_NAME': 'ros2_ws', 'AWS_REGION': 'eu-central-1', 'LESSCLOSE': '/usr/bin/lesspipe %s %s', 'SUPERVISOR_SERVER_URL': 'unix:///var/run/supervisor.sock', 'ROS_AUTOMATIC_DISCOVERY_RANGE': 'SUBNET', 'SUPERVISOR_PROCESS_NAME': 'ttyd', 'PWD': '/root/workspaces/ros2_ws/build/ffw_description', 'TURTLEBOT3_MODEL': 'burger', 'LC_ALL': 'en_US.UTF-8', 'PYTHONPATH': '/root/workspaces/ros2_ws/install/human_detector/lib/python3.12/site-packages:/root/workspaces/ros2_ws/install/ffw_teleop/lib/python3.12/site-packages:/root/workspaces/ros2_ws/install/ffw_bringup/lib/python3.12/site-packages:/opt/ros/jazzy/lib/python3.12/site-packages', 'COLCON': '1', 'CMAKE_PREFIX_PATH': '/root/workspaces/ros2_ws/install/warehouse_worlds:/root/workspaces/ros2_ws/install/library_world:/root/workspaces/ros2_ws/install/ffw_swerve_drive_controller:/root/workspaces/ros2_ws/install/ffw_navigation:/root/workspaces/ros2_ws/install/ffw_moveit_config:/root/workspaces/ros2_ws/install/ffw_description:/root/workspaces/turtlebot_ws/install/turtlebot3_simulations:/root/workspaces/turtlebot_ws/install/turtlebot3_gazebo:/root/workspaces/turtlebot_ws/install/turtlebot3_fake_node:/opt/ros/jazzy/opt/gz_sim_vendor:/opt/ros/jazzy/opt/gz_sensors_vendor:/opt/ros/jazzy/opt/gz_physics_vendor:/opt/ros/jazzy/opt/sdformat_vendor:/opt/ros/jazzy/opt/gz_gui_vendor:/opt/ros/jazzy/opt/gz_transport_vendor:/opt/ros/jazzy/opt/gz_rendering_vendor:/opt/ros/jazzy/opt/gz_plugin_vendor:/opt/ros/jazzy/opt/gz_fuel_tools_vendor:/opt/ros/jazzy/opt/gz_msgs_vendor:/opt/ros/jazzy/opt/gz_common_vendor:/opt/ros/jazzy/opt/gz_math_vendor:/opt/ros/jazzy/opt/gz_utils_vendor:/opt/ros/jazzy/opt/gz_tools_vendor:/opt/ros/jazzy/opt/gz_ogre_next_vendor:/opt/ros/jazzy/opt/gz_dartsim_vendor:/opt/ros/jazzy/opt/gz_cmake_vendor:/root/workspaces/ros2_ws/install/human_detector:/root/workspaces/ros2_ws/install/ffw_teleop:/root/workspaces/ros2_ws/install/ffw_bringup:/opt/ros/jazzy'}), 'shell': False}
[0.459149] (ffw_moveit_config) JobProgress: {'identifier': 'ffw_moveit_config', 'progress': 'cmake'}
[0.496441] (-) TimerEvent: {}
[0.527733] (ffw_moveit_config) Command: {'cmd': ['/usr/bin/cmake', '/root/workspaces/ros2_ws/src/ai-worker-sim/ffw_moveit_config', '-DCMAKE_INSTALL_PREFIX=/root/workspaces/ros2_ws/install/ffw_moveit_config'], 'cwd': '/root/workspaces/ros2_ws/build/ffw_moveit_config', 'env': OrderedDict({'LESSOPEN': '| /usr/bin/lesspipe %s', 'ACTIVE_WS_PATH': '/root/workspaces/ros2_ws', 'GZ_SIM_RESOURCE_PATH': '/opt/ros/jazzy/share', 'SUPERVISOR_GROUP_NAME': 'ttyd', 'GZ_CONFIG_PATH': '/opt/ros/jazzy/opt/gz_sim_vendor/share/gz:/opt/ros/jazzy/opt/sdformat_vendor/share/gz:/opt/ros/jazzy/opt/gz_gui_vendor/share/gz:/opt/ros/jazzy/opt/gz_transport_vendor/share/gz:/opt/ros/jazzy/opt/gz_rendering_vendor/share/gz:/opt/ros/jazzy/opt/gz_plugin_vendor/share/gz:/opt/ros/jazzy/opt/gz_fuel_tools_vendor/share/gz:/opt/ros/jazzy/opt/gz_msgs_vendor/share/gz:/opt/ros/jazzy/opt/gz_common_vendor/share/gz', 'HOSTNAME': 'ip-172-31-7-13.eu-central-1.compute.internal', 'SHLVL': '1', 'LD_LIBRARY_PATH': '/root/workspaces/ros2_ws/install/ffw_swerve_drive_controller/lib:/root/workspaces/ros2_ws/install/ffw_navigation/lib:/opt/ros/jazzy/opt/gz_sim_vendor/lib:/opt/ros/jazzy/opt/gz_sensors_vendor/lib:/opt/ros/jazzy/opt/gz_physics_vendor/lib:/opt/ros/jazzy/opt/sdformat_vendor/lib:/opt/ros/jazzy/opt/rviz_ogre_vendor/lib:/opt/ros/jazzy/lib/x86_64-linux-gnu:/opt/ros/jazzy/opt/gz_gui_vendor/lib:/opt/ros/jazzy/opt/gz_transport_vendor/lib:/opt/ros/jazzy/opt/gz_rendering_vendor/lib:/opt/ros/jazzy/opt/gz_plugin_vendor/lib:/opt/ros/jazzy/opt/gz_fuel_tools_vendor/lib:/opt/ros/jazzy/opt/gz_msgs_vendor/lib:/opt/ros/jazzy/opt/gz_common_vendor/lib:/opt/ros/jazzy/opt/gz_math_vendor/lib:/opt/ros/jazzy/opt/gz_utils_vendor/lib:/opt/ros/jazzy/opt/gz_tools_vendor/lib:/opt/ros/jazzy/opt/gz_ogre_next_vendor/lib:/opt/ros/jazzy/opt/gz_dartsim_vendor/lib:/opt/ros/jazzy/opt/gz_cmake_vendor/lib:/opt/ros/jazzy/lib', 'HOME': '/root', 'EFS_PATH': '/workspaces/113baa83-0a52-42aa-9f6b-d5b552759739', 'OLDPWD': '/root/workspaces', 'ROS_PYTHON_VERSION': '3', 'AWS_CONTAINER_CREDENTIALS_RELATIVE_URI': '/v2/credentials/48044743-5268-4c30-9320-0b4a8b853c8f', 'AWS_EXECUTION_ENV': 'AWS_ECS_FARGATE', 'COLCON_PREFIX_PATH': '/root/workspaces/ros2_ws/install:/root/workspaces/turtlebot_ws/install', 'ECS_AGENT_URI': 'http://169.254.170.2/api/4afcdff0aca74170b17e4081b528c4c3-1842134484', 'ROS_DISTRO': 'jazzy', 'AWS_DEFAULT_REGION': 'eu-central-1', '_': '/usr/bin/colcon', 'ROS_VERSION': '2', 'ECS_CONTAINER_METADATA_URI_V4': 'http://169.254.170.2/v4/4afcdff0aca74170b17e4081b528c4c3-1842134484', 'TERM': 'xterm-256color', 'ECS_CONTAINER_METADATA_URI': 'http://169.254.170.2/v3/4afcdff0aca74170b17e4081b528c4c3-1842134484', 'SESSION_UUID': '113baa83-0a52-42aa-9f6b-d5b552759739', 'PATH': '/opt/ros/jazzy/opt/gz_msgs_vendor/bin:/opt/ros/jazzy/opt/gz_tools_vendor/bin:/opt/ros/jazzy/opt/gz_ogre_next_vendor/bin:/opt/ros/jazzy/bin:/usr/local/sbin:/usr/local/bin:/usr/sbin:/usr/bin:/sbin:/bin', 'XDG_RUNTIME_DIR': '/tmp/runtime-root', 'DISPLAY': ':1', 'LANG': 'en_US.UTF-8', 'LS_COLORS': 'rs=0:di=01;34:ln=01;36:mh=00:pi=40;33:so=01;35:do=01;35:bd=40;33;01:cd=40;33;01:or=40;31;01:mi=00:su=37;41:sg=30;43:ca=00:tw=30;42:ow=34;42:st=37;44:ex=01;32:*.tar=01;31:*.tgz=01;31:*.arc=01;31:*.arj=01;31:*.taz=01;31:*.lha=01;31:*.lz4=01;31:*.lzh=01;31:*.lzma=01;31:*.tlz=01;31:*.txz=01;31:*.tzo=01;31:*.t7z=01;31:*.zip=01;31:*.z=01;31:*.dz=01;31:*.gz=01;31:*.lrz=01;31:*.lz=01;31:*.lzo=01;31:*.xz=01;31:*.zst=01;31:*.tzst=01;31:*.bz2=01;31:*.bz=01;31:*.tbz=01;31:*.tbz2=01;31:*.tz=01;31:*.deb=01;31:*.rpm=01;31:*.jar=01;31:*.war=01;31:*.ear=01;31:*.sar=01;31:*.rar=01;31:*.alz=01;31:*.ace=01;31:*.zoo=01;31:*.cpio=01;31:*.7z=01;31:*.rz=01;31:*.cab=01;31:*.wim=01;31:*.swm=01;31:*.dwm=01;31:*.esd=01;31:*.avif=01;35:*.jpg=01;35:*.jpeg=01;35:*.mjpg=01;35:*.mjpeg=01;35:*.gif=01;35:*.bmp=01;35:*.pbm=01;35:*.pgm=01;35:*.ppm=01;35:*.tga=01;35:*.xbm=01;35:*.xpm=01;35:*.tif=01;35:*.tiff=01;35:*.png=01;35:*.svg=01;35:*.svgz=01;35:*.mng=01;35:*.pcx=01;35:*.mov=01;35:*.mpg=01;35:*.mpeg=01;35:*.m2v=01;35:*.mkv=01;35:*.webm=01;35:*.webp=01;35:*.ogm=01;35:*.mp4=01;35:*.m4v=01;35:*.mp4v=01;35:*.vob=01;35:*.qt=01;35:*.nuv=01;35:*.wmv=01;35:*.asf=01;35:*.rm=01;35:*.rmvb=01;35:*.flc=01;35:*.avi=01;35:*.fli=01;35:*.flv=01;35:*.gl=01;35:*.dl=01;35:*.xcf=01;35:*.xwd=01;35:*.yuv=01;35:*.cgm=01;35:*.emf=01;35:*.ogv=01;35:*.ogx=01;35:*.aac=00;36:*.au=00;36:*.flac=00;36:*.m4a=00;36:*.mid=00;36:*.midi=00;36:*.mka=00;36:*.mp3=00;36:*.mpc=00;36:*.ogg=00;36:*.ra=00;36:*.wav=00;36:*.oga=00;36:*.opus=00;36:*.spx=00;36:*.xspf=00;36:*~=00;90:*#=00;90:*.bak=00;90:*.crdownload=00;90:*.dpkg-dist=00;90:*.dpkg-new=00;90:*.dpkg-old=00;90:*.dpkg-tmp=00;90:*.old=00;90:*.orig=00;90:*.part=00;90:*.rej=00;90:*.rpmnew=00;90:*.rpmorig=00;90:*.rpmsave=00;90:*.swp=00;90:*.tmp=00;90:*.ucf-dist=00;90:*.ucf-new=00;90:*.ucf-old=00;90:', 'SUPERVISOR_ENABLED': '1', 'ROS_DOMAIN_ID': '30', 'AMENT_PREFIX_PATH': '/root/workspaces/ros2_ws/install/warehouse_worlds:/root/workspaces/ros2_ws/install/library_world:/root/workspaces/ros2_ws/install/human_detector:/root/workspaces/ros2_ws/install/ffw_teleop:/root/workspaces/ros2_ws/install/ffw_swerve_drive_controller:/root/workspaces/ros2_ws/install/ffw_navigation:/root/workspaces/ros2_ws/install/ffw_moveit_config:/root/workspaces/ros2_ws/install/ffw_bringup:/root/workspaces/ros2_ws/install/ffw_description:/root/workspaces/turtlebot_ws/install/turtlebot3_simulations:/root/workspaces/turtlebot_ws/install/turtlebot3_gazebo:/root/workspaces/turtlebot_ws/install/turtlebot3_fake_node:/opt/ros/jazzy', 'DEBIAN_FRONTEND': 'noninteractive', 'ACTIVE_WS_NAME': 'ros2_ws', 'AWS_REGION': 'eu-central-1', 'LESSCLOSE': '/usr/bin/lesspipe %s %s', 'SUPERVISOR_SERVER_URL': 'unix:///var/run/supervisor.sock', 'ROS_AUTOMATIC_DISCOVERY_RANGE': 'SUBNET', 'SUPERVISOR_PROCESS_NAME': 'ttyd', 'PWD': '/root/workspaces/ros2_ws/build/ffw_moveit_config', 'TURTLEBOT3_MODEL': 'burger', 'LC_ALL': 'en_US.UTF-8', 'PYTHONPATH': '/root/workspaces/ros2_ws/install/human_detector/lib/python3.12/site-packages:/root/workspaces/ros2_ws/install/ffw_teleop/lib/python3.12/site-packages:/root/workspaces/ros2_ws/install/ffw_bringup/lib/python3.12/site-packages:/opt/ros/jazzy/lib/python3.12/site-packages', 'COLCON': '1', 'CMAKE_PREFIX_PATH': '/root/workspaces/ros2_ws/install/warehouse_worlds:/root/workspaces/ros2_ws/install/library_world:/root/workspaces/ros2_ws/install/ffw_swerve_drive_controller:/root/workspaces/ros2_ws/install/ffw_navigation:/root/workspaces/ros2_ws/install/ffw_moveit_config:/root/workspaces/ros2_ws/install/ffw_description:/root/workspaces/turtlebot_ws/install/turtlebot3_simulations:/root/workspaces/turtlebot_ws/install/turtlebot3_gazebo:/root/workspaces/turtlebot_ws/install/turtlebot3_fake_node:/opt/ros/jazzy/opt/gz_sim_vendor:/opt/ros/jazzy/opt/gz_sensors_vendor:/opt/ros/jazzy/opt/gz_physics_vendor:/opt/ros/jazzy/opt/sdformat_vendor:/opt/ros/jazzy/opt/gz_gui_vendor:/opt/ros/jazzy/opt/gz_transport_vendor:/opt/ros/jazzy/opt/gz_rendering_vendor:/opt/ros/jazzy/opt/gz_plugin_vendor:/opt/ros/jazzy/opt/gz_fuel_tools_vendor:/opt/ros/jazzy/opt/gz_msgs_vendor:/opt/ros/jazzy/opt/gz_common_vendor:/opt/ros/jazzy/opt/gz_math_vendor:/opt/ros/jazzy/opt/gz_utils_vendor:/opt/ros/jazzy/opt/gz_tools_vendor:/opt/ros/jazzy/opt/gz_ogre_next_vendor:/opt/ros/jazzy/opt/gz_dartsim_vendor:/opt/ros/jazzy/opt/gz_cmake_vendor:/root/workspaces/ros2_ws/install/human_detector:/root/workspaces/ros2_ws/install/ffw_teleop:/root/workspaces/ros2_ws/install/ffw_bringup:/opt/ros/jazzy'}), 'shell': False}
[0.556261] (ffw_navigation) JobProgress: {'identifier': 'ffw_navigation', 'progress': 'cmake'}
[0.596536] (-) TimerEvent: {}
[0.622442] (ffw_navigation) Command: {'cmd': ['/usr/bin/cmake', '/root/workspaces/ros2_ws/src/ai-worker-sim/ffw_navigation', '-DCMAKE_INSTALL_PREFIX=/root/workspaces/ros2_ws/install/ffw_navigation'], 'cwd': '/root/workspaces/ros2_ws/build/ffw_navigation', 'env': OrderedDict({'LESSOPEN': '| /usr/bin/lesspipe %s', 'ACTIVE_WS_PATH': '/root/workspaces/ros2_ws', 'GZ_SIM_RESOURCE_PATH': '/opt/ros/jazzy/share', 'SUPERVISOR_GROUP_NAME': 'ttyd', 'GZ_CONFIG_PATH': '/opt/ros/jazzy/opt/gz_sim_vendor/share/gz:/opt/ros/jazzy/opt/sdformat_vendor/share/gz:/opt/ros/jazzy/opt/gz_gui_vendor/share/gz:/opt/ros/jazzy/opt/gz_transport_vendor/share/gz:/opt/ros/jazzy/opt/gz_rendering_vendor/share/gz:/opt/ros/jazzy/opt/gz_plugin_vendor/share/gz:/opt/ros/jazzy/opt/gz_fuel_tools_vendor/share/gz:/opt/ros/jazzy/opt/gz_msgs_vendor/share/gz:/opt/ros/jazzy/opt/gz_common_vendor/share/gz', 'HOSTNAME': 'ip-172-31-7-13.eu-central-1.compute.internal', 'SHLVL': '1', 'LD_LIBRARY_PATH': '/root/workspaces/ros2_ws/install/ffw_swerve_drive_controller/lib:/root/workspaces/ros2_ws/install/ffw_navigation/lib:/opt/ros/jazzy/opt/gz_sim_vendor/lib:/opt/ros/jazzy/opt/gz_sensors_vendor/lib:/opt/ros/jazzy/opt/gz_physics_vendor/lib:/opt/ros/jazzy/opt/sdformat_vendor/lib:/opt/ros/jazzy/opt/rviz_ogre_vendor/lib:/opt/ros/jazzy/lib/x86_64-linux-gnu:/opt/ros/jazzy/opt/gz_gui_vendor/lib:/opt/ros/jazzy/opt/gz_transport_vendor/lib:/opt/ros/jazzy/opt/gz_rendering_vendor/lib:/opt/ros/jazzy/opt/gz_plugin_vendor/lib:/opt/ros/jazzy/opt/gz_fuel_tools_vendor/lib:/opt/ros/jazzy/opt/gz_msgs_vendor/lib:/opt/ros/jazzy/opt/gz_common_vendor/lib:/opt/ros/jazzy/opt/gz_math_vendor/lib:/opt/ros/jazzy/opt/gz_utils_vendor/lib:/opt/ros/jazzy/opt/gz_tools_vendor/lib:/opt/ros/jazzy/opt/gz_ogre_next_vendor/lib:/opt/ros/jazzy/opt/gz_dartsim_vendor/lib:/opt/ros/jazzy/opt/gz_cmake_vendor/lib:/opt/ros/jazzy/lib', 'HOME': '/root', 'EFS_PATH': '/workspaces/113baa83-0a52-42aa-9f6b-d5b552759739', 'OLDPWD': '/root/workspaces', 'ROS_PYTHON_VERSION': '3', 'AWS_CONTAINER_CREDENTIALS_RELATIVE_URI': '/v2/credentials/48044743-5268-4c30-9320-0b4a8b853c8f', 'AWS_EXECUTION_ENV': 'AWS_ECS_FARGATE', 'COLCON_PREFIX_PATH': '/root/workspaces/ros2_ws/install:/root/workspaces/turtlebot_ws/install', 'ECS_AGENT_URI': 'http://169.254.170.2/api/4afcdff0aca74170b17e4081b528c4c3-1842134484', 'ROS_DISTRO': 'jazzy', 'AWS_DEFAULT_REGION': 'eu-central-1', '_': '/usr/bin/colcon', 'ROS_VERSION': '2', 'ECS_CONTAINER_METADATA_URI_V4': 'http://169.254.170.2/v4/4afcdff0aca74170b17e4081b528c4c3-1842134484', 'TERM': 'xterm-256color', 'ECS_CONTAINER_METADATA_URI': 'http://169.254.170.2/v3/4afcdff0aca74170b17e4081b528c4c3-1842134484', 'SESSION_UUID': '113baa83-0a52-42aa-9f6b-d5b552759739', 'PATH': '/opt/ros/jazzy/opt/gz_msgs_vendor/bin:/opt/ros/jazzy/opt/gz_tools_vendor/bin:/opt/ros/jazzy/opt/gz_ogre_next_vendor/bin:/opt/ros/jazzy/bin:/usr/local/sbin:/usr/local/bin:/usr/sbin:/usr/bin:/sbin:/bin', 'XDG_RUNTIME_DIR': '/tmp/runtime-root', 'DISPLAY': ':1', 'LANG': 'en_US.UTF-8', 'LS_COLORS': 'rs=0:di=01;34:ln=01;36:mh=00:pi=40;33:so=01;35:do=01;35:bd=40;33;01:cd=40;33;01:or=40;31;01:mi=00:su=37;41:sg=30;43:ca=00:tw=30;42:ow=34;42:st=37;44:ex=01;32:*.tar=01;31:*.tgz=01;31:*.arc=01;31:*.arj=01;31:*.taz=01;31:*.lha=01;31:*.lz4=01;31:*.lzh=01;31:*.lzma=01;31:*.tlz=01;31:*.txz=01;31:*.tzo=01;31:*.t7z=01;31:*.zip=01;31:*.z=01;31:*.dz=01;31:*.gz=01;31:*.lrz=01;31:*.lz=01;31:*.lzo=01;31:*.xz=01;31:*.zst=01;31:*.tzst=01;31:*.bz2=01;31:*.bz=01;31:*.tbz=01;31:*.tbz2=01;31:*.tz=01;31:*.deb=01;31:*.rpm=01;31:*.jar=01;31:*.war=01;31:*.ear=01;31:*.sar=01;31:*.rar=01;31:*.alz=01;31:*.ace=01;31:*.zoo=01;31:*.cpio=01;31:*.7z=01;31:*.rz=01;31:*.cab=01;31:*.wim=01;31:*.swm=01;31:*.dwm=01;31:*.esd=01;31:*.avif=01;35:*.jpg=01;35:*.jpeg=01;35:*.mjpg=01;35:*.mjpeg=01;35:*.gif=01;35:*.bmp=01;35:*.pbm=01;35:*.pgm=01;35:*.ppm=01;35:*.tga=01;35:*.xbm=01;35:*.xpm=01;35:*.tif=01;35:*.tiff=01;35:*.png=01;35:*.svg=01;35:*.svgz=01;35:*.mng=01;35:*.pcx=01;35:*.mov=01;35:*.mpg=01;35:*.mpeg=01;35:*.m2v=01;35:*.mkv=01;35:*.webm=01;35:*.webp=01;35:*.ogm=01;35:*.mp4=01;35:*.m4v=01;35:*.mp4v=01;35:*.vob=01;35:*.qt=01;35:*.nuv=01;35:*.wmv=01;35:*.asf=01;35:*.rm=01;35:*.rmvb=01;35:*.flc=01;35:*.avi=01;35:*.fli=01;35:*.flv=01;35:*.gl=01;35:*.dl=01;35:*.xcf=01;35:*.xwd=01;35:*.yuv=01;35:*.cgm=01;35:*.emf=01;35:*.ogv=01;35:*.ogx=01;35:*.aac=00;36:*.au=00;36:*.flac=00;36:*.m4a=00;36:*.mid=00;36:*.midi=00;36:*.mka=00;36:*.mp3=00;36:*.mpc=00;36:*.ogg=00;36:*.ra=00;36:*.wav=00;36:*.oga=00;36:*.opus=00;36:*.spx=00;36:*.xspf=00;36:*~=00;90:*#=00;90:*.bak=00;90:*.crdownload=00;90:*.dpkg-dist=00;90:*.dpkg-new=00;90:*.dpkg-old=00;90:*.dpkg-tmp=00;90:*.old=00;90:*.orig=00;90:*.part=00;90:*.rej=00;90:*.rpmnew=00;90:*.rpmorig=00;90:*.rpmsave=00;90:*.swp=00;90:*.tmp=00;90:*.ucf-dist=00;90:*.ucf-new=00;90:*.ucf-old=00;90:', 'SUPERVISOR_ENABLED': '1', 'ROS_DOMAIN_ID': '30', 'AMENT_PREFIX_PATH': '/root/workspaces/ros2_ws/install/warehouse_worlds:/root/workspaces/ros2_ws/install/library_world:/root/workspaces/ros2_ws/install/human_detector:/root/workspaces/ros2_ws/install/ffw_teleop:/root/workspaces/ros2_ws/install/ffw_swerve_drive_controller:/root/workspaces/ros2_ws/install/ffw_navigation:/root/workspaces/ros2_ws/install/ffw_moveit_config:/root/workspaces/ros2_ws/install/ffw_bringup:/root/workspaces/ros2_ws/install/ffw_description:/root/workspaces/turtlebot_ws/install/turtlebot3_simulations:/root/workspaces/turtlebot_ws/install/turtlebot3_gazebo:/root/workspaces/turtlebot_ws/install/turtlebot3_fake_node:/opt/ros/jazzy', 'DEBIAN_FRONTEND': 'noninteractive', 'ACTIVE_WS_NAME': 'ros2_ws', 'AWS_REGION': 'eu-central-1', 'LESSCLOSE': '/usr/bin/lesspipe %s %s', 'SUPERVISOR_SERVER_URL': 'unix:///var/run/supervisor.sock', 'ROS_AUTOMATIC_DISCOVERY_RANGE': 'SUBNET', 'SUPERVISOR_PROCESS_NAME': 'ttyd', 'PWD': '/root/workspaces/ros2_ws/build/ffw_navigation', 'TURTLEBOT3_MODEL': 'burger', 'LC_ALL': 'en_US.UTF-8', 'PYTHONPATH': '/root/workspaces/ros2_ws/install/human_detector/lib/python3.12/site-packages:/root/workspaces/ros2_ws/install/ffw_teleop/lib/python3.12/site-packages:/root/workspaces/ros2_ws/install/ffw_bringup/lib/python3.12/site-packages:/opt/ros/jazzy/lib/python3.12/site-packages', 'COLCON': '1', 'CMAKE_PREFIX_PATH': '/root/workspaces/ros2_ws/install/warehouse_worlds:/root/workspaces/ros2_ws/install/library_world:/root/workspaces/ros2_ws/install/ffw_swerve_drive_controller:/root/workspaces/ros2_ws/install/ffw_navigation:/root/workspaces/ros2_ws/install/ffw_moveit_config:/root/workspaces/ros2_ws/install/ffw_description:/root/workspaces/turtlebot_ws/install/turtlebot3_simulations:/root/workspaces/turtlebot_ws/install/turtlebot3_gazebo:/root/workspaces/turtlebot_ws/install/turtlebot3_fake_node:/opt/ros/jazzy/opt/gz_sim_vendor:/opt/ros/jazzy/opt/gz_sensors_vendor:/opt/ros/jazzy/opt/gz_physics_vendor:/opt/ros/jazzy/opt/sdformat_vendor:/opt/ros/jazzy/opt/gz_gui_vendor:/opt/ros/jazzy/opt/gz_transport_vendor:/opt/ros/jazzy/opt/gz_rendering_vendor:/opt/ros/jazzy/opt/gz_plugin_vendor:/opt/ros/jazzy/opt/gz_fuel_tools_vendor:/opt/ros/jazzy/opt/gz_msgs_vendor:/opt/ros/jazzy/opt/gz_common_vendor:/opt/ros/jazzy/opt/gz_math_vendor:/opt/ros/jazzy/opt/gz_utils_vendor:/opt/ros/jazzy/opt/gz_tools_vendor:/opt/ros/jazzy/opt/gz_ogre_next_vendor:/opt/ros/jazzy/opt/gz_dartsim_vendor:/opt/ros/jazzy/opt/gz_cmake_vendor:/root/workspaces/ros2_ws/install/human_detector:/root/workspaces/ros2_ws/install/ffw_teleop:/root/workspaces/ros2_ws/install/ffw_bringup:/opt/ros/jazzy'}), 'shell': False}
[0.699818] (-) TimerEvent: {}
[0.713940] (ffw_swerve_drive_controller) JobProgress: {'identifier': 'ffw_swerve_drive_controller', 'progress': 'cmake'}
[0.795958] (ffw_swerve_drive_controller) Command: {'cmd': ['/usr/bin/cmake', '/root/workspaces/ros2_ws/src/ai-worker-sim/ffw_swerve_drive_controller', '-DCMAKE_INSTALL_PREFIX=/root/workspaces/ros2_ws/install/ffw_swerve_drive_controller'], 'cwd': '/root/workspaces/ros2_ws/build/ffw_swerve_drive_controller', 'env': OrderedDict({'LESSOPEN': '| /usr/bin/lesspipe %s', 'ACTIVE_WS_PATH': '/root/workspaces/ros2_ws', 'GZ_SIM_RESOURCE_PATH': '/opt/ros/jazzy/share', 'SUPERVISOR_GROUP_NAME': 'ttyd', 'GZ_CONFIG_PATH': '/opt/ros/jazzy/opt/gz_sim_vendor/share/gz:/opt/ros/jazzy/opt/sdformat_vendor/share/gz:/opt/ros/jazzy/opt/gz_gui_vendor/share/gz:/opt/ros/jazzy/opt/gz_transport_vendor/share/gz:/opt/ros/jazzy/opt/gz_rendering_vendor/share/gz:/opt/ros/jazzy/opt/gz_plugin_vendor/share/gz:/opt/ros/jazzy/opt/gz_fuel_tools_vendor/share/gz:/opt/ros/jazzy/opt/gz_msgs_vendor/share/gz:/opt/ros/jazzy/opt/gz_common_vendor/share/gz', 'HOSTNAME': 'ip-172-31-7-13.eu-central-1.compute.internal', 'SHLVL': '1', 'LD_LIBRARY_PATH': '/root/workspaces/ros2_ws/install/ffw_swerve_drive_controller/lib:/root/workspaces/ros2_ws/install/ffw_navigation/lib:/opt/ros/jazzy/opt/gz_sim_vendor/lib:/opt/ros/jazzy/opt/gz_sensors_vendor/lib:/opt/ros/jazzy/opt/gz_physics_vendor/lib:/opt/ros/jazzy/opt/sdformat_vendor/lib:/opt/ros/jazzy/opt/rviz_ogre_vendor/lib:/opt/ros/jazzy/lib/x86_64-linux-gnu:/opt/ros/jazzy/opt/gz_gui_vendor/lib:/opt/ros/jazzy/opt/gz_transport_vendor/lib:/opt/ros/jazzy/opt/gz_rendering_vendor/lib:/opt/ros/jazzy/opt/gz_plugin_vendor/lib:/opt/ros/jazzy/opt/gz_fuel_tools_vendor/lib:/opt/ros/jazzy/opt/gz_msgs_vendor/lib:/opt/ros/jazzy/opt/gz_common_vendor/lib:/opt/ros/jazzy/opt/gz_math_vendor/lib:/opt/ros/jazzy/opt/gz_utils_vendor/lib:/opt/ros/jazzy/opt/gz_tools_vendor/lib:/opt/ros/jazzy/opt/gz_ogre_next_vendor/lib:/opt/ros/jazzy/opt/gz_dartsim_vendor/lib:/opt/ros/jazzy/opt/gz_cmake_vendor/lib:/opt/ros/jazzy/lib', 'HOME': '/root', 'EFS_PATH': '/workspaces/113baa83-0a52-42aa-9f6b-d5b552759739', 'OLDPWD': '/root/workspaces', 'ROS_PYTHON_VERSION': '3', 'AWS_CONTAINER_CREDENTIALS_RELATIVE_URI': '/v2/credentials/48044743-5268-4c30-9320-0b4a8b853c8f', 'AWS_EXECUTION_ENV': 'AWS_ECS_FARGATE', 'COLCON_PREFIX_PATH': '/root/workspaces/ros2_ws/install:/root/workspaces/turtlebot_ws/install', 'ECS_AGENT_URI': 'http://169.254.170.2/api/4afcdff0aca74170b17e4081b528c4c3-1842134484', 'ROS_DISTRO': 'jazzy', 'AWS_DEFAULT_REGION': 'eu-central-1', '_': '/usr/bin/colcon', 'ROS_VERSION': '2', 'ECS_CONTAINER_METADATA_URI_V4': 'http://169.254.170.2/v4/4afcdff0aca74170b17e4081b528c4c3-1842134484', 'TERM': 'xterm-256color', 'ECS_CONTAINER_METADATA_URI': 'http://169.254.170.2/v3/4afcdff0aca74170b17e4081b528c4c3-1842134484', 'SESSION_UUID': '113baa83-0a52-42aa-9f6b-d5b552759739', 'PATH': '/opt/ros/jazzy/opt/gz_msgs_vendor/bin:/opt/ros/jazzy/opt/gz_tools_vendor/bin:/opt/ros/jazzy/opt/gz_ogre_next_vendor/bin:/opt/ros/jazzy/bin:/usr/local/sbin:/usr/local/bin:/usr/sbin:/usr/bin:/sbin:/bin', 'XDG_RUNTIME_DIR': '/tmp/runtime-root', 'DISPLAY': ':1', 'LANG': 'en_US.UTF-8', 'LS_COLORS': 'rs=0:di=01;34:ln=01;36:mh=00:pi=40;33:so=01;35:do=01;35:bd=40;33;01:cd=40;33;01:or=40;31;01:mi=00:su=37;41:sg=30;43:ca=00:tw=30;42:ow=34;42:st=37;44:ex=01;32:*.tar=01;31:*.tgz=01;31:*.arc=01;31:*.arj=01;31:*.taz=01;31:*.lha=01;31:*.lz4=01;31:*.lzh=01;31:*.lzma=01;31:*.tlz=01;31:*.txz=01;31:*.tzo=01;31:*.t7z=01;31:*.zip=01;31:*.z=01;31:*.dz=01;31:*.gz=01;31:*.lrz=01;31:*.lz=01;31:*.lzo=01;31:*.xz=01;31:*.zst=01;31:*.tzst=01;31:*.bz2=01;31:*.bz=01;31:*.tbz=01;31:*.tbz2=01;31:*.tz=01;31:*.deb=01;31:*.rpm=01;31:*.jar=01;31:*.war=01;31:*.ear=01;31:*.sar=01;31:*.rar=01;31:*.alz=01;31:*.ace=01;31:*.zoo=01;31:*.cpio=01;31:*.7z=01;31:*.rz=01;31:*.cab=01;31:*.wim=01;31:*.swm=01;31:*.dwm=01;31:*.esd=01;31:*.avif=01;35:*.jpg=01;35:*.jpeg=01;35:*.mjpg=01;35:*.mjpeg=01;35:*.gif=01;35:*.bmp=01;35:*.pbm=01;35:*.pgm=01;35:*.ppm=01;35:*.tga=01;35:*.xbm=01;35:*.xpm=01;35:*.tif=01;35:*.tiff=01;35:*.png=01;35:*.svg=01;35:*.svgz=01;35:*.mng=01;35:*.pcx=01;35:*.mov=01;35:*.mpg=01;35:*.mpeg=01;35:*.m2v=01;35:*.mkv=01;35:*.webm=01;35:*.webp=01;35:*.ogm=01;35:*.mp4=01;35:*.m4v=01;35:*.mp4v=01;35:*.vob=01;35:*.qt=01;35:*.nuv=01;35:*.wmv=01;35:*.asf=01;35:*.rm=01;35:*.rmvb=01;35:*.flc=01;35:*.avi=01;35:*.fli=01;35:*.flv=01;35:*.gl=01;35:*.dl=01;35:*.xcf=01;35:*.xwd=01;35:*.yuv=01;35:*.cgm=01;35:*.emf=01;35:*.ogv=01;35:*.ogx=01;35:*.aac=00;36:*.au=00;36:*.flac=00;36:*.m4a=00;36:*.mid=00;36:*.midi=00;36:*.mka=00;36:*.mp3=00;36:*.mpc=00;36:*.ogg=00;36:*.ra=00;36:*.wav=00;36:*.oga=00;36:*.opus=00;36:*.spx=00;36:*.xspf=00;36:*~=00;90:*#=00;90:*.bak=00;90:*.crdownload=00;90:*.dpkg-dist=00;90:*.dpkg-new=00;90:*.dpkg-old=00;90:*.dpkg-tmp=00;90:*.old=00;90:*.orig=00;90:*.part=00;90:*.rej=00;90:*.rpmnew=00;90:*.rpmorig=00;90:*.rpmsave=00;90:*.swp=00;90:*.tmp=00;90:*.ucf-dist=00;90:*.ucf-new=00;90:*.ucf-old=00;90:', 'SUPERVISOR_ENABLED': '1', 'ROS_DOMAIN_ID': '30', 'AMENT_PREFIX_PATH': '/root/workspaces/ros2_ws/install/warehouse_worlds:/root/workspaces/ros2_ws/install/library_world:/root/workspaces/ros2_ws/install/human_detector:/root/workspaces/ros2_ws/install/ffw_teleop:/root/workspaces/ros2_ws/install/ffw_swerve_drive_controller:/root/workspaces/ros2_ws/install/ffw_navigation:/root/workspaces/ros2_ws/install/ffw_moveit_config:/root/workspaces/ros2_ws/install/ffw_bringup:/root/workspaces/ros2_ws/install/ffw_description:/root/workspaces/turtlebot_ws/install/turtlebot3_simulations:/root/workspaces/turtlebot_ws/install/turtlebot3_gazebo:/root/workspaces/turtlebot_ws/install/turtlebot3_fake_node:/opt/ros/jazzy', 'DEBIAN_FRONTEND': 'noninteractive', 'ACTIVE_WS_NAME': 'ros2_ws', 'AWS_REGION': 'eu-central-1', 'LESSCLOSE': '/usr/bin/lesspipe %s %s', 'SUPERVISOR_SERVER_URL': 'unix:///var/run/supervisor.sock', 'ROS_AUTOMATIC_DISCOVERY_RANGE': 'SUBNET', 'SUPERVISOR_PROCESS_NAME': 'ttyd', 'PWD': '/root/workspaces/ros2_ws/build/ffw_swerve_drive_controller', 'TURTLEBOT3_MODEL': 'burger', 'LC_ALL': 'en_US.UTF-8', 'PYTHONPATH': '/root/workspaces/ros2_ws/install/human_detector/lib/python3.12/site-packages:/root/workspaces/ros2_ws/install/ffw_teleop/lib/python3.12/site-packages:/root/workspaces/ros2_ws/install/ffw_bringup/lib/python3.12/site-packages:/opt/ros/jazzy/lib/python3.12/site-packages', 'COLCON': '1', 'CMAKE_PREFIX_PATH': '/root/workspaces/ros2_ws/install/warehouse_worlds:/root/workspaces/ros2_ws/install/library_world:/root/workspaces/ros2_ws/install/ffw_swerve_drive_controller:/root/workspaces/ros2_ws/install/ffw_navigation:/root/workspaces/ros2_ws/install/ffw_moveit_config:/root/workspaces/ros2_ws/install/ffw_description:/root/workspaces/turtlebot_ws/install/turtlebot3_simulations:/root/workspaces/turtlebot_ws/install/turtlebot3_gazebo:/root/workspaces/turtlebot_ws/install/turtlebot3_fake_node:/opt/ros/jazzy/opt/gz_sim_vendor:/opt/ros/jazzy/opt/gz_sensors_vendor:/opt/ros/jazzy/opt/gz_physics_vendor:/opt/ros/jazzy/opt/sdformat_vendor:/opt/ros/jazzy/opt/gz_gui_vendor:/opt/ros/jazzy/opt/gz_transport_vendor:/opt/ros/jazzy/opt/gz_rendering_vendor:/opt/ros/jazzy/opt/gz_plugin_vendor:/opt/ros/jazzy/opt/gz_fuel_tools_vendor:/opt/ros/jazzy/opt/gz_msgs_vendor:/opt/ros/jazzy/opt/gz_common_vendor:/opt/ros/jazzy/opt/gz_math_vendor:/opt/ros/jazzy/opt/gz_utils_vendor:/opt/ros/jazzy/opt/gz_tools_vendor:/opt/ros/jazzy/opt/gz_ogre_next_vendor:/opt/ros/jazzy/opt/gz_dartsim_vendor:/opt/ros/jazzy/opt/gz_cmake_vendor:/root/workspaces/ros2_ws/install/human_detector:/root/workspaces/ros2_ws/install/ffw_teleop:/root/workspaces/ros2_ws/install/ffw_bringup:/opt/ros/jazzy'}), 'shell': False}
[0.824529] (-) TimerEvent: {}
[0.924919] (-) TimerEvent: {}
[1.025242] (-) TimerEvent: {}
[1.125554] (-) TimerEvent: {}
[1.225917] (-) TimerEvent: {}
[1.312392] (ffw_navigation) StdoutLine: {'line': b'-- The C compiler identification is GNU 13.3.0\n'}
[1.315611] (ffw_swerve_drive_controller) StdoutLine: {'line': b'-- The C compiler identification is GNU 13.3.0\n'}
[1.323850] (ffw_moveit_config) StdoutLine: {'line': b'-- The C compiler identification is GNU 13.3.0\n'}
[1.325979] (-) TimerEvent: {}
[1.346679] (ffw_description) StdoutLine: {'line': b'-- The C compiler identification is GNU 13.3.0\n'}
[1.426114] (-) TimerEvent: {}
[1.526797] (-) TimerEvent: {}
[1.627358] (-) TimerEvent: {}
[1.727962] (-) TimerEvent: {}
[1.828276] (-) TimerEvent: {}
[1.928738] (-) TimerEvent: {}
[2.002424] (ffw_navigation) StdoutLine: {'line': b'-- The CXX compiler identification is GNU 13.3.0\n'}
[2.005519] (ffw_swerve_drive_controller) StdoutLine: {'line': b'-- The CXX compiler identification is GNU 13.3.0\n'}
[2.023254] (ffw_description) StdoutLine: {'line': b'-- The CXX compiler identification is GNU 13.3.0\n'}
[2.028818] (-) TimerEvent: {}
[2.034868] (ffw_moveit_config) StdoutLine: {'line': b'-- The CXX compiler identification is GNU 13.3.0\n'}
[2.128929] (-) TimerEvent: {}
[2.134752] (ffw_navigation) StdoutLine: {'line': b'-- Detecting C compiler ABI info\n'}
[2.135009] (ffw_swerve_drive_controller) StdoutLine: {'line': b'-- Detecting C compiler ABI info\n'}
[2.153262] (ffw_moveit_config) StdoutLine: {'line': b'-- Detecting C compiler ABI info\n'}
[2.198119] (ffw_description) StdoutLine: {'line': b'-- Detecting C compiler ABI info\n'}
[2.229049] (-) TimerEvent: {}
[2.329347] (-) TimerEvent: {}
[2.429658] (-) TimerEvent: {}
[2.529986] (-) TimerEvent: {}
[2.630405] (-) TimerEvent: {}
[2.730850] (-) TimerEvent: {}
[2.832113] (-) TimerEvent: {}
[2.934092] (-) TimerEvent: {}
[3.034607] (-) TimerEvent: {}
[3.134928] (-) TimerEvent: {}
[3.235219] (-) TimerEvent: {}
[3.335803] (-) TimerEvent: {}
[3.436488] (-) TimerEvent: {}
[3.537314] (-) TimerEvent: {}
[3.646411] (-) TimerEvent: {}
[3.701021] (ffw_swerve_drive_controller) StdoutLine: {'line': b'-- Detecting C compiler ABI info - done\n'}
[3.717688] (ffw_swerve_drive_controller) StdoutLine: {'line': b'-- Check for working C compiler: /usr/bin/cc - skipped\n'}
[3.719300] (ffw_swerve_drive_controller) StdoutLine: {'line': b'-- Detecting C compile features\n'}
[3.719424] (ffw_swerve_drive_controller) StdoutLine: {'line': b'-- Detecting C compile features - done\n'}
[3.746514] (-) TimerEvent: {}
[3.748456] (ffw_navigation) StdoutLine: {'line': b'-- Detecting C compiler ABI info - done\n'}
[3.800051] (ffw_description) StdoutLine: {'line': b'-- Detecting C compiler ABI info - done\n'}
[3.821334] (ffw_navigation) StdoutLine: {'line': b'-- Check for working C compiler: /usr/bin/cc - skipped\n'}
[3.821874] (ffw_navigation) StdoutLine: {'line': b'-- Detecting C compile features\n'}
[3.822500] (ffw_navigation) StdoutLine: {'line': b'-- Detecting C compile features - done\n'}
[3.827821] (ffw_moveit_config) StdoutLine: {'line': b'-- Detecting C compiler ABI info - done\n'}
[3.833089] (ffw_swerve_drive_controller) StdoutLine: {'line': b'-- Detecting CXX compiler ABI info\n'}
[3.835555] (ffw_description) StdoutLine: {'line': b'-- Check for working C compiler: /usr/bin/cc - skipped\n'}
[3.836105] (ffw_description) StdoutLine: {'line': b'-- Detecting C compile features\n'}
[3.836466] (ffw_description) StdoutLine: {'line': b'-- Detecting C compile features - done\n'}
[3.846706] (-) TimerEvent: {}
[3.904162] (ffw_moveit_config) StdoutLine: {'line': b'-- Check for working C compiler: /usr/bin/cc - skipped\n'}
[3.911192] (ffw_moveit_config) StdoutLine: {'line': b'-- Detecting C compile features\n'}
[3.911332] (ffw_moveit_config) StdoutLine: {'line': b'-- Detecting C compile features - done\n'}
[3.940864] (ffw_description) StdoutLine: {'line': b'-- Detecting CXX compiler ABI info\n'}
[3.948995] (-) TimerEvent: {}
[3.953054] (ffw_navigation) StdoutLine: {'line': b'-- Detecting CXX compiler ABI info\n'}
[4.049097] (-) TimerEvent: {}
[4.099455] (ffw_moveit_config) StdoutLine: {'line': b'-- Detecting CXX compiler ABI info\n'}
[4.149207] (-) TimerEvent: {}
[4.249486] (-) TimerEvent: {}
[4.349785] (-) TimerEvent: {}
[4.450090] (-) TimerEvent: {}
[4.550542] (-) TimerEvent: {}
[4.650838] (-) TimerEvent: {}
[4.751230] (-) TimerEvent: {}
[4.851588] (-) TimerEvent: {}
[4.951900] (-) TimerEvent: {}
[5.052208] (-) TimerEvent: {}
[5.152501] (-) TimerEvent: {}
[5.252879] (-) TimerEvent: {}
[5.353259] (-) TimerEvent: {}
[5.439627] (ffw_swerve_drive_controller) StdoutLine: {'line': b'-- Detecting CXX compiler ABI info - done\n'}
[5.453386] (-) TimerEvent: {}
[5.457109] (ffw_swerve_drive_controller) StdoutLine: {'line': b'-- Check for working CXX compiler: /usr/bin/c++ - skipped\n'}
[5.461079] (ffw_swerve_drive_controller) StdoutLine: {'line': b'-- Detecting CXX compile features\n'}
[5.461141] (ffw_swerve_drive_controller) StdoutLine: {'line': b'-- Detecting CXX compile features - done\n'}
[5.495807] (ffw_description) StdoutLine: {'line': b'-- Detecting CXX compiler ABI info - done\n'}
[5.509261] (ffw_description) StdoutLine: {'line': b'-- Check for working CXX compiler: /usr/bin/c++ - skipped\n'}
[5.509904] (ffw_description) StdoutLine: {'line': b'-- Detecting CXX compile features\n'}
[5.510578] (ffw_description) StdoutLine: {'line': b'-- Detecting CXX compile features - done\n'}
[5.511511] (ffw_navigation) StdoutLine: {'line': b'-- Detecting CXX compiler ABI info - done\n'}
[5.527243] (ffw_navigation) StdoutLine: {'line': b'-- Check for working CXX compiler: /usr/bin/c++ - skipped\n'}
[5.527635] (ffw_navigation) StdoutLine: {'line': b'-- Detecting CXX compile features\n'}
[5.529285] (ffw_navigation) StdoutLine: {'line': b'-- Detecting CXX compile features - done\n'}
[5.594693] (-) TimerEvent: {}
[5.694969] (-) TimerEvent: {}
[5.695653] (ffw_moveit_config) StdoutLine: {'line': b'-- Detecting CXX compiler ABI info - done\n'}
[5.705822] (ffw_swerve_drive_controller) StdoutLine: {'line': b'-- Found ament_cmake: 2.5.6 (/opt/ros/jazzy/share/ament_cmake/cmake)\n'}
[5.710622] (ffw_description) StdoutLine: {'line': b'-- Found ament_cmake: 2.5.6 (/opt/ros/jazzy/share/ament_cmake/cmake)\n'}
[5.712680] (ffw_moveit_config) StdoutLine: {'line': b'-- Check for working CXX compiler: /usr/bin/c++ - skipped\n'}
[5.715187] (ffw_moveit_config) StdoutLine: {'line': b'-- Detecting CXX compile features\n'}
[5.715476] (ffw_moveit_config) StdoutLine: {'line': b'-- Detecting CXX compile features - done\n'}
[5.729512] (ffw_navigation) StdoutLine: {'line': b'-- Found ament_cmake: 2.5.6 (/opt/ros/jazzy/share/ament_cmake/cmake)\n'}
[5.795834] (-) TimerEvent: {}
[5.897160] (ffw_moveit_config) StdoutLine: {'line': b'-- Found ament_cmake: 2.5.6 (/opt/ros/jazzy/share/ament_cmake/cmake)\n'}
[5.897366] (-) TimerEvent: {}
[5.998065] (-) TimerEvent: {}
[6.098684] (-) TimerEvent: {}
[6.198996] (-) TimerEvent: {}
[6.304713] (-) TimerEvent: {}
[6.409086] (-) TimerEvent: {}
[6.522522] (-) TimerEvent: {}
[6.622826] (-) TimerEvent: {}
[6.723100] (-) TimerEvent: {}
[6.823376] (-) TimerEvent: {}
[6.923634] (-) TimerEvent: {}
[6.949715] (ffw_navigation) StdoutLine: {'line': b'-- Found Python3: /usr/bin/python3 (found version "3.12.3") found components: Interpreter \n'}
[6.994688] (ffw_description) StdoutLine: {'line': b'-- Found Python3: /usr/bin/python3 (found version "3.12.3") found components: Interpreter \n'}
[7.023751] (-) TimerEvent: {}
[7.033749] (ffw_swerve_drive_controller) StdoutLine: {'line': b'-- Found Python3: /usr/bin/python3 (found version "3.12.3") found components: Interpreter \n'}
[7.100374] (ffw_moveit_config) StdoutLine: {'line': b'-- Found Python3: /usr/bin/python3 (found version "3.12.3") found components: Interpreter \n'}
[7.123858] (-) TimerEvent: {}
[7.224128] (-) TimerEvent: {}
[7.324397] (-) TimerEvent: {}
[7.424774] (-) TimerEvent: {}
[7.525049] (-) TimerEvent: {}
[7.625336] (-) TimerEvent: {}
[7.725777] (-) TimerEvent: {}
[7.826824] (-) TimerEvent: {}
[7.927264] (-) TimerEvent: {}
[8.027868] (-) TimerEvent: {}
[8.128544] (-) TimerEvent: {}
[8.229198] (-) TimerEvent: {}
[8.330852] (-) TimerEvent: {}
[8.431476] (-) TimerEvent: {}
[8.532297] (-) TimerEvent: {}
[8.632826] (-) TimerEvent: {}
[8.733403] (-) TimerEvent: {}
[8.834027] (-) TimerEvent: {}
[8.934590] (-) TimerEvent: {}
[9.035157] (-) TimerEvent: {}
[9.050977] (ffw_navigation) StdoutLine: {'line': b'-- Found behaviortree_cpp: 4.9.0 (/opt/ros/jazzy/share/behaviortree_cpp/cmake)\n'}
[9.145865] (-) TimerEvent: {}
[9.159929] (ffw_swerve_drive_controller) StdoutLine: {'line': b'-- Found controller_interface: 4.45.2 (/opt/ros/jazzy/share/controller_interface/cmake)\n'}
[9.240405] (ffw_navigation) StdoutLine: {'line': b'-- Found nav_msgs: 5.3.8 (/opt/ros/jazzy/share/nav_msgs/cmake)\n'}
[9.245947] (-) TimerEvent: {}
[9.346184] (-) TimerEvent: {}
[9.446470] (-) TimerEvent: {}
[9.546783] (-) TimerEvent: {}
[9.647079] (-) TimerEvent: {}
[9.747513] (-) TimerEvent: {}
[9.847807] (-) TimerEvent: {}
[9.894867] (ffw_moveit_config) StdoutLine: {'line': b'-- Configuring done (9.3s)\n'}
[9.915554] (ffw_description) StdoutLine: {'line': b'-- Configuring done (9.4s)\n'}
[9.947905] (-) TimerEvent: {}
[10.048193] (-) TimerEvent: {}
[10.148472] (-) TimerEvent: {}
[10.244716] (ffw_swerve_drive_controller) StdoutLine: {'line': b'-- Found rosidl_generator_c: 4.6.9 (/opt/ros/jazzy/share/rosidl_generator_c/cmake)\n'}
[10.246483] (ffw_navigation) StdoutLine: {'line': b'-- Found rosidl_generator_c: 4.6.9 (/opt/ros/jazzy/share/rosidl_generator_c/cmake)\n'}
[10.249144] (-) TimerEvent: {}
[10.349370] (-) TimerEvent: {}
[10.494683] (-) TimerEvent: {}
[10.600435] (ffw_swerve_drive_controller) StdoutLine: {'line': b'-- Found rosidl_generator_cpp: 4.6.9 (/opt/ros/jazzy/share/rosidl_generator_cpp/cmake)\n'}
[10.600626] (-) TimerEvent: {}
[10.605407] (ffw_navigation) StdoutLine: {'line': b'-- Found rosidl_generator_cpp: 4.6.9 (/opt/ros/jazzy/share/rosidl_generator_cpp/cmake)\n'}
[10.700818] (ffw_moveit_config) StdoutLine: {'line': b'-- Generating done (0.8s)\n'}
[10.701017] (-) TimerEvent: {}
[10.745883] (ffw_description) StdoutLine: {'line': b'-- Generating done (0.7s)\n'}
[10.801142] (-) TimerEvent: {}
[10.901513] (-) TimerEvent: {}
[11.001807] (-) TimerEvent: {}
[11.004142] (ffw_navigation) StdoutLine: {'line': b'-- Using all available rosidl_typesupport_c: rosidl_typesupport_fastrtps_c;rosidl_typesupport_introspection_c\n'}
[11.006771] (ffw_swerve_drive_controller) StdoutLine: {'line': b'-- Using all available rosidl_typesupport_c: rosidl_typesupport_fastrtps_c;rosidl_typesupport_introspection_c\n'}
[11.095224] (ffw_moveit_config) StdoutLine: {'line': b'-- Build files have been written to: /root/workspaces/ros2_ws/build/ffw_moveit_config\n'}
[11.101888] (-) TimerEvent: {}
[11.102354] (ffw_moveit_config) CommandEnded: {'returncode': 0}
[11.104267] (ffw_moveit_config) JobProgress: {'identifier': 'ffw_moveit_config', 'progress': 'build'}
[11.107499] (ffw_moveit_config) Command: {'cmd': ['/usr/bin/cmake', '--build', '/root/workspaces/ros2_ws/build/ffw_moveit_config', '--', '-j4', '-l4'], 'cwd': '/root/workspaces/ros2_ws/build/ffw_moveit_config', 'env': OrderedDict({'LESSOPEN': '| /usr/bin/lesspipe %s', 'ACTIVE_WS_PATH': '/root/workspaces/ros2_ws', 'GZ_SIM_RESOURCE_PATH': '/opt/ros/jazzy/share', 'SUPERVISOR_GROUP_NAME': 'ttyd', 'GZ_CONFIG_PATH': '/opt/ros/jazzy/opt/gz_sim_vendor/share/gz:/opt/ros/jazzy/opt/sdformat_vendor/share/gz:/opt/ros/jazzy/opt/gz_gui_vendor/share/gz:/opt/ros/jazzy/opt/gz_transport_vendor/share/gz:/opt/ros/jazzy/opt/gz_rendering_vendor/share/gz:/opt/ros/jazzy/opt/gz_plugin_vendor/share/gz:/opt/ros/jazzy/opt/gz_fuel_tools_vendor/share/gz:/opt/ros/jazzy/opt/gz_msgs_vendor/share/gz:/opt/ros/jazzy/opt/gz_common_vendor/share/gz', 'HOSTNAME': 'ip-172-31-7-13.eu-central-1.compute.internal', 'SHLVL': '1', 'LD_LIBRARY_PATH': '/root/workspaces/ros2_ws/install/ffw_swerve_drive_controller/lib:/root/workspaces/ros2_ws/install/ffw_navigation/lib:/opt/ros/jazzy/opt/gz_sim_vendor/lib:/opt/ros/jazzy/opt/gz_sensors_vendor/lib:/opt/ros/jazzy/opt/gz_physics_vendor/lib:/opt/ros/jazzy/opt/sdformat_vendor/lib:/opt/ros/jazzy/opt/rviz_ogre_vendor/lib:/opt/ros/jazzy/lib/x86_64-linux-gnu:/opt/ros/jazzy/opt/gz_gui_vendor/lib:/opt/ros/jazzy/opt/gz_transport_vendor/lib:/opt/ros/jazzy/opt/gz_rendering_vendor/lib:/opt/ros/jazzy/opt/gz_plugin_vendor/lib:/opt/ros/jazzy/opt/gz_fuel_tools_vendor/lib:/opt/ros/jazzy/opt/gz_msgs_vendor/lib:/opt/ros/jazzy/opt/gz_common_vendor/lib:/opt/ros/jazzy/opt/gz_math_vendor/lib:/opt/ros/jazzy/opt/gz_utils_vendor/lib:/opt/ros/jazzy/opt/gz_tools_vendor/lib:/opt/ros/jazzy/opt/gz_ogre_next_vendor/lib:/opt/ros/jazzy/opt/gz_dartsim_vendor/lib:/opt/ros/jazzy/opt/gz_cmake_vendor/lib:/opt/ros/jazzy/lib', 'HOME': '/root', 'EFS_PATH': '/workspaces/113baa83-0a52-42aa-9f6b-d5b552759739', 'OLDPWD': '/root/workspaces', 'ROS_PYTHON_VERSION': '3', 'AWS_CONTAINER_CREDENTIALS_RELATIVE_URI': '/v2/credentials/48044743-5268-4c30-9320-0b4a8b853c8f', 'AWS_EXECUTION_ENV': 'AWS_ECS_FARGATE', 'COLCON_PREFIX_PATH': '/root/workspaces/ros2_ws/install:/root/workspaces/turtlebot_ws/install', 'ECS_AGENT_URI': 'http://169.254.170.2/api/4afcdff0aca74170b17e4081b528c4c3-1842134484', 'ROS_DISTRO': 'jazzy', 'AWS_DEFAULT_REGION': 'eu-central-1', '_': '/usr/bin/colcon', 'ROS_VERSION': '2', 'ECS_CONTAINER_METADATA_URI_V4': 'http://169.254.170.2/v4/4afcdff0aca74170b17e4081b528c4c3-1842134484', 'TERM': 'xterm-256color', 'ECS_CONTAINER_METADATA_URI': 'http://169.254.170.2/v3/4afcdff0aca74170b17e4081b528c4c3-1842134484', 'SESSION_UUID': '113baa83-0a52-42aa-9f6b-d5b552759739', 'PATH': '/opt/ros/jazzy/opt/gz_msgs_vendor/bin:/opt/ros/jazzy/opt/gz_tools_vendor/bin:/opt/ros/jazzy/opt/gz_ogre_next_vendor/bin:/opt/ros/jazzy/bin:/usr/local/sbin:/usr/local/bin:/usr/sbin:/usr/bin:/sbin:/bin', 'XDG_RUNTIME_DIR': '/tmp/runtime-root', 'DISPLAY': ':1', 'LANG': 'en_US.UTF-8', 'LS_COLORS': 'rs=0:di=01;34:ln=01;36:mh=00:pi=40;33:so=01;35:do=01;35:bd=40;33;01:cd=40;33;01:or=40;31;01:mi=00:su=37;41:sg=30;43:ca=00:tw=30;42:ow=34;42:st=37;44:ex=01;32:*.tar=01;31:*.tgz=01;31:*.arc=01;31:*.arj=01;31:*.taz=01;31:*.lha=01;31:*.lz4=01;31:*.lzh=01;31:*.lzma=01;31:*.tlz=01;31:*.txz=01;31:*.tzo=01;31:*.t7z=01;31:*.zip=01;31:*.z=01;31:*.dz=01;31:*.gz=01;31:*.lrz=01;31:*.lz=01;31:*.lzo=01;31:*.xz=01;31:*.zst=01;31:*.tzst=01;31:*.bz2=01;31:*.bz=01;31:*.tbz=01;31:*.tbz2=01;31:*.tz=01;31:*.deb=01;31:*.rpm=01;31:*.jar=01;31:*.war=01;31:*.ear=01;31:*.sar=01;31:*.rar=01;31:*.alz=01;31:*.ace=01;31:*.zoo=01;31:*.cpio=01;31:*.7z=01;31:*.rz=01;31:*.cab=01;31:*.wim=01;31:*.swm=01;31:*.dwm=01;31:*.esd=01;31:*.avif=01;35:*.jpg=01;35:*.jpeg=01;35:*.mjpg=01;35:*.mjpeg=01;35:*.gif=01;35:*.bmp=01;35:*.pbm=01;35:*.pgm=01;35:*.ppm=01;35:*.tga=01;35:*.xbm=01;35:*.xpm=01;35:*.tif=01;35:*.tiff=01;35:*.png=01;35:*.svg=01;35:*.svgz=01;35:*.mng=01;35:*.pcx=01;35:*.mov=01;35:*.mpg=01;35:*.mpeg=01;35:*.m2v=01;35:*.mkv=01;35:*.webm=01;35:*.webp=01;35:*.ogm=01;35:*.mp4=01;35:*.m4v=01;35:*.mp4v=01;35:*.vob=01;35:*.qt=01;35:*.nuv=01;35:*.wmv=01;35:*.asf=01;35:*.rm=01;35:*.rmvb=01;35:*.flc=01;35:*.avi=01;35:*.fli=01;35:*.flv=01;35:*.gl=01;35:*.dl=01;35:*.xcf=01;35:*.xwd=01;35:*.yuv=01;35:*.cgm=01;35:*.emf=01;35:*.ogv=01;35:*.ogx=01;35:*.aac=00;36:*.au=00;36:*.flac=00;36:*.m4a=00;36:*.mid=00;36:*.midi=00;36:*.mka=00;36:*.mp3=00;36:*.mpc=00;36:*.ogg=00;36:*.ra=00;36:*.wav=00;36:*.oga=00;36:*.opus=00;36:*.spx=00;36:*.xspf=00;36:*~=00;90:*#=00;90:*.bak=00;90:*.crdownload=00;90:*.dpkg-dist=00;90:*.dpkg-new=00;90:*.dpkg-old=00;90:*.dpkg-tmp=00;90:*.old=00;90:*.orig=00;90:*.part=00;90:*.rej=00;90:*.rpmnew=00;90:*.rpmorig=00;90:*.rpmsave=00;90:*.swp=00;90:*.tmp=00;90:*.ucf-dist=00;90:*.ucf-new=00;90:*.ucf-old=00;90:', 'SUPERVISOR_ENABLED': '1', 'ROS_DOMAIN_ID': '30', 'AMENT_PREFIX_PATH': '/root/workspaces/ros2_ws/install/warehouse_worlds:/root/workspaces/ros2_ws/install/library_world:/root/workspaces/ros2_ws/install/human_detector:/root/workspaces/ros2_ws/install/ffw_teleop:/root/workspaces/ros2_ws/install/ffw_swerve_drive_controller:/root/workspaces/ros2_ws/install/ffw_navigation:/root/workspaces/ros2_ws/install/ffw_moveit_config:/root/workspaces/ros2_ws/install/ffw_bringup:/root/workspaces/ros2_ws/install/ffw_description:/root/workspaces/turtlebot_ws/install/turtlebot3_simulations:/root/workspaces/turtlebot_ws/install/turtlebot3_gazebo:/root/workspaces/turtlebot_ws/install/turtlebot3_fake_node:/opt/ros/jazzy', 'DEBIAN_FRONTEND': 'noninteractive', 'ACTIVE_WS_NAME': 'ros2_ws', 'AWS_REGION': 'eu-central-1', 'LESSCLOSE': '/usr/bin/lesspipe %s %s', 'SUPERVISOR_SERVER_URL': 'unix:///var/run/supervisor.sock', 'ROS_AUTOMATIC_DISCOVERY_RANGE': 'SUBNET', 'SUPERVISOR_PROCESS_NAME': 'ttyd', 'PWD': '/root/workspaces/ros2_ws/build/ffw_moveit_config', 'TURTLEBOT3_MODEL': 'burger', 'LC_ALL': 'en_US.UTF-8', 'PYTHONPATH': '/root/workspaces/ros2_ws/install/human_detector/lib/python3.12/site-packages:/root/workspaces/ros2_ws/install/ffw_teleop/lib/python3.12/site-packages:/root/workspaces/ros2_ws/install/ffw_bringup/lib/python3.12/site-packages:/opt/ros/jazzy/lib/python3.12/site-packages', 'COLCON': '1', 'CMAKE_PREFIX_PATH': '/root/workspaces/ros2_ws/install/warehouse_worlds:/root/workspaces/ros2_ws/install/library_world:/root/workspaces/ros2_ws/install/ffw_swerve_drive_controller:/root/workspaces/ros2_ws/install/ffw_navigation:/root/workspaces/ros2_ws/install/ffw_moveit_config:/root/workspaces/ros2_ws/install/ffw_description:/root/workspaces/turtlebot_ws/install/turtlebot3_simulations:/root/workspaces/turtlebot_ws/install/turtlebot3_gazebo:/root/workspaces/turtlebot_ws/install/turtlebot3_fake_node:/opt/ros/jazzy/opt/gz_sim_vendor:/opt/ros/jazzy/opt/gz_sensors_vendor:/opt/ros/jazzy/opt/gz_physics_vendor:/opt/ros/jazzy/opt/sdformat_vendor:/opt/ros/jazzy/opt/gz_gui_vendor:/opt/ros/jazzy/opt/gz_transport_vendor:/opt/ros/jazzy/opt/gz_rendering_vendor:/opt/ros/jazzy/opt/gz_plugin_vendor:/opt/ros/jazzy/opt/gz_fuel_tools_vendor:/opt/ros/jazzy/opt/gz_msgs_vendor:/opt/ros/jazzy/opt/gz_common_vendor:/opt/ros/jazzy/opt/gz_math_vendor:/opt/ros/jazzy/opt/gz_utils_vendor:/opt/ros/jazzy/opt/gz_tools_vendor:/opt/ros/jazzy/opt/gz_ogre_next_vendor:/opt/ros/jazzy/opt/gz_dartsim_vendor:/opt/ros/jazzy/opt/gz_cmake_vendor:/root/workspaces/ros2_ws/install/human_detector:/root/workspaces/ros2_ws/install/ffw_teleop:/root/workspaces/ros2_ws/install/ffw_bringup:/opt/ros/jazzy'}), 'shell': False}
[11.138973] (ffw_description) StdoutLine: {'line': b'-- Build files have been written to: /root/workspaces/ros2_ws/build/ffw_description\n'}
[11.195403] (ffw_description) CommandEnded: {'returncode': 0}
[11.197053] (ffw_description) JobProgress: {'identifier': 'ffw_description', 'progress': 'build'}
[11.208032] (-) TimerEvent: {}
[11.208148] (ffw_description) Command: {'cmd': ['/usr/bin/cmake', '--build', '/root/workspaces/ros2_ws/build/ffw_description', '--', '-j4', '-l4'], 'cwd': '/root/workspaces/ros2_ws/build/ffw_description', 'env': OrderedDict({'LESSOPEN': '| /usr/bin/lesspipe %s', 'ACTIVE_WS_PATH': '/root/workspaces/ros2_ws', 'GZ_SIM_RESOURCE_PATH': '/opt/ros/jazzy/share', 'SUPERVISOR_GROUP_NAME': 'ttyd', 'GZ_CONFIG_PATH': '/opt/ros/jazzy/opt/gz_sim_vendor/share/gz:/opt/ros/jazzy/opt/sdformat_vendor/share/gz:/opt/ros/jazzy/opt/gz_gui_vendor/share/gz:/opt/ros/jazzy/opt/gz_transport_vendor/share/gz:/opt/ros/jazzy/opt/gz_rendering_vendor/share/gz:/opt/ros/jazzy/opt/gz_plugin_vendor/share/gz:/opt/ros/jazzy/opt/gz_fuel_tools_vendor/share/gz:/opt/ros/jazzy/opt/gz_msgs_vendor/share/gz:/opt/ros/jazzy/opt/gz_common_vendor/share/gz', 'HOSTNAME': 'ip-172-31-7-13.eu-central-1.compute.internal', 'SHLVL': '1', 'LD_LIBRARY_PATH': '/root/workspaces/ros2_ws/install/ffw_swerve_drive_controller/lib:/root/workspaces/ros2_ws/install/ffw_navigation/lib:/opt/ros/jazzy/opt/gz_sim_vendor/lib:/opt/ros/jazzy/opt/gz_sensors_vendor/lib:/opt/ros/jazzy/opt/gz_physics_vendor/lib:/opt/ros/jazzy/opt/sdformat_vendor/lib:/opt/ros/jazzy/opt/rviz_ogre_vendor/lib:/opt/ros/jazzy/lib/x86_64-linux-gnu:/opt/ros/jazzy/opt/gz_gui_vendor/lib:/opt/ros/jazzy/opt/gz_transport_vendor/lib:/opt/ros/jazzy/opt/gz_rendering_vendor/lib:/opt/ros/jazzy/opt/gz_plugin_vendor/lib:/opt/ros/jazzy/opt/gz_fuel_tools_vendor/lib:/opt/ros/jazzy/opt/gz_msgs_vendor/lib:/opt/ros/jazzy/opt/gz_common_vendor/lib:/opt/ros/jazzy/opt/gz_math_vendor/lib:/opt/ros/jazzy/opt/gz_utils_vendor/lib:/opt/ros/jazzy/opt/gz_tools_vendor/lib:/opt/ros/jazzy/opt/gz_ogre_next_vendor/lib:/opt/ros/jazzy/opt/gz_dartsim_vendor/lib:/opt/ros/jazzy/opt/gz_cmake_vendor/lib:/opt/ros/jazzy/lib', 'HOME': '/root', 'EFS_PATH': '/workspaces/113baa83-0a52-42aa-9f6b-d5b552759739', 'OLDPWD': '/root/workspaces', 'ROS_PYTHON_VERSION': '3', 'AWS_CONTAINER_CREDENTIALS_RELATIVE_URI': '/v2/credentials/48044743-5268-4c30-9320-0b4a8b853c8f', 'AWS_EXECUTION_ENV': 'AWS_ECS_FARGATE', 'COLCON_PREFIX_PATH': '/root/workspaces/ros2_ws/install:/root/workspaces/turtlebot_ws/install', 'ECS_AGENT_URI': 'http://169.254.170.2/api/4afcdff0aca74170b17e4081b528c4c3-1842134484', 'ROS_DISTRO': 'jazzy', 'AWS_DEFAULT_REGION': 'eu-central-1', '_': '/usr/bin/colcon', 'ROS_VERSION': '2', 'ECS_CONTAINER_METADATA_URI_V4': 'http://169.254.170.2/v4/4afcdff0aca74170b17e4081b528c4c3-1842134484', 'TERM': 'xterm-256color', 'ECS_CONTAINER_METADATA_URI': 'http://169.254.170.2/v3/4afcdff0aca74170b17e4081b528c4c3-1842134484', 'SESSION_UUID': '113baa83-0a52-42aa-9f6b-d5b552759739', 'PATH': '/opt/ros/jazzy/opt/gz_msgs_vendor/bin:/opt/ros/jazzy/opt/gz_tools_vendor/bin:/opt/ros/jazzy/opt/gz_ogre_next_vendor/bin:/opt/ros/jazzy/bin:/usr/local/sbin:/usr/local/bin:/usr/sbin:/usr/bin:/sbin:/bin', 'XDG_RUNTIME_DIR': '/tmp/runtime-root', 'DISPLAY': ':1', 'LANG': 'en_US.UTF-8', 'LS_COLORS': 'rs=0:di=01;34:ln=01;36:mh=00:pi=40;33:so=01;35:do=01;35:bd=40;33;01:cd=40;33;01:or=40;31;01:mi=00:su=37;41:sg=30;43:ca=00:tw=30;42:ow=34;42:st=37;44:ex=01;32:*.tar=01;31:*.tgz=01;31:*.arc=01;31:*.arj=01;31:*.taz=01;31:*.lha=01;31:*.lz4=01;31:*.lzh=01;31:*.lzma=01;31:*.tlz=01;31:*.txz=01;31:*.tzo=01;31:*.t7z=01;31:*.zip=01;31:*.z=01;31:*.dz=01;31:*.gz=01;31:*.lrz=01;31:*.lz=01;31:*.lzo=01;31:*.xz=01;31:*.zst=01;31:*.tzst=01;31:*.bz2=01;31:*.bz=01;31:*.tbz=01;31:*.tbz2=01;31:*.tz=01;31:*.deb=01;31:*.rpm=01;31:*.jar=01;31:*.war=01;31:*.ear=01;31:*.sar=01;31:*.rar=01;31:*.alz=01;31:*.ace=01;31:*.zoo=01;31:*.cpio=01;31:*.7z=01;31:*.rz=01;31:*.cab=01;31:*.wim=01;31:*.swm=01;31:*.dwm=01;31:*.esd=01;31:*.avif=01;35:*.jpg=01;35:*.jpeg=01;35:*.mjpg=01;35:*.mjpeg=01;35:*.gif=01;35:*.bmp=01;35:*.pbm=01;35:*.pgm=01;35:*.ppm=01;35:*.tga=01;35:*.xbm=01;35:*.xpm=01;35:*.tif=01;35:*.tiff=01;35:*.png=01;35:*.svg=01;35:*.svgz=01;35:*.mng=01;35:*.pcx=01;35:*.mov=01;35:*.mpg=01;35:*.mpeg=01;35:*.m2v=01;35:*.mkv=01;35:*.webm=01;35:*.webp=01;35:*.ogm=01;35:*.mp4=01;35:*.m4v=01;35:*.mp4v=01;35:*.vob=01;35:*.qt=01;35:*.nuv=01;35:*.wmv=01;35:*.asf=01;35:*.rm=01;35:*.rmvb=01;35:*.flc=01;35:*.avi=01;35:*.fli=01;35:*.flv=01;35:*.gl=01;35:*.dl=01;35:*.xcf=01;35:*.xwd=01;35:*.yuv=01;35:*.cgm=01;35:*.emf=01;35:*.ogv=01;35:*.ogx=01;35:*.aac=00;36:*.au=00;36:*.flac=00;36:*.m4a=00;36:*.mid=00;36:*.midi=00;36:*.mka=00;36:*.mp3=00;36:*.mpc=00;36:*.ogg=00;36:*.ra=00;36:*.wav=00;36:*.oga=00;36:*.opus=00;36:*.spx=00;36:*.xspf=00;36:*~=00;90:*#=00;90:*.bak=00;90:*.crdownload=00;90:*.dpkg-dist=00;90:*.dpkg-new=00;90:*.dpkg-old=00;90:*.dpkg-tmp=00;90:*.old=00;90:*.orig=00;90:*.part=00;90:*.rej=00;90:*.rpmnew=00;90:*.rpmorig=00;90:*.rpmsave=00;90:*.swp=00;90:*.tmp=00;90:*.ucf-dist=00;90:*.ucf-new=00;90:*.ucf-old=00;90:', 'SUPERVISOR_ENABLED': '1', 'ROS_DOMAIN_ID': '30', 'AMENT_PREFIX_PATH': '/root/workspaces/ros2_ws/install/warehouse_worlds:/root/workspaces/ros2_ws/install/library_world:/root/workspaces/ros2_ws/install/human_detector:/root/workspaces/ros2_ws/install/ffw_teleop:/root/workspaces/ros2_ws/install/ffw_swerve_drive_controller:/root/workspaces/ros2_ws/install/ffw_navigation:/root/workspaces/ros2_ws/install/ffw_moveit_config:/root/workspaces/ros2_ws/install/ffw_bringup:/root/workspaces/ros2_ws/install/ffw_description:/root/workspaces/turtlebot_ws/install/turtlebot3_simulations:/root/workspaces/turtlebot_ws/install/turtlebot3_gazebo:/root/workspaces/turtlebot_ws/install/turtlebot3_fake_node:/opt/ros/jazzy', 'DEBIAN_FRONTEND': 'noninteractive', 'ACTIVE_WS_NAME': 'ros2_ws', 'AWS_REGION': 'eu-central-1', 'LESSCLOSE': '/usr/bin/lesspipe %s %s', 'SUPERVISOR_SERVER_URL': 'unix:///var/run/supervisor.sock', 'ROS_AUTOMATIC_DISCOVERY_RANGE': 'SUBNET', 'SUPERVISOR_PROCESS_NAME': 'ttyd', 'PWD': '/root/workspaces/ros2_ws/build/ffw_description', 'TURTLEBOT3_MODEL': 'burger', 'LC_ALL': 'en_US.UTF-8', 'PYTHONPATH': '/root/workspaces/ros2_ws/install/human_detector/lib/python3.12/site-packages:/root/workspaces/ros2_ws/install/ffw_teleop/lib/python3.12/site-packages:/root/workspaces/ros2_ws/install/ffw_bringup/lib/python3.12/site-packages:/opt/ros/jazzy/lib/python3.12/site-packages', 'COLCON': '1', 'CMAKE_PREFIX_PATH': '/root/workspaces/ros2_ws/install/warehouse_worlds:/root/workspaces/ros2_ws/install/library_world:/root/workspaces/ros2_ws/install/ffw_swerve_drive_controller:/root/workspaces/ros2_ws/install/ffw_navigation:/root/workspaces/ros2_ws/install/ffw_moveit_config:/root/workspaces/ros2_ws/install/ffw_description:/root/workspaces/turtlebot_ws/install/turtlebot3_simulations:/root/workspaces/turtlebot_ws/install/turtlebot3_gazebo:/root/workspaces/turtlebot_ws/install/turtlebot3_fake_node:/opt/ros/jazzy/opt/gz_sim_vendor:/opt/ros/jazzy/opt/gz_sensors_vendor:/opt/ros/jazzy/opt/gz_physics_vendor:/opt/ros/jazzy/opt/sdformat_vendor:/opt/ros/jazzy/opt/gz_gui_vendor:/opt/ros/jazzy/opt/gz_transport_vendor:/opt/ros/jazzy/opt/gz_rendering_vendor:/opt/ros/jazzy/opt/gz_plugin_vendor:/opt/ros/jazzy/opt/gz_fuel_tools_vendor:/opt/ros/jazzy/opt/gz_msgs_vendor:/opt/ros/jazzy/opt/gz_common_vendor:/opt/ros/jazzy/opt/gz_math_vendor:/opt/ros/jazzy/opt/gz_utils_vendor:/opt/ros/jazzy/opt/gz_tools_vendor:/opt/ros/jazzy/opt/gz_ogre_next_vendor:/opt/ros/jazzy/opt/gz_dartsim_vendor:/opt/ros/jazzy/opt/gz_cmake_vendor:/root/workspaces/ros2_ws/install/human_detector:/root/workspaces/ros2_ws/install/ffw_teleop:/root/workspaces/ros2_ws/install/ffw_bringup:/opt/ros/jazzy'}), 'shell': False}
[11.308148] (-) TimerEvent: {}
[11.340089] (ffw_moveit_config) CommandEnded: {'returncode': 0}
[11.343027] (ffw_navigation) StdoutLine: {'line': b'-- Using all available rosidl_typesupport_cpp: rosidl_typesupport_fastrtps_cpp;rosidl_typesupport_introspection_cpp\n'}
[11.344569] (ffw_swerve_drive_controller) StdoutLine: {'line': b'-- Using all available rosidl_typesupport_cpp: rosidl_typesupport_fastrtps_cpp;rosidl_typesupport_introspection_cpp\n'}
[11.345105] (ffw_moveit_config) JobProgress: {'identifier': 'ffw_moveit_config', 'progress': 'install'}
[11.408406] (ffw_moveit_config) Command: {'cmd': ['/usr/bin/cmake', '--install', '/root/workspaces/ros2_ws/build/ffw_moveit_config'], 'cwd': '/root/workspaces/ros2_ws/build/ffw_moveit_config', 'env': OrderedDict({'LESSOPEN': '| /usr/bin/lesspipe %s', 'ACTIVE_WS_PATH': '/root/workspaces/ros2_ws', 'GZ_SIM_RESOURCE_PATH': '/opt/ros/jazzy/share', 'SUPERVISOR_GROUP_NAME': 'ttyd', 'GZ_CONFIG_PATH': '/opt/ros/jazzy/opt/gz_sim_vendor/share/gz:/opt/ros/jazzy/opt/sdformat_vendor/share/gz:/opt/ros/jazzy/opt/gz_gui_vendor/share/gz:/opt/ros/jazzy/opt/gz_transport_vendor/share/gz:/opt/ros/jazzy/opt/gz_rendering_vendor/share/gz:/opt/ros/jazzy/opt/gz_plugin_vendor/share/gz:/opt/ros/jazzy/opt/gz_fuel_tools_vendor/share/gz:/opt/ros/jazzy/opt/gz_msgs_vendor/share/gz:/opt/ros/jazzy/opt/gz_common_vendor/share/gz', 'HOSTNAME': 'ip-172-31-7-13.eu-central-1.compute.internal', 'SHLVL': '1', 'LD_LIBRARY_PATH': '/root/workspaces/ros2_ws/install/ffw_swerve_drive_controller/lib:/root/workspaces/ros2_ws/install/ffw_navigation/lib:/opt/ros/jazzy/opt/gz_sim_vendor/lib:/opt/ros/jazzy/opt/gz_sensors_vendor/lib:/opt/ros/jazzy/opt/gz_physics_vendor/lib:/opt/ros/jazzy/opt/sdformat_vendor/lib:/opt/ros/jazzy/opt/rviz_ogre_vendor/lib:/opt/ros/jazzy/lib/x86_64-linux-gnu:/opt/ros/jazzy/opt/gz_gui_vendor/lib:/opt/ros/jazzy/opt/gz_transport_vendor/lib:/opt/ros/jazzy/opt/gz_rendering_vendor/lib:/opt/ros/jazzy/opt/gz_plugin_vendor/lib:/opt/ros/jazzy/opt/gz_fuel_tools_vendor/lib:/opt/ros/jazzy/opt/gz_msgs_vendor/lib:/opt/ros/jazzy/opt/gz_common_vendor/lib:/opt/ros/jazzy/opt/gz_math_vendor/lib:/opt/ros/jazzy/opt/gz_utils_vendor/lib:/opt/ros/jazzy/opt/gz_tools_vendor/lib:/opt/ros/jazzy/opt/gz_ogre_next_vendor/lib:/opt/ros/jazzy/opt/gz_dartsim_vendor/lib:/opt/ros/jazzy/opt/gz_cmake_vendor/lib:/opt/ros/jazzy/lib', 'HOME': '/root', 'EFS_PATH': '/workspaces/113baa83-0a52-42aa-9f6b-d5b552759739', 'OLDPWD': '/root/workspaces', 'ROS_PYTHON_VERSION': '3', 'AWS_CONTAINER_CREDENTIALS_RELATIVE_URI': '/v2/credentials/48044743-5268-4c30-9320-0b4a8b853c8f', 'AWS_EXECUTION_ENV': 'AWS_ECS_FARGATE', 'COLCON_PREFIX_PATH': '/root/workspaces/ros2_ws/install:/root/workspaces/turtlebot_ws/install', 'ECS_AGENT_URI': 'http://169.254.170.2/api/4afcdff0aca74170b17e4081b528c4c3-1842134484', 'ROS_DISTRO': 'jazzy', 'AWS_DEFAULT_REGION': 'eu-central-1', '_': '/usr/bin/colcon', 'ROS_VERSION': '2', 'ECS_CONTAINER_METADATA_URI_V4': 'http://169.254.170.2/v4/4afcdff0aca74170b17e4081b528c4c3-1842134484', 'TERM': 'xterm-256color', 'ECS_CONTAINER_METADATA_URI': 'http://169.254.170.2/v3/4afcdff0aca74170b17e4081b528c4c3-1842134484', 'SESSION_UUID': '113baa83-0a52-42aa-9f6b-d5b552759739', 'PATH': '/opt/ros/jazzy/opt/gz_msgs_vendor/bin:/opt/ros/jazzy/opt/gz_tools_vendor/bin:/opt/ros/jazzy/opt/gz_ogre_next_vendor/bin:/opt/ros/jazzy/bin:/usr/local/sbin:/usr/local/bin:/usr/sbin:/usr/bin:/sbin:/bin', 'XDG_RUNTIME_DIR': '/tmp/runtime-root', 'DISPLAY': ':1', 'LANG': 'en_US.UTF-8', 'LS_COLORS': 'rs=0:di=01;34:ln=01;36:mh=00:pi=40;33:so=01;35:do=01;35:bd=40;33;01:cd=40;33;01:or=40;31;01:mi=00:su=37;41:sg=30;43:ca=00:tw=30;42:ow=34;42:st=37;44:ex=01;32:*.tar=01;31:*.tgz=01;31:*.arc=01;31:*.arj=01;31:*.taz=01;31:*.lha=01;31:*.lz4=01;31:*.lzh=01;31:*.lzma=01;31:*.tlz=01;31:*.txz=01;31:*.tzo=01;31:*.t7z=01;31:*.zip=01;31:*.z=01;31:*.dz=01;31:*.gz=01;31:*.lrz=01;31:*.lz=01;31:*.lzo=01;31:*.xz=01;31:*.zst=01;31:*.tzst=01;31:*.bz2=01;31:*.bz=01;31:*.tbz=01;31:*.tbz2=01;31:*.tz=01;31:*.deb=01;31:*.rpm=01;31:*.jar=01;31:*.war=01;31:*.ear=01;31:*.sar=01;31:*.rar=01;31:*.alz=01;31:*.ace=01;31:*.zoo=01;31:*.cpio=01;31:*.7z=01;31:*.rz=01;31:*.cab=01;31:*.wim=01;31:*.swm=01;31:*.dwm=01;31:*.esd=01;31:*.avif=01;35:*.jpg=01;35:*.jpeg=01;35:*.mjpg=01;35:*.mjpeg=01;35:*.gif=01;35:*.bmp=01;35:*.pbm=01;35:*.pgm=01;35:*.ppm=01;35:*.tga=01;35:*.xbm=01;35:*.xpm=01;35:*.tif=01;35:*.tiff=01;35:*.png=01;35:*.svg=01;35:*.svgz=01;35:*.mng=01;35:*.pcx=01;35:*.mov=01;35:*.mpg=01;35:*.mpeg=01;35:*.m2v=01;35:*.mkv=01;35:*.webm=01;35:*.webp=01;35:*.ogm=01;35:*.mp4=01;35:*.m4v=01;35:*.mp4v=01;35:*.vob=01;35:*.qt=01;35:*.nuv=01;35:*.wmv=01;35:*.asf=01;35:*.rm=01;35:*.rmvb=01;35:*.flc=01;35:*.avi=01;35:*.fli=01;35:*.flv=01;35:*.gl=01;35:*.dl=01;35:*.xcf=01;35:*.xwd=01;35:*.yuv=01;35:*.cgm=01;35:*.emf=01;35:*.ogv=01;35:*.ogx=01;35:*.aac=00;36:*.au=00;36:*.flac=00;36:*.m4a=00;36:*.mid=00;36:*.midi=00;36:*.mka=00;36:*.mp3=00;36:*.mpc=00;36:*.ogg=00;36:*.ra=00;36:*.wav=00;36:*.oga=00;36:*.opus=00;36:*.spx=00;36:*.xspf=00;36:*~=00;90:*#=00;90:*.bak=00;90:*.crdownload=00;90:*.dpkg-dist=00;90:*.dpkg-new=00;90:*.dpkg-old=00;90:*.dpkg-tmp=00;90:*.old=00;90:*.orig=00;90:*.part=00;90:*.rej=00;90:*.rpmnew=00;90:*.rpmorig=00;90:*.rpmsave=00;90:*.swp=00;90:*.tmp=00;90:*.ucf-dist=00;90:*.ucf-new=00;90:*.ucf-old=00;90:', 'SUPERVISOR_ENABLED': '1', 'ROS_DOMAIN_ID': '30', 'AMENT_PREFIX_PATH': '/root/workspaces/ros2_ws/install/warehouse_worlds:/root/workspaces/ros2_ws/install/library_world:/root/workspaces/ros2_ws/install/human_detector:/root/workspaces/ros2_ws/install/ffw_teleop:/root/workspaces/ros2_ws/install/ffw_swerve_drive_controller:/root/workspaces/ros2_ws/install/ffw_navigation:/root/workspaces/ros2_ws/install/ffw_moveit_config:/root/workspaces/ros2_ws/install/ffw_bringup:/root/workspaces/ros2_ws/install/ffw_description:/root/workspaces/turtlebot_ws/install/turtlebot3_simulations:/root/workspaces/turtlebot_ws/install/turtlebot3_gazebo:/root/workspaces/turtlebot_ws/install/turtlebot3_fake_node:/opt/ros/jazzy', 'DEBIAN_FRONTEND': 'noninteractive', 'ACTIVE_WS_NAME': 'ros2_ws', 'AWS_REGION': 'eu-central-1', 'LESSCLOSE': '/usr/bin/lesspipe %s %s', 'SUPERVISOR_SERVER_URL': 'unix:///var/run/supervisor.sock', 'ROS_AUTOMATIC_DISCOVERY_RANGE': 'SUBNET', 'SUPERVISOR_PROCESS_NAME': 'ttyd', 'PWD': '/root/workspaces/ros2_ws/build/ffw_moveit_config', 'TURTLEBOT3_MODEL': 'burger', 'LC_ALL': 'en_US.UTF-8', 'PYTHONPATH': '/root/workspaces/ros2_ws/install/human_detector/lib/python3.12/site-packages:/root/workspaces/ros2_ws/install/ffw_teleop/lib/python3.12/site-packages:/root/workspaces/ros2_ws/install/ffw_bringup/lib/python3.12/site-packages:/opt/ros/jazzy/lib/python3.12/site-packages', 'COLCON': '1', 'CMAKE_PREFIX_PATH': '/root/workspaces/ros2_ws/install/warehouse_worlds:/root/workspaces/ros2_ws/install/library_world:/root/workspaces/ros2_ws/install/ffw_swerve_drive_controller:/root/workspaces/ros2_ws/install/ffw_navigation:/root/workspaces/ros2_ws/install/ffw_moveit_config:/root/workspaces/ros2_ws/install/ffw_description:/root/workspaces/turtlebot_ws/install/turtlebot3_simulations:/root/workspaces/turtlebot_ws/install/turtlebot3_gazebo:/root/workspaces/turtlebot_ws/install/turtlebot3_fake_node:/opt/ros/jazzy/opt/gz_sim_vendor:/opt/ros/jazzy/opt/gz_sensors_vendor:/opt/ros/jazzy/opt/gz_physics_vendor:/opt/ros/jazzy/opt/sdformat_vendor:/opt/ros/jazzy/opt/gz_gui_vendor:/opt/ros/jazzy/opt/gz_transport_vendor:/opt/ros/jazzy/opt/gz_rendering_vendor:/opt/ros/jazzy/opt/gz_plugin_vendor:/opt/ros/jazzy/opt/gz_fuel_tools_vendor:/opt/ros/jazzy/opt/gz_msgs_vendor:/opt/ros/jazzy/opt/gz_common_vendor:/opt/ros/jazzy/opt/gz_math_vendor:/opt/ros/jazzy/opt/gz_utils_vendor:/opt/ros/jazzy/opt/gz_tools_vendor:/opt/ros/jazzy/opt/gz_ogre_next_vendor:/opt/ros/jazzy/opt/gz_dartsim_vendor:/opt/ros/jazzy/opt/gz_cmake_vendor:/root/workspaces/ros2_ws/install/human_detector:/root/workspaces/ros2_ws/install/ffw_teleop:/root/workspaces/ros2_ws/install/ffw_bringup:/opt/ros/jazzy'}), 'shell': False}
[11.409804] (-) TimerEvent: {}
[11.430915] (ffw_moveit_config) StdoutLine: {'line': b'-- Install configuration: ""\n'}
[11.431085] (ffw_moveit_config) StdoutLine: {'line': b'-- Installing: /root/workspaces/ros2_ws/install/ffw_moveit_config/share/ffw_moveit_config/config\n'}
[11.509917] (-) TimerEvent: {}
[11.518152] (ffw_moveit_config) StdoutLine: {'line': b'-- Installing: /root/workspaces/ros2_ws/install/ffw_moveit_config/share/ffw_moveit_config/config/ffw.srdf\n'}
[11.602822] (ffw_moveit_config) StdoutLine: {'line': b'-- Installing: /root/workspaces/ros2_ws/install/ffw_moveit_config/share/ffw_moveit_config/config/pilz_industrial_motion_planner_planning.yaml\n'}
[11.610673] (-) TimerEvent: {}
[11.644226] (ffw_description) CommandEnded: {'returncode': 0}
[11.644656] (ffw_moveit_config) StdoutLine: {'line': b'-- Installing: /root/workspaces/ros2_ws/install/ffw_moveit_config/share/ffw_moveit_config/config/pilz_cartesian_limits.yaml\n'}
[11.653596] (ffw_description) JobProgress: {'identifier': 'ffw_description', 'progress': 'install'}
[11.653616] (ffw_description) Command: {'cmd': ['/usr/bin/cmake', '--install', '/root/workspaces/ros2_ws/build/ffw_description'], 'cwd': '/root/workspaces/ros2_ws/build/ffw_description', 'env': OrderedDict({'LESSOPEN': '| /usr/bin/lesspipe %s', 'ACTIVE_WS_PATH': '/root/workspaces/ros2_ws', 'GZ_SIM_RESOURCE_PATH': '/opt/ros/jazzy/share', 'SUPERVISOR_GROUP_NAME': 'ttyd', 'GZ_CONFIG_PATH': '/opt/ros/jazzy/opt/gz_sim_vendor/share/gz:/opt/ros/jazzy/opt/sdformat_vendor/share/gz:/opt/ros/jazzy/opt/gz_gui_vendor/share/gz:/opt/ros/jazzy/opt/gz_transport_vendor/share/gz:/opt/ros/jazzy/opt/gz_rendering_vendor/share/gz:/opt/ros/jazzy/opt/gz_plugin_vendor/share/gz:/opt/ros/jazzy/opt/gz_fuel_tools_vendor/share/gz:/opt/ros/jazzy/opt/gz_msgs_vendor/share/gz:/opt/ros/jazzy/opt/gz_common_vendor/share/gz', 'HOSTNAME': 'ip-172-31-7-13.eu-central-1.compute.internal', 'SHLVL': '1', 'LD_LIBRARY_PATH': '/root/workspaces/ros2_ws/install/ffw_swerve_drive_controller/lib:/root/workspaces/ros2_ws/install/ffw_navigation/lib:/opt/ros/jazzy/opt/gz_sim_vendor/lib:/opt/ros/jazzy/opt/gz_sensors_vendor/lib:/opt/ros/jazzy/opt/gz_physics_vendor/lib:/opt/ros/jazzy/opt/sdformat_vendor/lib:/opt/ros/jazzy/opt/rviz_ogre_vendor/lib:/opt/ros/jazzy/lib/x86_64-linux-gnu:/opt/ros/jazzy/opt/gz_gui_vendor/lib:/opt/ros/jazzy/opt/gz_transport_vendor/lib:/opt/ros/jazzy/opt/gz_rendering_vendor/lib:/opt/ros/jazzy/opt/gz_plugin_vendor/lib:/opt/ros/jazzy/opt/gz_fuel_tools_vendor/lib:/opt/ros/jazzy/opt/gz_msgs_vendor/lib:/opt/ros/jazzy/opt/gz_common_vendor/lib:/opt/ros/jazzy/opt/gz_math_vendor/lib:/opt/ros/jazzy/opt/gz_utils_vendor/lib:/opt/ros/jazzy/opt/gz_tools_vendor/lib:/opt/ros/jazzy/opt/gz_ogre_next_vendor/lib:/opt/ros/jazzy/opt/gz_dartsim_vendor/lib:/opt/ros/jazzy/opt/gz_cmake_vendor/lib:/opt/ros/jazzy/lib', 'HOME': '/root', 'EFS_PATH': '/workspaces/113baa83-0a52-42aa-9f6b-d5b552759739', 'OLDPWD': '/root/workspaces', 'ROS_PYTHON_VERSION': '3', 'AWS_CONTAINER_CREDENTIALS_RELATIVE_URI': '/v2/credentials/48044743-5268-4c30-9320-0b4a8b853c8f', 'AWS_EXECUTION_ENV': 'AWS_ECS_FARGATE', 'COLCON_PREFIX_PATH': '/root/workspaces/ros2_ws/install:/root/workspaces/turtlebot_ws/install', 'ECS_AGENT_URI': 'http://169.254.170.2/api/4afcdff0aca74170b17e4081b528c4c3-1842134484', 'ROS_DISTRO': 'jazzy', 'AWS_DEFAULT_REGION': 'eu-central-1', '_': '/usr/bin/colcon', 'ROS_VERSION': '2', 'ECS_CONTAINER_METADATA_URI_V4': 'http://169.254.170.2/v4/4afcdff0aca74170b17e4081b528c4c3-1842134484', 'TERM': 'xterm-256color', 'ECS_CONTAINER_METADATA_URI': 'http://169.254.170.2/v3/4afcdff0aca74170b17e4081b528c4c3-1842134484', 'SESSION_UUID': '113baa83-0a52-42aa-9f6b-d5b552759739', 'PATH': '/opt/ros/jazzy/opt/gz_msgs_vendor/bin:/opt/ros/jazzy/opt/gz_tools_vendor/bin:/opt/ros/jazzy/opt/gz_ogre_next_vendor/bin:/opt/ros/jazzy/bin:/usr/local/sbin:/usr/local/bin:/usr/sbin:/usr/bin:/sbin:/bin', 'XDG_RUNTIME_DIR': '/tmp/runtime-root', 'DISPLAY': ':1', 'LANG': 'en_US.UTF-8', 'LS_COLORS': 'rs=0:di=01;34:ln=01;36:mh=00:pi=40;33:so=01;35:do=01;35:bd=40;33;01:cd=40;33;01:or=40;31;01:mi=00:su=37;41:sg=30;43:ca=00:tw=30;42:ow=34;42:st=37;44:ex=01;32:*.tar=01;31:*.tgz=01;31:*.arc=01;31:*.arj=01;31:*.taz=01;31:*.lha=01;31:*.lz4=01;31:*.lzh=01;31:*.lzma=01;31:*.tlz=01;31:*.txz=01;31:*.tzo=01;31:*.t7z=01;31:*.zip=01;31:*.z=01;31:*.dz=01;31:*.gz=01;31:*.lrz=01;31:*.lz=01;31:*.lzo=01;31:*.xz=01;31:*.zst=01;31:*.tzst=01;31:*.bz2=01;31:*.bz=01;31:*.tbz=01;31:*.tbz2=01;31:*.tz=01;31:*.deb=01;31:*.rpm=01;31:*.jar=01;31:*.war=01;31:*.ear=01;31:*.sar=01;31:*.rar=01;31:*.alz=01;31:*.ace=01;31:*.zoo=01;31:*.cpio=01;31:*.7z=01;31:*.rz=01;31:*.cab=01;31:*.wim=01;31:*.swm=01;31:*.dwm=01;31:*.esd=01;31:*.avif=01;35:*.jpg=01;35:*.jpeg=01;35:*.mjpg=01;35:*.mjpeg=01;35:*.gif=01;35:*.bmp=01;35:*.pbm=01;35:*.pgm=01;35:*.ppm=01;35:*.tga=01;35:*.xbm=01;35:*.xpm=01;35:*.tif=01;35:*.tiff=01;35:*.png=01;35:*.svg=01;35:*.svgz=01;35:*.mng=01;35:*.pcx=01;35:*.mov=01;35:*.mpg=01;35:*.mpeg=01;35:*.m2v=01;35:*.mkv=01;35:*.webm=01;35:*.webp=01;35:*.ogm=01;35:*.mp4=01;35:*.m4v=01;35:*.mp4v=01;35:*.vob=01;35:*.qt=01;35:*.nuv=01;35:*.wmv=01;35:*.asf=01;35:*.rm=01;35:*.rmvb=01;35:*.flc=01;35:*.avi=01;35:*.fli=01;35:*.flv=01;35:*.gl=01;35:*.dl=01;35:*.xcf=01;35:*.xwd=01;35:*.yuv=01;35:*.cgm=01;35:*.emf=01;35:*.ogv=01;35:*.ogx=01;35:*.aac=00;36:*.au=00;36:*.flac=00;36:*.m4a=00;36:*.mid=00;36:*.midi=00;36:*.mka=00;36:*.mp3=00;36:*.mpc=00;36:*.ogg=00;36:*.ra=00;36:*.wav=00;36:*.oga=00;36:*.opus=00;36:*.spx=00;36:*.xspf=00;36:*~=00;90:*#=00;90:*.bak=00;90:*.crdownload=00;90:*.dpkg-dist=00;90:*.dpkg-new=00;90:*.dpkg-old=00;90:*.dpkg-tmp=00;90:*.old=00;90:*.orig=00;90:*.part=00;90:*.rej=00;90:*.rpmnew=00;90:*.rpmorig=00;90:*.rpmsave=00;90:*.swp=00;90:*.tmp=00;90:*.ucf-dist=00;90:*.ucf-new=00;90:*.ucf-old=00;90:', 'SUPERVISOR_ENABLED': '1', 'ROS_DOMAIN_ID': '30', 'AMENT_PREFIX_PATH': '/root/workspaces/ros2_ws/install/warehouse_worlds:/root/workspaces/ros2_ws/install/library_world:/root/workspaces/ros2_ws/install/human_detector:/root/workspaces/ros2_ws/install/ffw_teleop:/root/workspaces/ros2_ws/install/ffw_swerve_drive_controller:/root/workspaces/ros2_ws/install/ffw_navigation:/root/workspaces/ros2_ws/install/ffw_moveit_config:/root/workspaces/ros2_ws/install/ffw_bringup:/root/workspaces/ros2_ws/install/ffw_description:/root/workspaces/turtlebot_ws/install/turtlebot3_simulations:/root/workspaces/turtlebot_ws/install/turtlebot3_gazebo:/root/workspaces/turtlebot_ws/install/turtlebot3_fake_node:/opt/ros/jazzy', 'DEBIAN_FRONTEND': 'noninteractive', 'ACTIVE_WS_NAME': 'ros2_ws', 'AWS_REGION': 'eu-central-1', 'LESSCLOSE': '/usr/bin/lesspipe %s %s', 'SUPERVISOR_SERVER_URL': 'unix:///var/run/supervisor.sock', 'ROS_AUTOMATIC_DISCOVERY_RANGE': 'SUBNET', 'SUPERVISOR_PROCESS_NAME': 'ttyd', 'PWD': '/root/workspaces/ros2_ws/build/ffw_description', 'TURTLEBOT3_MODEL': 'burger', 'LC_ALL': 'en_US.UTF-8', 'PYTHONPATH': '/root/workspaces/ros2_ws/install/human_detector/lib/python3.12/site-packages:/root/workspaces/ros2_ws/install/ffw_teleop/lib/python3.12/site-packages:/root/workspaces/ros2_ws/install/ffw_bringup/lib/python3.12/site-packages:/opt/ros/jazzy/lib/python3.12/site-packages', 'COLCON': '1', 'CMAKE_PREFIX_PATH': '/root/workspaces/ros2_ws/install/warehouse_worlds:/root/workspaces/ros2_ws/install/library_world:/root/workspaces/ros2_ws/install/ffw_swerve_drive_controller:/root/workspaces/ros2_ws/install/ffw_navigation:/root/workspaces/ros2_ws/install/ffw_moveit_config:/root/workspaces/ros2_ws/install/ffw_description:/root/workspaces/turtlebot_ws/install/turtlebot3_simulations:/root/workspaces/turtlebot_ws/install/turtlebot3_gazebo:/root/workspaces/turtlebot_ws/install/turtlebot3_fake_node:/opt/ros/jazzy/opt/gz_sim_vendor:/opt/ros/jazzy/opt/gz_sensors_vendor:/opt/ros/jazzy/opt/gz_physics_vendor:/opt/ros/jazzy/opt/sdformat_vendor:/opt/ros/jazzy/opt/gz_gui_vendor:/opt/ros/jazzy/opt/gz_transport_vendor:/opt/ros/jazzy/opt/gz_rendering_vendor:/opt/ros/jazzy/opt/gz_plugin_vendor:/opt/ros/jazzy/opt/gz_fuel_tools_vendor:/opt/ros/jazzy/opt/gz_msgs_vendor:/opt/ros/jazzy/opt/gz_common_vendor:/opt/ros/jazzy/opt/gz_math_vendor:/opt/ros/jazzy/opt/gz_utils_vendor:/opt/ros/jazzy/opt/gz_tools_vendor:/opt/ros/jazzy/opt/gz_ogre_next_vendor:/opt/ros/jazzy/opt/gz_dartsim_vendor:/opt/ros/jazzy/opt/gz_cmake_vendor:/root/workspaces/ros2_ws/install/human_detector:/root/workspaces/ros2_ws/install/ffw_teleop:/root/workspaces/ros2_ws/install/ffw_bringup:/opt/ros/jazzy'}), 'shell': False}
[11.710765] (-) TimerEvent: {}
[11.722538] (ffw_moveit_config) StdoutLine: {'line': b'-- Installing: /root/workspaces/ros2_ws/install/ffw_moveit_config/share/ffw_moveit_config/config/joint_limits.yaml\n'}
[11.733467] (ffw_description) StdoutLine: {'line': b'-- Install configuration: ""\n'}
[11.733538] (ffw_description) StdoutLine: {'line': b'-- Installing: /root/workspaces/ros2_ws/install/ffw_description/share/ffw_description/launch\n'}
[11.804185] (ffw_moveit_config) StdoutLine: {'line': b'-- Installing: /root/workspaces/ros2_ws/install/ffw_moveit_config/share/ffw_moveit_config/config/chomp_planning.yaml\n'}
[11.810845] (-) TimerEvent: {}
[11.811968] (ffw_description) StdoutLine: {'line': b'-- Installing: /root/workspaces/ros2_ws/install/ffw_description/share/ffw_description/launch/ffw_sg2_rev1.launch.py\n'}
[11.844995] (ffw_moveit_config) StdoutLine: {'line': b'-- Installing: /root/workspaces/ros2_ws/install/ffw_moveit_config/share/ffw_moveit_config/config/kinematics.yaml\n'}
[11.849711] (ffw_description) StdoutLine: {'line': b'-- Installing: /root/workspaces/ros2_ws/install/ffw_description/share/ffw_description/meshes\n'}
[11.899489] (ffw_description) StdoutLine: {'line': b'-- Installing: /root/workspaces/ros2_ws/install/ffw_description/share/ffw_description/meshes/common\n'}
[11.912390] (-) TimerEvent: {}
[11.916363] (ffw_description) StdoutLine: {'line': b'-- Installing: /root/workspaces/ros2_ws/install/ffw_description/share/ffw_description/meshes/common/hx5_d20\n'}
[11.923777] (ffw_moveit_config) StdoutLine: {'line': b'-- Installing: /root/workspaces/ros2_ws/install/ffw_moveit_config/share/ffw_moveit_config/config/moveit.rviz\n'}
[11.933877] (ffw_description) StdoutLine: {'line': b'-- Installing: /root/workspaces/ros2_ws/install/ffw_description/share/ffw_description/meshes/common/hx5_d20/hx5_d20_left\n'}
[11.951063] (ffw_description) StdoutLine: {'line': b'-- Installing: /root/workspaces/ros2_ws/install/ffw_description/share/ffw_description/meshes/common/hx5_d20/hx5_d20_left/hx5_d20_base_unit.stl\n'}
[12.015954] (-) TimerEvent: {}
[12.025044] (ffw_moveit_config) StdoutLine: {'line': b'-- Installing: /root/workspaces/ros2_ws/install/ffw_moveit_config/share/ffw_moveit_config/config/moveit_controllers.yaml\n'}
[12.052549] (ffw_moveit_config) StdoutLine: {'line': b'-- Installing: /root/workspaces/ros2_ws/install/ffw_moveit_config/share/ffw_moveit_config/config/moveit_cpp.yaml\n'}
[12.116067] (-) TimerEvent: {}
[12.133143] (ffw_moveit_config) StdoutLine: {'line': b'-- Installing: /root/workspaces/ros2_ws/install/ffw_moveit_config/share/ffw_moveit_config/config/ompl_planning.yaml\n'}
[12.219746] (-) TimerEvent: {}
[12.226796] (ffw_moveit_config) StdoutLine: {'line': b'-- Installing: /root/workspaces/ros2_ws/install/ffw_moveit_config/share/ffw_moveit_config/launch\n'}
[12.247762] (ffw_moveit_config) StdoutLine: {'line': b'-- Installing: /root/workspaces/ros2_ws/install/ffw_moveit_config/share/ffw_moveit_config/launch/moveit.launch.py\n'}
[12.319850] (-) TimerEvent: {}
[12.405637] (ffw_moveit_config) StdoutLine: {'line': b'-- Installing: /root/workspaces/ros2_ws/install/ffw_moveit_config/share/ffw_moveit_config/.setup_assistant\n'}
[12.426973] (-) TimerEvent: {}
[12.427915] (ffw_description) StdoutLine: {'line': b'-- Installing: /root/workspaces/ros2_ws/install/ffw_description/share/ffw_description/meshes/common/hx5_d20/hx5_d20_left/hx5_d20_finger_mcp.stl\n'}
[12.502847] (ffw_moveit_config) StdoutLine: {'line': b'-- Installing: /root/workspaces/ros2_ws/install/ffw_moveit_config/share/ament_index/resource_index/package_run_dependencies/ffw_moveit_config\n'}
[12.527287] (-) TimerEvent: {}
[12.554069] (ffw_moveit_config) StdoutLine: {'line': b'-- Installing: /root/workspaces/ros2_ws/install/ffw_moveit_config/share/ament_index/resource_index/parent_prefix_path/ffw_moveit_config\n'}
[12.595767] (ffw_description) StdoutLine: {'line': b'-- Installing: /root/workspaces/ros2_ws/install/ffw_description/share/ffw_description/meshes/common/hx5_d20/hx5_d20_left/hx5_d20_thumb_ip.stl\n'}
[12.627394] (-) TimerEvent: {}
[12.640604] (ffw_moveit_config) StdoutLine: {'line': b'-- Installing: /root/workspaces/ros2_ws/install/ffw_moveit_config/share/ffw_moveit_config/environment/ament_prefix_path.sh\n'}
[12.706151] (ffw_navigation) StdoutLine: {'line': b'-- Found rclcpp: 28.1.21 (/opt/ros/jazzy/share/rclcpp/cmake)\n'}
[12.713955] (ffw_moveit_config) StdoutLine: {'line': b'-- Installing: /root/workspaces/ros2_ws/install/ffw_moveit_config/share/ffw_moveit_config/environment/ament_prefix_path.dsv\n'}
[12.727471] (-) TimerEvent: {}
[12.748515] (ffw_moveit_config) StdoutLine: {'line': b'-- Installing: /root/workspaces/ros2_ws/install/ffw_moveit_config/share/ffw_moveit_config/environment/path.sh\n'}
[12.809171] (ffw_description) StdoutLine: {'line': b'-- Installing: /root/workspaces/ros2_ws/install/ffw_description/share/ffw_description/meshes/common/hx5_d20/hx5_d20_left/hx5_d20_thumb_tip.stl\n'}
[12.823541] (ffw_moveit_config) StdoutLine: {'line': b'-- Installing: /root/workspaces/ros2_ws/install/ffw_moveit_config/share/ffw_moveit_config/environment/path.dsv\n'}
[12.827553] (-) TimerEvent: {}
[12.894857] (ffw_moveit_config) StdoutLine: {'line': b'-- Installing: /root/workspaces/ros2_ws/install/ffw_moveit_config/share/ffw_moveit_config/local_setup.bash\n'}
[12.927679] (-) TimerEvent: {}
[12.948377] (ffw_moveit_config) StdoutLine: {'line': b'-- Installing: /root/workspaces/ros2_ws/install/ffw_moveit_config/share/ffw_moveit_config/local_setup.sh\n'}
[13.017686] (ffw_description) StdoutLine: {'line': b'-- Installing: /root/workspaces/ros2_ws/install/ffw_description/share/ffw_description/meshes/common/hx5_d20/hx5_d20_left/hx5_d20_finger_tip.stl\n'}
[13.030128] (-) TimerEvent: {}
[13.032252] (ffw_moveit_config) StdoutLine: {'line': b'-- Installing: /root/workspaces/ros2_ws/install/ffw_moveit_config/share/ffw_moveit_config/local_setup.zsh\n'}
[13.106091] (ffw_moveit_config) StdoutLine: {'line': b'-- Installing: /root/workspaces/ros2_ws/install/ffw_moveit_config/share/ffw_moveit_config/local_setup.dsv\n'}
[13.110415] (ffw_description) StdoutLine: {'line': b'-- Installing: /root/workspaces/ros2_ws/install/ffw_description/share/ffw_description/meshes/common/hx5_d20/hx5_d20_left/hx5_d20_finger_dip.stl\n'}
[13.130211] (-) TimerEvent: {}
[13.148785] (ffw_moveit_config) StdoutLine: {'line': b'-- Installing: /root/workspaces/ros2_ws/install/ffw_moveit_config/share/ffw_moveit_config/package.dsv\n'}
[13.210215] (ffw_description) StdoutLine: {'line': b'-- Installing: /root/workspaces/ros2_ws/install/ffw_description/share/ffw_description/meshes/common/hx5_d20/hx5_d20_left/hx5_d20_thumb_mcp.stl\n'}
[13.230320] (-) TimerEvent: {}
[13.239533] (ffw_moveit_config) StdoutLine: {'line': b'-- Installing: /root/workspaces/ros2_ws/install/ffw_moveit_config/share/ament_index/resource_index/packages/ffw_moveit_config\n'}
[13.330430] (-) TimerEvent: {}
[13.330915] (ffw_moveit_config) StdoutLine: {'line': b'-- Installing: /root/workspaces/ros2_ws/install/ffw_moveit_config/share/ffw_moveit_config/cmake/ffw_moveit_configConfig.cmake\n'}
[13.401633] (ffw_moveit_config) StdoutLine: {'line': b'-- Installing: /root/workspaces/ros2_ws/install/ffw_moveit_config/share/ffw_moveit_config/cmake/ffw_moveit_configConfig-version.cmake\n'}
[13.411932] (ffw_description) StdoutLine: {'line': b'-- Installing: /root/workspaces/ros2_ws/install/ffw_description/share/ffw_description/meshes/common/hx5_d20/hx5_d20_left/hx5_d20_finger_pip.stl\n'}
[13.430677] (-) TimerEvent: {}
[13.437499] (ffw_moveit_config) StdoutLine: {'line': b'-- Installing: /root/workspaces/ros2_ws/install/ffw_moveit_config/share/ffw_moveit_config/package.xml\n'}
[13.512144] (ffw_description) StdoutLine: {'line': b'-- Installing: /root/workspaces/ros2_ws/install/ffw_description/share/ffw_description/meshes/common/hx5_d20/hx5_d20_left/hx5_d20_thumb_mcp2.stl\n'}
[13.528093] (ffw_moveit_config) CommandEnded: {'returncode': 0}
[13.530628] (-) TimerEvent: {}
[13.630847] (-) TimerEvent: {}
[13.646422] (ffw_navigation) StdoutLine: {'line': b'-- Found rmw_implementation_cmake: 7.3.3 (/opt/ros/jazzy/share/rmw_implementation_cmake/cmake)\n'}
[13.659225] (ffw_description) StdoutLine: {'line': b'-- Installing: /root/workspaces/ros2_ws/install/ffw_description/share/ffw_description/meshes/common/hx5_d20/hx5_d20_right\n'}
[13.730835] (ffw_description) StdoutLine: {'line': b'-- Installing: /root/workspaces/ros2_ws/install/ffw_description/share/ffw_description/meshes/common/hx5_d20/hx5_d20_right/hx5_d20_base_unit.stl\n'}
[13.730984] (-) TimerEvent: {}
[13.824720] (ffw_navigation) StdoutLine: {'line': b'-- Found rmw_fastrtps_cpp: 8.4.4 (/opt/ros/jazzy/share/rmw_fastrtps_cpp/cmake)\n'}
[13.831077] (-) TimerEvent: {}
[13.921799] (ffw_description) StdoutLine: {'line': b'-- Installing: /root/workspaces/ros2_ws/install/ffw_description/share/ffw_description/meshes/common/hx5_d20/hx5_d20_right/hx5_d20_finger_mcp.stl\n'}
[13.932224] (-) TimerEvent: {}
[13.935911] (ffw_swerve_drive_controller) StdoutLine: {'line': b'-- Found TinyXML2 via Config file: /usr/lib/x86_64-linux-gnu/cmake/tinyxml2\n'}
[14.014508] (ffw_description) StdoutLine: {'line': b'-- Installing: /root/workspaces/ros2_ws/install/ffw_description/share/ffw_description/meshes/common/hx5_d20/hx5_d20_right/hx5_d20_thumb_ip.stl\n'}
[14.029333] (ffw_moveit_config) JobEnded: {'identifier': 'ffw_moveit_config', 'rc': 0}
[14.044403] (-) TimerEvent: {}
[14.050449] (ffw_teleop) JobStarted: {'identifier': 'ffw_teleop'}
[14.144502] (-) TimerEvent: {}
[14.210951] (ffw_description) StdoutLine: {'line': b'-- Installing: /root/workspaces/ros2_ws/install/ffw_description/share/ffw_description/meshes/common/hx5_d20/hx5_d20_right/hx5_d20_thumb_tip.stl\n'}
[14.244602] (-) TimerEvent: {}
[14.344886] (-) TimerEvent: {}
[14.412828] (ffw_description) StdoutLine: {'line': b'-- Installing: /root/workspaces/ros2_ws/install/ffw_description/share/ffw_description/meshes/common/hx5_d20/hx5_d20_right/hx5_d20_finger_tip.stl\n'}
[14.444987] (-) TimerEvent: {}
[14.512370] (ffw_description) StdoutLine: {'line': b'-- Installing: /root/workspaces/ros2_ws/install/ffw_description/share/ffw_description/meshes/common/hx5_d20/hx5_d20_right/hx5_d20_finger_dip.stl\n'}
[14.546273] (-) TimerEvent: {}
[14.650641] (-) TimerEvent: {}
[14.703660] (ffw_description) StdoutLine: {'line': b'-- Installing: /root/workspaces/ros2_ws/install/ffw_description/share/ffw_description/meshes/common/hx5_d20/hx5_d20_right/hx5_d20_thumb_mcp.stl\n'}
[14.750934] (-) TimerEvent: {}
[14.851208] (-) TimerEvent: {}
[14.903764] (ffw_description) StdoutLine: {'line': b'-- Installing: /root/workspaces/ros2_ws/install/ffw_description/share/ffw_description/meshes/common/hx5_d20/hx5_d20_right/hx5_d20_finger_pip.stl\n'}
[14.904715] (ffw_swerve_drive_controller) StdoutLine: {'line': b'-- Found rmw_implementation_cmake: 7.3.3 (/opt/ros/jazzy/share/rmw_implementation_cmake/cmake)\n'}
[14.951291] (-) TimerEvent: {}
[15.007598] (ffw_swerve_drive_controller) StdoutLine: {'line': b'-- Found rmw_fastrtps_cpp: 8.4.4 (/opt/ros/jazzy/share/rmw_fastrtps_cpp/cmake)\n'}
[15.009823] (ffw_navigation) StdoutLine: {'line': b'-- Found OpenSSL: /usr/lib/x86_64-linux-gnu/libcrypto.so (found version "3.0.13")  \n'}
[15.016151] (ffw_description) StdoutLine: {'line': b'-- Installing: /root/workspaces/ros2_ws/install/ffw_description/share/ffw_description/meshes/common/hx5_d20/hx5_d20_right/hx5_d20_thumb_mcp2.stl\n'}
[15.051407] (-) TimerEvent: {}
[15.110843] (ffw_description) StdoutLine: {'line': b'-- Installing: /root/workspaces/ros2_ws/install/ffw_description/share/ffw_description/meshes/common/follower\n'}
[15.127919] (ffw_description) StdoutLine: {'line': b'-- Installing: /root/workspaces/ros2_ws/install/ffw_description/share/ffw_description/meshes/common/follower/arm_r_link1.stl\n'}
[15.139972] (ffw_navigation) StdoutLine: {'line': b'-- Found FastRTPS: /opt/ros/jazzy/include (Required is at least version "2.13") \n'}
[15.151487] (-) TimerEvent: {}
[15.221203] (ffw_navigation) StdoutLine: {'line': b"-- Using RMW implementation 'rmw_fastrtps_cpp' as default\n"}
[15.251588] (-) TimerEvent: {}
[15.335947] (ffw_description) StdoutLine: {'line': b'-- Installing: /root/workspaces/ros2_ws/install/ffw_description/share/ffw_description/meshes/common/follower/arm_l_link7.stl\n'}
[15.351709] (-) TimerEvent: {}
[15.452007] (-) TimerEvent: {}
[15.510966] (ffw_description) StdoutLine: {'line': b'-- Installing: /root/workspaces/ros2_ws/install/ffw_description/share/ffw_description/meshes/common/follower/arm_r_link5.stl\n'}
[15.515479] (ffw_swerve_drive_controller) StdoutLine: {'line': b'-- Found TinyXML2 via Config file: /usr/lib/x86_64-linux-gnu/cmake/tinyxml2\n'}
[15.594686] (-) TimerEvent: {}
[15.695114] (-) TimerEvent: {}
[15.712415] (ffw_description) StdoutLine: {'line': b'-- Installing: /root/workspaces/ros2_ws/install/ffw_description/share/ffw_description/meshes/common/follower/arm_l_link3.stl\n'}
[15.795644] (-) TimerEvent: {}
[15.854244] (ffw_swerve_drive_controller) StdoutLine: {'line': b'-- Found OpenSSL: /usr/lib/x86_64-linux-gnu/libcrypto.so (found version "3.0.13")  \n'}
[15.895731] (-) TimerEvent: {}
[15.911671] (ffw_description) StdoutLine: {'line': b'-- Installing: /root/workspaces/ros2_ws/install/ffw_description/share/ffw_description/meshes/common/follower/swerve\n'}
[15.930472] (ffw_description) StdoutLine: {'line': b'-- Installing: /root/workspaces/ros2_ws/install/ffw_description/share/ffw_description/meshes/common/follower/swerve/base_mobile_assy.stl\n'}
[15.942483] (ffw_swerve_drive_controller) StdoutLine: {'line': b'-- Found TinyXML2 via Config file: /usr/lib/x86_64-linux-gnu/cmake/tinyxml2\n'}
[15.999660] (-) TimerEvent: {}
[16.026166] (ffw_swerve_drive_controller) StdoutLine: {'line': b'-- Found FastRTPS: /opt/ros/jazzy/include (Required is at least version "2.13") \n'}
[16.034907] (ffw_swerve_drive_controller) StdoutLine: {'line': b'-- Found TinyXML2 via Config file: /usr/lib/x86_64-linux-gnu/cmake/tinyxml2\n'}
[16.096889] (ffw_swerve_drive_controller) StdoutLine: {'line': b'-- Found TinyXML2 via Config file: /usr/lib/x86_64-linux-gnu/cmake/tinyxml2\n'}
[16.106537] (-) TimerEvent: {}
[16.115121] (ffw_swerve_drive_controller) StdoutLine: {'line': b"-- Using RMW implementation 'rmw_fastrtps_cpp' as default\n"}
[16.206645] (-) TimerEvent: {}
[16.306934] (-) TimerEvent: {}
[16.333993] (ffw_description) StdoutLine: {'line': b'-- Installing: /root/workspaces/ros2_ws/install/ffw_description/share/ffw_description/meshes/common/follower/swerve/right_wheel_steer_link.stl\n'}
[16.407032] (-) TimerEvent: {}
[16.444744] (ffw_description) StdoutLine: {'line': b'-- Installing: /root/workspaces/ros2_ws/install/ffw_description/share/ffw_description/meshes/common/follower/swerve/left_wheel_drive_link.stl\n'}
[16.507132] (-) TimerEvent: {}
[16.542353] (ffw_description) StdoutLine: {'line': b'-- Installing: /root/workspaces/ros2_ws/install/ffw_description/share/ffw_description/meshes/common/follower/swerve/rear_wheel_steer_link.stl\n'}
[16.607237] (-) TimerEvent: {}
[16.704014] (ffw_description) StdoutLine: {'line': b'-- Installing: /root/workspaces/ros2_ws/install/ffw_description/share/ffw_description/meshes/common/follower/swerve/right_wheel_drive_link.stl\n'}
[16.707299] (-) TimerEvent: {}
[16.759347] (ffw_description) StdoutLine: {'line': b'-- Installing: /root/workspaces/ros2_ws/install/ffw_description/share/ffw_description/meshes/common/follower/swerve/rear_wheel_drive_link.stl\n'}
[16.807432] (-) TimerEvent: {}
[16.840781] (ffw_description) StdoutLine: {'line': b'-- Installing: /root/workspaces/ros2_ws/install/ffw_description/share/ffw_description/meshes/common/follower/swerve/lift_link.stl\n'}
[16.907537] (-) TimerEvent: {}
[17.007802] (-) TimerEvent: {}
[17.013430] (ffw_description) StdoutLine: {'line': b'-- Installing: /root/workspaces/ros2_ws/install/ffw_description/share/ffw_description/meshes/common/follower/swerve/left_wheel_steer_link.stl\n'}
[17.108500] (-) TimerEvent: {}
[17.114767] (ffw_description) StdoutLine: {'line': b'-- Installing: /root/workspaces/ros2_ws/install/ffw_description/share/ffw_description/meshes/common/follower/head_link2.stl\n'}
[17.208611] (-) TimerEvent: {}
[17.304003] (ffw_description) StdoutLine: {'line': b'-- Installing: /root/workspaces/ros2_ws/install/ffw_description/share/ffw_description/meshes/common/follower/arm_r_link3.stl\n'}
[17.308699] (-) TimerEvent: {}
[17.412753] (-) TimerEvent: {}
[17.419823] (ffw_navigation) StdoutLine: {'line': b'-- Configuring done (16.7s)\n'}
[17.512853] (-) TimerEvent: {}
[17.514293] (ffw_description) StdoutLine: {'line': b'-- Installing: /root/workspaces/ros2_ws/install/ffw_description/share/ffw_description/meshes/common/follower/arm_l_link1.stl\n'}
[17.612954] (-) TimerEvent: {}
[17.713398] (-) TimerEvent: {}
[17.720172] (ffw_description) StdoutLine: {'line': b'-- Installing: /root/workspaces/ros2_ws/install/ffw_description/share/ffw_description/meshes/common/follower/arm_r_link7.stl\n'}
[17.739828] (ffw_teleop) Command: {'cmd': ['/usr/bin/python3', '-W', 'ignore:setup.py install is deprecated', '-W', 'ignore:easy_install command is deprecated', 'setup.py', 'egg_info', '--egg-base', '../../../build/ffw_teleop', 'build', '--build-base', '/root/workspaces/ros2_ws/build/ffw_teleop/build', 'install', '--record', '/root/workspaces/ros2_ws/build/ffw_teleop/install.log', '--install-scripts', '$base/lib/ffw_teleop', '--single-version-externally-managed', 'install_data'], 'cwd': '/root/workspaces/ros2_ws/src/ai-worker-sim/ffw_teleop', 'env': {'LESSOPEN': '| /usr/bin/lesspipe %s', 'ACTIVE_WS_PATH': '/root/workspaces/ros2_ws', 'GZ_SIM_RESOURCE_PATH': '/opt/ros/jazzy/share', 'SUPERVISOR_GROUP_NAME': 'ttyd', 'GZ_CONFIG_PATH': '/opt/ros/jazzy/opt/gz_sim_vendor/share/gz:/opt/ros/jazzy/opt/sdformat_vendor/share/gz:/opt/ros/jazzy/opt/gz_gui_vendor/share/gz:/opt/ros/jazzy/opt/gz_transport_vendor/share/gz:/opt/ros/jazzy/opt/gz_rendering_vendor/share/gz:/opt/ros/jazzy/opt/gz_plugin_vendor/share/gz:/opt/ros/jazzy/opt/gz_fuel_tools_vendor/share/gz:/opt/ros/jazzy/opt/gz_msgs_vendor/share/gz:/opt/ros/jazzy/opt/gz_common_vendor/share/gz', 'HOSTNAME': 'ip-172-31-7-13.eu-central-1.compute.internal', 'SHLVL': '1', 'LD_LIBRARY_PATH': '/root/workspaces/ros2_ws/install/ffw_swerve_drive_controller/lib:/root/workspaces/ros2_ws/install/ffw_navigation/lib:/opt/ros/jazzy/opt/gz_sim_vendor/lib:/opt/ros/jazzy/opt/gz_sensors_vendor/lib:/opt/ros/jazzy/opt/gz_physics_vendor/lib:/opt/ros/jazzy/opt/sdformat_vendor/lib:/opt/ros/jazzy/opt/rviz_ogre_vendor/lib:/opt/ros/jazzy/lib/x86_64-linux-gnu:/opt/ros/jazzy/opt/gz_gui_vendor/lib:/opt/ros/jazzy/opt/gz_transport_vendor/lib:/opt/ros/jazzy/opt/gz_rendering_vendor/lib:/opt/ros/jazzy/opt/gz_plugin_vendor/lib:/opt/ros/jazzy/opt/gz_fuel_tools_vendor/lib:/opt/ros/jazzy/opt/gz_msgs_vendor/lib:/opt/ros/jazzy/opt/gz_common_vendor/lib:/opt/ros/jazzy/opt/gz_math_vendor/lib:/opt/ros/jazzy/opt/gz_utils_vendor/lib:/opt/ros/jazzy/opt/gz_tools_vendor/lib:/opt/ros/jazzy/opt/gz_ogre_next_vendor/lib:/opt/ros/jazzy/opt/gz_dartsim_vendor/lib:/opt/ros/jazzy/opt/gz_cmake_vendor/lib:/opt/ros/jazzy/lib', 'HOME': '/root', 'EFS_PATH': '/workspaces/113baa83-0a52-42aa-9f6b-d5b552759739', 'OLDPWD': '/root/workspaces', 'ROS_PYTHON_VERSION': '3', 'AWS_CONTAINER_CREDENTIALS_RELATIVE_URI': '/v2/credentials/48044743-5268-4c30-9320-0b4a8b853c8f', 'AWS_EXECUTION_ENV': 'AWS_ECS_FARGATE', 'COLCON_PREFIX_PATH': '/root/workspaces/ros2_ws/install:/root/workspaces/turtlebot_ws/install', 'ECS_AGENT_URI': 'http://169.254.170.2/api/4afcdff0aca74170b17e4081b528c4c3-1842134484', 'ROS_DISTRO': 'jazzy', 'AWS_DEFAULT_REGION': 'eu-central-1', '_': '/usr/bin/colcon', 'ROS_VERSION': '2', 'ECS_CONTAINER_METADATA_URI_V4': 'http://169.254.170.2/v4/4afcdff0aca74170b17e4081b528c4c3-1842134484', 'TERM': 'xterm-256color', 'ECS_CONTAINER_METADATA_URI': 'http://169.254.170.2/v3/4afcdff0aca74170b17e4081b528c4c3-1842134484', 'SESSION_UUID': '113baa83-0a52-42aa-9f6b-d5b552759739', 'PATH': '/opt/ros/jazzy/opt/gz_msgs_vendor/bin:/opt/ros/jazzy/opt/gz_tools_vendor/bin:/opt/ros/jazzy/opt/gz_ogre_next_vendor/bin:/opt/ros/jazzy/bin:/usr/local/sbin:/usr/local/bin:/usr/sbin:/usr/bin:/sbin:/bin', 'XDG_RUNTIME_DIR': '/tmp/runtime-root', 'DISPLAY': ':1', 'LANG': 'en_US.UTF-8', 'LS_COLORS': 'rs=0:di=01;34:ln=01;36:mh=00:pi=40;33:so=01;35:do=01;35:bd=40;33;01:cd=40;33;01:or=40;31;01:mi=00:su=37;41:sg=30;43:ca=00:tw=30;42:ow=34;42:st=37;44:ex=01;32:*.tar=01;31:*.tgz=01;31:*.arc=01;31:*.arj=01;31:*.taz=01;31:*.lha=01;31:*.lz4=01;31:*.lzh=01;31:*.lzma=01;31:*.tlz=01;31:*.txz=01;31:*.tzo=01;31:*.t7z=01;31:*.zip=01;31:*.z=01;31:*.dz=01;31:*.gz=01;31:*.lrz=01;31:*.lz=01;31:*.lzo=01;31:*.xz=01;31:*.zst=01;31:*.tzst=01;31:*.bz2=01;31:*.bz=01;31:*.tbz=01;31:*.tbz2=01;31:*.tz=01;31:*.deb=01;31:*.rpm=01;31:*.jar=01;31:*.war=01;31:*.ear=01;31:*.sar=01;31:*.rar=01;31:*.alz=01;31:*.ace=01;31:*.zoo=01;31:*.cpio=01;31:*.7z=01;31:*.rz=01;31:*.cab=01;31:*.wim=01;31:*.swm=01;31:*.dwm=01;31:*.esd=01;31:*.avif=01;35:*.jpg=01;35:*.jpeg=01;35:*.mjpg=01;35:*.mjpeg=01;35:*.gif=01;35:*.bmp=01;35:*.pbm=01;35:*.pgm=01;35:*.ppm=01;35:*.tga=01;35:*.xbm=01;35:*.xpm=01;35:*.tif=01;35:*.tiff=01;35:*.png=01;35:*.svg=01;35:*.svgz=01;35:*.mng=01;35:*.pcx=01;35:*.mov=01;35:*.mpg=01;35:*.mpeg=01;35:*.m2v=01;35:*.mkv=01;35:*.webm=01;35:*.webp=01;35:*.ogm=01;35:*.mp4=01;35:*.m4v=01;35:*.mp4v=01;35:*.vob=01;35:*.qt=01;35:*.nuv=01;35:*.wmv=01;35:*.asf=01;35:*.rm=01;35:*.rmvb=01;35:*.flc=01;35:*.avi=01;35:*.fli=01;35:*.flv=01;35:*.gl=01;35:*.dl=01;35:*.xcf=01;35:*.xwd=01;35:*.yuv=01;35:*.cgm=01;35:*.emf=01;35:*.ogv=01;35:*.ogx=01;35:*.aac=00;36:*.au=00;36:*.flac=00;36:*.m4a=00;36:*.mid=00;36:*.midi=00;36:*.mka=00;36:*.mp3=00;36:*.mpc=00;36:*.ogg=00;36:*.ra=00;36:*.wav=00;36:*.oga=00;36:*.opus=00;36:*.spx=00;36:*.xspf=00;36:*~=00;90:*#=00;90:*.bak=00;90:*.crdownload=00;90:*.dpkg-dist=00;90:*.dpkg-new=00;90:*.dpkg-old=00;90:*.dpkg-tmp=00;90:*.old=00;90:*.orig=00;90:*.part=00;90:*.rej=00;90:*.rpmnew=00;90:*.rpmorig=00;90:*.rpmsave=00;90:*.swp=00;90:*.tmp=00;90:*.ucf-dist=00;90:*.ucf-new=00;90:*.ucf-old=00;90:', 'SUPERVISOR_ENABLED': '1', 'ROS_DOMAIN_ID': '30', 'AMENT_PREFIX_PATH': '/root/workspaces/ros2_ws/install/warehouse_worlds:/root/workspaces/ros2_ws/install/library_world:/root/workspaces/ros2_ws/install/human_detector:/root/workspaces/ros2_ws/install/ffw_teleop:/root/workspaces/ros2_ws/install/ffw_swerve_drive_controller:/root/workspaces/ros2_ws/install/ffw_navigation:/root/workspaces/ros2_ws/install/ffw_moveit_config:/root/workspaces/ros2_ws/install/ffw_bringup:/root/workspaces/ros2_ws/install/ffw_description:/root/workspaces/turtlebot_ws/install/turtlebot3_simulations:/root/workspaces/turtlebot_ws/install/turtlebot3_gazebo:/root/workspaces/turtlebot_ws/install/turtlebot3_fake_node:/opt/ros/jazzy', 'DEBIAN_FRONTEND': 'noninteractive', 'ACTIVE_WS_NAME': 'ros2_ws', 'AWS_REGION': 'eu-central-1', 'LESSCLOSE': '/usr/bin/lesspipe %s %s', 'SUPERVISOR_SERVER_URL': 'unix:///var/run/supervisor.sock', 'ROS_AUTOMATIC_DISCOVERY_RANGE': 'SUBNET', 'SUPERVISOR_PROCESS_NAME': 'ttyd', 'PWD': '/root/workspaces/ros2_ws/build/ffw_teleop', 'TURTLEBOT3_MODEL': 'burger', 'LC_ALL': 'en_US.UTF-8', 'PYTHONPATH': '/root/workspaces/ros2_ws/build/ffw_teleop/prefix_override:/usr/lib/python3/dist-packages/colcon_core/task/python/colcon_distutils_commands:/root/workspaces/ros2_ws/install/ffw_teleop/lib/python3.12/site-packages:/root/workspaces/ros2_ws/install/human_detector/lib/python3.12/site-packages:/root/workspaces/ros2_ws/install/ffw_teleop/lib/python3.12/site-packages:/root/workspaces/ros2_ws/install/ffw_bringup/lib/python3.12/site-packages:/opt/ros/jazzy/lib/python3.12/site-packages', 'COLCON': '1', 'CMAKE_PREFIX_PATH': '/root/workspaces/ros2_ws/install/warehouse_worlds:/root/workspaces/ros2_ws/install/library_world:/root/workspaces/ros2_ws/install/ffw_swerve_drive_controller:/root/workspaces/ros2_ws/install/ffw_navigation:/root/workspaces/ros2_ws/install/ffw_moveit_config:/root/workspaces/ros2_ws/install/ffw_description:/root/workspaces/turtlebot_ws/install/turtlebot3_simulations:/root/workspaces/turtlebot_ws/install/turtlebot3_gazebo:/root/workspaces/turtlebot_ws/install/turtlebot3_fake_node:/opt/ros/jazzy/opt/gz_sim_vendor:/opt/ros/jazzy/opt/gz_sensors_vendor:/opt/ros/jazzy/opt/gz_physics_vendor:/opt/ros/jazzy/opt/sdformat_vendor:/opt/ros/jazzy/opt/gz_gui_vendor:/opt/ros/jazzy/opt/gz_transport_vendor:/opt/ros/jazzy/opt/gz_rendering_vendor:/opt/ros/jazzy/opt/gz_plugin_vendor:/opt/ros/jazzy/opt/gz_fuel_tools_vendor:/opt/ros/jazzy/opt/gz_msgs_vendor:/opt/ros/jazzy/opt/gz_common_vendor:/opt/ros/jazzy/opt/gz_math_vendor:/opt/ros/jazzy/opt/gz_utils_vendor:/opt/ros/jazzy/opt/gz_tools_vendor:/opt/ros/jazzy/opt/gz_ogre_next_vendor:/opt/ros/jazzy/opt/gz_dartsim_vendor:/opt/ros/jazzy/opt/gz_cmake_vendor'}, 'shell': False}
[17.813475] (-) TimerEvent: {}
[17.848294] (ffw_description) StdoutLine: {'line': b'-- Installing: /root/workspaces/ros2_ws/install/ffw_description/share/ffw_description/meshes/common/follower/arm_l_link5.stl\n'}
[17.913582] (-) TimerEvent: {}
[18.013851] (-) TimerEvent: {}
[18.017559] (ffw_description) StdoutLine: {'line': b'-- Installing: /root/workspaces/ros2_ws/install/ffw_description/share/ffw_description/meshes/common/follower/head_link1.stl\n'}
[18.112581] (ffw_description) StdoutLine: {'line': b'-- Installing: /root/workspaces/ros2_ws/install/ffw_description/share/ffw_description/meshes/common/follower/zedm.stl\n'}
[18.113947] (-) TimerEvent: {}
[18.204006] (ffw_description) StdoutLine: {'line': b'-- Installing: /root/workspaces/ros2_ws/install/ffw_description/share/ffw_description/meshes/common/follower/arm_r_link2.stl\n'}
[18.214039] (-) TimerEvent: {}
[18.314384] (-) TimerEvent: {}
[18.415654] (-) TimerEvent: {}
[18.502158] (ffw_teleop) StdoutLine: {'line': b'running egg_info\n'}
[18.502349] (ffw_teleop) StdoutLine: {'line': b'creating ../../../build/ffw_teleop/ffw_teleop.egg-info\n'}
[18.510382] (ffw_description) StdoutLine: {'line': b'-- Installing: /root/workspaces/ros2_ws/install/ffw_description/share/ffw_description/meshes/common/follower/arm_r_link6.stl\n'}
[18.515808] (-) TimerEvent: {}
[18.538348] (ffw_teleop) StdoutLine: {'line': b'writing ../../../build/ffw_teleop/ffw_teleop.egg-info/PKG-INFO\n'}
[18.597208] (ffw_navigation) StdoutLine: {'line': b'-- Generating done (1.1s)\n'}
[18.604228] (ffw_teleop) StdoutLine: {'line': b'writing dependency_links to ../../../build/ffw_teleop/ffw_teleop.egg-info/dependency_links.txt\n'}
[18.611812] (ffw_teleop) StdoutLine: {'line': b'writing entry points to ../../../build/ffw_teleop/ffw_teleop.egg-info/entry_points.txt\n'}
[18.627614] (-) TimerEvent: {}
[18.627852] (ffw_teleop) StdoutLine: {'line': b'writing requirements to ../../../build/ffw_teleop/ffw_teleop.egg-info/requires.txt\n'}
[18.630924] (ffw_teleop) StdoutLine: {'line': b'writing top-level names to ../../../build/ffw_teleop/ffw_teleop.egg-info/top_level.txt\n'}
[18.641709] (ffw_teleop) StdoutLine: {'line': b"writing manifest file '../../../build/ffw_teleop/ffw_teleop.egg-info/SOURCES.txt'\n"}
[18.652874] (ffw_description) StdoutLine: {'line': b'-- Installing: /root/workspaces/ros2_ws/install/ffw_description/share/ffw_description/meshes/common/follower/body_arm_assy.stl\n'}
[18.727717] (-) TimerEvent: {}
[18.745157] (ffw_teleop) StdoutLine: {'line': b"reading manifest file '../../../build/ffw_teleop/ffw_teleop.egg-info/SOURCES.txt'\n"}
[18.796310] (ffw_teleop) StdoutLine: {'line': b"writing manifest file '../../../build/ffw_teleop/ffw_teleop.egg-info/SOURCES.txt'\n"}
[18.807577] (ffw_teleop) StdoutLine: {'line': b'running build\n'}
[18.825363] (ffw_teleop) StdoutLine: {'line': b'running build_py\n'}
[18.833268] (-) TimerEvent: {}
[18.833523] (ffw_teleop) StdoutLine: {'line': b'creating /root/workspaces/ros2_ws/build/ffw_teleop/build\n'}
[18.833603] (ffw_teleop) StdoutLine: {'line': b'creating /root/workspaces/ros2_ws/build/ffw_teleop/build/lib\n'}
[18.833661] (ffw_teleop) StdoutLine: {'line': b'creating /root/workspaces/ros2_ws/build/ffw_teleop/build/lib/ffw_teleop\n'}
[18.833711] (ffw_teleop) StdoutLine: {'line': b'copying ffw_teleop/keyboard_control.py -> /root/workspaces/ros2_ws/build/ffw_teleop/build/lib/ffw_teleop\n'}
[18.851178] (ffw_teleop) StdoutLine: {'line': b'copying ffw_teleop/__init__.py -> /root/workspaces/ros2_ws/build/ffw_teleop/build/lib/ffw_teleop\n'}
[18.903790] (ffw_teleop) StdoutLine: {'line': b'copying ffw_teleop/mobile_teleop.py -> /root/workspaces/ros2_ws/build/ffw_teleop/build/lib/ffw_teleop\n'}
[18.933387] (-) TimerEvent: {}
[18.936845] (ffw_teleop) StdoutLine: {'line': b'running install\n'}
[18.942179] (ffw_teleop) StdoutLine: {'line': b'running install_lib\n'}
[19.004868] (ffw_teleop) StdoutLine: {'line': b'creating /root/workspaces/ros2_ws/install/ffw_teleop/lib/python3.12/site-packages/ffw_teleop\n'}
[19.015756] (ffw_teleop) StdoutLine: {'line': b'copying /root/workspaces/ros2_ws/build/ffw_teleop/build/lib/ffw_teleop/keyboard_control.py -> /root/workspaces/ros2_ws/install/ffw_teleop/lib/python3.12/site-packages/ffw_teleop\n'}
[19.027781] (ffw_description) StdoutLine: {'line': b'-- Installing: /root/workspaces/ros2_ws/install/ffw_description/share/ffw_description/meshes/common/follower/arm_l_link4.stl\n'}
[19.036614] (-) TimerEvent: {}
[19.036731] (ffw_navigation) StdoutLine: {'line': b'-- Build files have been written to: /root/workspaces/ros2_ws/build/ffw_navigation\n'}
[19.036810] (ffw_teleop) StdoutLine: {'line': b'copying /root/workspaces/ros2_ws/build/ffw_teleop/build/lib/ffw_teleop/__init__.py -> /root/workspaces/ros2_ws/install/ffw_teleop/lib/python3.12/site-packages/ffw_teleop\n'}
[19.040772] (ffw_navigation) CommandEnded: {'returncode': 0}
[19.040991] (ffw_navigation) JobProgress: {'identifier': 'ffw_navigation', 'progress': 'build'}
[19.042624] (ffw_navigation) Command: {'cmd': ['/usr/bin/cmake', '--build', '/root/workspaces/ros2_ws/build/ffw_navigation', '--', '-j4', '-l4'], 'cwd': '/root/workspaces/ros2_ws/build/ffw_navigation', 'env': OrderedDict({'LESSOPEN': '| /usr/bin/lesspipe %s', 'ACTIVE_WS_PATH': '/root/workspaces/ros2_ws', 'GZ_SIM_RESOURCE_PATH': '/opt/ros/jazzy/share', 'SUPERVISOR_GROUP_NAME': 'ttyd', 'GZ_CONFIG_PATH': '/opt/ros/jazzy/opt/gz_sim_vendor/share/gz:/opt/ros/jazzy/opt/sdformat_vendor/share/gz:/opt/ros/jazzy/opt/gz_gui_vendor/share/gz:/opt/ros/jazzy/opt/gz_transport_vendor/share/gz:/opt/ros/jazzy/opt/gz_rendering_vendor/share/gz:/opt/ros/jazzy/opt/gz_plugin_vendor/share/gz:/opt/ros/jazzy/opt/gz_fuel_tools_vendor/share/gz:/opt/ros/jazzy/opt/gz_msgs_vendor/share/gz:/opt/ros/jazzy/opt/gz_common_vendor/share/gz', 'HOSTNAME': 'ip-172-31-7-13.eu-central-1.compute.internal', 'SHLVL': '1', 'LD_LIBRARY_PATH': '/root/workspaces/ros2_ws/install/ffw_swerve_drive_controller/lib:/root/workspaces/ros2_ws/install/ffw_navigation/lib:/opt/ros/jazzy/opt/gz_sim_vendor/lib:/opt/ros/jazzy/opt/gz_sensors_vendor/lib:/opt/ros/jazzy/opt/gz_physics_vendor/lib:/opt/ros/jazzy/opt/sdformat_vendor/lib:/opt/ros/jazzy/opt/rviz_ogre_vendor/lib:/opt/ros/jazzy/lib/x86_64-linux-gnu:/opt/ros/jazzy/opt/gz_gui_vendor/lib:/opt/ros/jazzy/opt/gz_transport_vendor/lib:/opt/ros/jazzy/opt/gz_rendering_vendor/lib:/opt/ros/jazzy/opt/gz_plugin_vendor/lib:/opt/ros/jazzy/opt/gz_fuel_tools_vendor/lib:/opt/ros/jazzy/opt/gz_msgs_vendor/lib:/opt/ros/jazzy/opt/gz_common_vendor/lib:/opt/ros/jazzy/opt/gz_math_vendor/lib:/opt/ros/jazzy/opt/gz_utils_vendor/lib:/opt/ros/jazzy/opt/gz_tools_vendor/lib:/opt/ros/jazzy/opt/gz_ogre_next_vendor/lib:/opt/ros/jazzy/opt/gz_dartsim_vendor/lib:/opt/ros/jazzy/opt/gz_cmake_vendor/lib:/opt/ros/jazzy/lib', 'HOME': '/root', 'EFS_PATH': '/workspaces/113baa83-0a52-42aa-9f6b-d5b552759739', 'OLDPWD': '/root/workspaces', 'ROS_PYTHON_VERSION': '3', 'AWS_CONTAINER_CREDENTIALS_RELATIVE_URI': '/v2/credentials/48044743-5268-4c30-9320-0b4a8b853c8f', 'AWS_EXECUTION_ENV': 'AWS_ECS_FARGATE', 'COLCON_PREFIX_PATH': '/root/workspaces/ros2_ws/install:/root/workspaces/turtlebot_ws/install', 'ECS_AGENT_URI': 'http://169.254.170.2/api/4afcdff0aca74170b17e4081b528c4c3-1842134484', 'ROS_DISTRO': 'jazzy', 'AWS_DEFAULT_REGION': 'eu-central-1', '_': '/usr/bin/colcon', 'ROS_VERSION': '2', 'ECS_CONTAINER_METADATA_URI_V4': 'http://169.254.170.2/v4/4afcdff0aca74170b17e4081b528c4c3-1842134484', 'TERM': 'xterm-256color', 'ECS_CONTAINER_METADATA_URI': 'http://169.254.170.2/v3/4afcdff0aca74170b17e4081b528c4c3-1842134484', 'SESSION_UUID': '113baa83-0a52-42aa-9f6b-d5b552759739', 'PATH': '/opt/ros/jazzy/opt/gz_msgs_vendor/bin:/opt/ros/jazzy/opt/gz_tools_vendor/bin:/opt/ros/jazzy/opt/gz_ogre_next_vendor/bin:/opt/ros/jazzy/bin:/usr/local/sbin:/usr/local/bin:/usr/sbin:/usr/bin:/sbin:/bin', 'XDG_RUNTIME_DIR': '/tmp/runtime-root', 'DISPLAY': ':1', 'LANG': 'en_US.UTF-8', 'LS_COLORS': 'rs=0:di=01;34:ln=01;36:mh=00:pi=40;33:so=01;35:do=01;35:bd=40;33;01:cd=40;33;01:or=40;31;01:mi=00:su=37;41:sg=30;43:ca=00:tw=30;42:ow=34;42:st=37;44:ex=01;32:*.tar=01;31:*.tgz=01;31:*.arc=01;31:*.arj=01;31:*.taz=01;31:*.lha=01;31:*.lz4=01;31:*.lzh=01;31:*.lzma=01;31:*.tlz=01;31:*.txz=01;31:*.tzo=01;31:*.t7z=01;31:*.zip=01;31:*.z=01;31:*.dz=01;31:*.gz=01;31:*.lrz=01;31:*.lz=01;31:*.lzo=01;31:*.xz=01;31:*.zst=01;31:*.tzst=01;31:*.bz2=01;31:*.bz=01;31:*.tbz=01;31:*.tbz2=01;31:*.tz=01;31:*.deb=01;31:*.rpm=01;31:*.jar=01;31:*.war=01;31:*.ear=01;31:*.sar=01;31:*.rar=01;31:*.alz=01;31:*.ace=01;31:*.zoo=01;31:*.cpio=01;31:*.7z=01;31:*.rz=01;31:*.cab=01;31:*.wim=01;31:*.swm=01;31:*.dwm=01;31:*.esd=01;31:*.avif=01;35:*.jpg=01;35:*.jpeg=01;35:*.mjpg=01;35:*.mjpeg=01;35:*.gif=01;35:*.bmp=01;35:*.pbm=01;35:*.pgm=01;35:*.ppm=01;35:*.tga=01;35:*.xbm=01;35:*.xpm=01;35:*.tif=01;35:*.tiff=01;35:*.png=01;35:*.svg=01;35:*.svgz=01;35:*.mng=01;35:*.pcx=01;35:*.mov=01;35:*.mpg=01;35:*.mpeg=01;35:*.m2v=01;35:*.mkv=01;35:*.webm=01;35:*.webp=01;35:*.ogm=01;35:*.mp4=01;35:*.m4v=01;35:*.mp4v=01;35:*.vob=01;35:*.qt=01;35:*.nuv=01;35:*.wmv=01;35:*.asf=01;35:*.rm=01;35:*.rmvb=01;35:*.flc=01;35:*.avi=01;35:*.fli=01;35:*.flv=01;35:*.gl=01;35:*.dl=01;35:*.xcf=01;35:*.xwd=01;35:*.yuv=01;35:*.cgm=01;35:*.emf=01;35:*.ogv=01;35:*.ogx=01;35:*.aac=00;36:*.au=00;36:*.flac=00;36:*.m4a=00;36:*.mid=00;36:*.midi=00;36:*.mka=00;36:*.mp3=00;36:*.mpc=00;36:*.ogg=00;36:*.ra=00;36:*.wav=00;36:*.oga=00;36:*.opus=00;36:*.spx=00;36:*.xspf=00;36:*~=00;90:*#=00;90:*.bak=00;90:*.crdownload=00;90:*.dpkg-dist=00;90:*.dpkg-new=00;90:*.dpkg-old=00;90:*.dpkg-tmp=00;90:*.old=00;90:*.orig=00;90:*.part=00;90:*.rej=00;90:*.rpmnew=00;90:*.rpmorig=00;90:*.rpmsave=00;90:*.swp=00;90:*.tmp=00;90:*.ucf-dist=00;90:*.ucf-new=00;90:*.ucf-old=00;90:', 'SUPERVISOR_ENABLED': '1', 'ROS_DOMAIN_ID': '30', 'AMENT_PREFIX_PATH': '/root/workspaces/ros2_ws/install/warehouse_worlds:/root/workspaces/ros2_ws/install/library_world:/root/workspaces/ros2_ws/install/human_detector:/root/workspaces/ros2_ws/install/ffw_teleop:/root/workspaces/ros2_ws/install/ffw_swerve_drive_controller:/root/workspaces/ros2_ws/install/ffw_navigation:/root/workspaces/ros2_ws/install/ffw_moveit_config:/root/workspaces/ros2_ws/install/ffw_bringup:/root/workspaces/ros2_ws/install/ffw_description:/root/workspaces/turtlebot_ws/install/turtlebot3_simulations:/root/workspaces/turtlebot_ws/install/turtlebot3_gazebo:/root/workspaces/turtlebot_ws/install/turtlebot3_fake_node:/opt/ros/jazzy', 'DEBIAN_FRONTEND': 'noninteractive', 'ACTIVE_WS_NAME': 'ros2_ws', 'AWS_REGION': 'eu-central-1', 'LESSCLOSE': '/usr/bin/lesspipe %s %s', 'SUPERVISOR_SERVER_URL': 'unix:///var/run/supervisor.sock', 'ROS_AUTOMATIC_DISCOVERY_RANGE': 'SUBNET', 'SUPERVISOR_PROCESS_NAME': 'ttyd', 'PWD': '/root/workspaces/ros2_ws/build/ffw_navigation', 'TURTLEBOT3_MODEL': 'burger', 'LC_ALL': 'en_US.UTF-8', 'PYTHONPATH': '/root/workspaces/ros2_ws/install/human_detector/lib/python3.12/site-packages:/root/workspaces/ros2_ws/install/ffw_teleop/lib/python3.12/site-packages:/root/workspaces/ros2_ws/install/ffw_bringup/lib/python3.12/site-packages:/opt/ros/jazzy/lib/python3.12/site-packages', 'COLCON': '1', 'CMAKE_PREFIX_PATH': '/root/workspaces/ros2_ws/install/warehouse_worlds:/root/workspaces/ros2_ws/install/library_world:/root/workspaces/ros2_ws/install/ffw_swerve_drive_controller:/root/workspaces/ros2_ws/install/ffw_navigation:/root/workspaces/ros2_ws/install/ffw_moveit_config:/root/workspaces/ros2_ws/install/ffw_description:/root/workspaces/turtlebot_ws/install/turtlebot3_simulations:/root/workspaces/turtlebot_ws/install/turtlebot3_gazebo:/root/workspaces/turtlebot_ws/install/turtlebot3_fake_node:/opt/ros/jazzy/opt/gz_sim_vendor:/opt/ros/jazzy/opt/gz_sensors_vendor:/opt/ros/jazzy/opt/gz_physics_vendor:/opt/ros/jazzy/opt/sdformat_vendor:/opt/ros/jazzy/opt/gz_gui_vendor:/opt/ros/jazzy/opt/gz_transport_vendor:/opt/ros/jazzy/opt/gz_rendering_vendor:/opt/ros/jazzy/opt/gz_plugin_vendor:/opt/ros/jazzy/opt/gz_fuel_tools_vendor:/opt/ros/jazzy/opt/gz_msgs_vendor:/opt/ros/jazzy/opt/gz_common_vendor:/opt/ros/jazzy/opt/gz_math_vendor:/opt/ros/jazzy/opt/gz_utils_vendor:/opt/ros/jazzy/opt/gz_tools_vendor:/opt/ros/jazzy/opt/gz_ogre_next_vendor:/opt/ros/jazzy/opt/gz_dartsim_vendor:/opt/ros/jazzy/opt/gz_cmake_vendor:/root/workspaces/ros2_ws/install/human_detector:/root/workspaces/ros2_ws/install/ffw_teleop:/root/workspaces/ros2_ws/install/ffw_bringup:/opt/ros/jazzy'}), 'shell': False}
[19.047705] (ffw_teleop) StdoutLine: {'line': b'copying /root/workspaces/ros2_ws/build/ffw_teleop/build/lib/ffw_teleop/mobile_teleop.py -> /root/workspaces/ros2_ws/install/ffw_teleop/lib/python3.12/site-packages/ffw_teleop\n'}
[19.115565] (ffw_teleop) StdoutLine: {'line': b'byte-compiling /root/workspaces/ros2_ws/install/ffw_teleop/lib/python3.12/site-packages/ffw_teleop/keyboard_control.py to keyboard_control.cpython-312.pyc\n'}
[19.136881] (-) TimerEvent: {}
[19.140814] (ffw_teleop) StdoutLine: {'line': b'byte-compiling /root/workspaces/ros2_ws/install/ffw_teleop/lib/python3.12/site-packages/ffw_teleop/__init__.py to __init__.cpython-312.pyc\n'}
[19.201757] (ffw_teleop) StdoutLine: {'line': b'byte-compiling /root/workspaces/ros2_ws/install/ffw_teleop/lib/python3.12/site-packages/ffw_teleop/mobile_teleop.py to mobile_teleop.cpython-312.pyc\n'}
[19.216894] (ffw_description) StdoutLine: {'line': b'-- Installing: /root/workspaces/ros2_ws/install/ffw_description/share/ffw_description/meshes/common/follower/arm_r_link4.stl\n'}
[19.219907] (ffw_teleop) StdoutLine: {'line': b'running install_data\n'}
[19.230285] (ffw_teleop) StdoutLine: {'line': b'creating /root/workspaces/ros2_ws/install/ffw_teleop/share/ament_index\n'}
[19.236343] (ffw_teleop) StdoutLine: {'line': b'creating /root/workspaces/ros2_ws/install/ffw_teleop/share/ament_index/resource_index\n'}
[19.236953] (-) TimerEvent: {}
[19.237496] (ffw_teleop) StdoutLine: {'line': b'creating /root/workspaces/ros2_ws/install/ffw_teleop/share/ament_index/resource_index/packages\n'}
[19.244714] (ffw_teleop) StdoutLine: {'line': b'copying resource/ffw_teleop -> /root/workspaces/ros2_ws/install/ffw_teleop/share/ament_index/resource_index/packages\n'}
[19.258797] (ffw_teleop) StdoutLine: {'line': b'copying package.xml -> /root/workspaces/ros2_ws/install/ffw_teleop/share/ffw_teleop\n'}
[19.309096] (ffw_teleop) StdoutLine: {'line': b'running install_egg_info\n'}
[19.337065] (-) TimerEvent: {}
[19.343403] (ffw_teleop) StdoutLine: {'line': b'Copying ../../../build/ffw_teleop/ffw_teleop.egg-info to /root/workspaces/ros2_ws/install/ffw_teleop/lib/python3.12/site-packages/ffw_teleop-1.2.0-py3.12.egg-info\n'}
[19.412837] (ffw_description) StdoutLine: {'line': b'-- Installing: /root/workspaces/ros2_ws/install/ffw_description/share/ffw_description/meshes/common/follower/base\n'}
[19.431641] (ffw_description) StdoutLine: {'line': b'-- Installing: /root/workspaces/ros2_ws/install/ffw_description/share/ffw_description/meshes/common/follower/base/base_mobile_assy.stl\n'}
[19.437142] (-) TimerEvent: {}
[19.461546] (ffw_navigation) StdoutLine: {'line': b'[ 50%] \x1b[32mBuilding CXX object CMakeFiles/is_path_length_under_plugin.dir/src/is_path_length_under.cpp.o\x1b[0m\n'}
[19.537250] (-) TimerEvent: {}
[19.599202] (ffw_teleop) StdoutLine: {'line': b'running install_scripts\n'}
[19.611545] (ffw_description) StdoutLine: {'line': b'-- Installing: /root/workspaces/ros2_ws/install/ffw_description/share/ffw_description/meshes/common/follower/arm_l_link2.stl\n'}
[19.637393] (-) TimerEvent: {}
[19.744050] (-) TimerEvent: {}
[19.825271] (ffw_description) StdoutLine: {'line': b'-- Installing: /root/workspaces/ros2_ws/install/ffw_description/share/ffw_description/meshes/common/follower/arm_l_link6.stl\n'}
[19.844148] (-) TimerEvent: {}
[19.944412] (-) TimerEvent: {}
[20.000260] (ffw_description) StdoutLine: {'line': b'-- Installing: /root/workspaces/ros2_ws/install/ffw_description/share/ffw_description/meshes/common/rh_p12_rn_a\n'}
[20.014765] (ffw_teleop) StdoutLine: {'line': b'Installing keyboard_control script to /root/workspaces/ros2_ws/install/ffw_teleop/lib/ffw_teleop\n'}
[20.017719] (ffw_description) StdoutLine: {'line': b'-- Installing: /root/workspaces/ros2_ws/install/ffw_description/share/ffw_description/meshes/common/rh_p12_rn_a/r1.stl\n'}
[20.035526] (ffw_teleop) StdoutLine: {'line': b'Installing mobile_teleop script to /root/workspaces/ros2_ws/install/ffw_teleop/lib/ffw_teleop\n'}
[20.044492] (-) TimerEvent: {}
[20.049189] (ffw_teleop) StdoutLine: {'line': b"writing list of installed files to '/root/workspaces/ros2_ws/build/ffw_teleop/install.log'\n"}
[20.107338] (ffw_description) StdoutLine: {'line': b'-- Installing: /root/workspaces/ros2_ws/install/ffw_description/share/ffw_description/meshes/common/rh_p12_rn_a/base.stl\n'}
[20.144702] (-) TimerEvent: {}
[20.194727] (ffw_description) StdoutLine: {'line': b'-- Installing: /root/workspaces/ros2_ws/install/ffw_description/share/ffw_description/meshes/common/rh_p12_rn_a/l1.stl\n'}
[20.199299] (ffw_teleop) CommandEnded: {'returncode': 0}
[20.241921] (ffw_description) StdoutLine: {'line': b'-- Installing: /root/workspaces/ros2_ws/install/ffw_description/share/ffw_description/meshes/common/rh_p12_rn_a/r2.stl\n'}
[20.245027] (-) TimerEvent: {}
[20.324342] (ffw_description) StdoutLine: {'line': b'-- Installing: /root/workspaces/ros2_ws/install/ffw_description/share/ffw_description/meshes/common/rh_p12_rn_a/l2.stl\n'}
[20.345251] (-) TimerEvent: {}
[20.402382] (ffw_description) StdoutLine: {'line': b'-- Installing: /root/workspaces/ros2_ws/install/ffw_description/share/ffw_description/rviz\n'}
[20.423137] (ffw_description) StdoutLine: {'line': b'-- Installing: /root/workspaces/ros2_ws/install/ffw_description/share/ffw_description/rviz/ffw_sh5.rviz\n'}
[20.445354] (-) TimerEvent: {}
[20.496603] (ffw_teleop) JobEnded: {'identifier': 'ffw_teleop', 'rc': 0}
[20.517045] (human_detector) JobStarted: {'identifier': 'human_detector'}
[20.517110] (ffw_description) StdoutLine: {'line': b'-- Installing: /root/workspaces/ros2_ws/install/ffw_description/share/ffw_description/rviz/ffw_sg2.rviz\n'}
[20.548262] (-) TimerEvent: {}
[20.597243] (ffw_description) StdoutLine: {'line': b'-- Installing: /root/workspaces/ros2_ws/install/ffw_description/share/ffw_description/urdf\n'}
[20.620165] (ffw_description) StdoutLine: {'line': b'-- Installing: /root/workspaces/ros2_ws/install/ffw_description/share/ffw_description/urdf/ffw_sh5_rev1_follower\n'}
[20.636575] (ffw_description) StdoutLine: {'line': b'-- Installing: /root/workspaces/ros2_ws/install/ffw_description/share/ffw_description/urdf/ffw_sh5_rev1_follower/ffw_sh5_follower.urdf.xacro\n'}
[20.648359] (-) TimerEvent: {}
[20.714568] (ffw_description) StdoutLine: {'line': b'-- Installing: /root/workspaces/ros2_ws/install/ffw_description/share/ffw_description/urdf/common\n'}
[20.731703] (ffw_description) StdoutLine: {'line': b'-- Installing: /root/workspaces/ros2_ws/install/ffw_description/share/ffw_description/urdf/common/hx5_d20\n'}
[20.748475] (-) TimerEvent: {}
[20.749165] (ffw_description) StdoutLine: {'line': b'-- Installing: /root/workspaces/ros2_ws/install/ffw_description/share/ffw_description/urdf/common/hx5_d20/hx5_d20_right.urdf\n'}
[20.832579] (ffw_description) StdoutLine: {'line': b'-- Installing: /root/workspaces/ros2_ws/install/ffw_description/share/ffw_description/urdf/common/hx5_d20/hx5_d20_left.urdf.xacro\n'}
[20.848572] (-) TimerEvent: {}
[20.917473] (ffw_description) StdoutLine: {'line': b'-- Installing: /root/workspaces/ros2_ws/install/ffw_description/share/ffw_description/urdf/common/hx5_d20/hx5_d20_right.urdf.xacro\n'}
[20.948673] (-) TimerEvent: {}
[21.011037] (ffw_description) StdoutLine: {'line': b'-- Installing: /root/workspaces/ros2_ws/install/ffw_description/share/ffw_description/urdf/common/hx5_d20/hx5_d20_left.urdf\n'}
[21.047199] (ffw_swerve_drive_controller) StdoutLine: {'line': b'-- Found generate_parameter_library: 0.7.3 (/opt/ros/jazzy/share/generate_parameter_library/cmake)\n'}
[21.048760] (-) TimerEvent: {}
[21.103987] (ffw_description) StdoutLine: {'line': b'-- Installing: /root/workspaces/ros2_ws/install/ffw_description/share/ffw_description/urdf/common/follower\n'}
[21.122097] (ffw_description) StdoutLine: {'line': b'-- Installing: /root/workspaces/ros2_ws/install/ffw_description/share/ffw_description/urdf/common/follower/ffw_follower_body.xacro\n'}
[21.148855] (-) TimerEvent: {}
[21.213072] (ffw_description) StdoutLine: {'line': b'-- Installing: /root/workspaces/ros2_ws/install/ffw_description/share/ffw_description/urdf/common/follower/zedm.urdf.xacro\n'}
[21.223274] (ffw_swerve_drive_controller) StdoutLine: {'line': b'-- Found parameter_traits: 0.7.3 (/opt/ros/jazzy/share/parameter_traits/cmake)\n'}
[21.248958] (-) TimerEvent: {}
[21.252905] (ffw_description) StdoutLine: {'line': b'-- Installing: /root/workspaces/ros2_ws/install/ffw_description/share/ffw_description/urdf/common/leader\n'}
[21.309551] (ffw_description) StdoutLine: {'line': b'-- Installing: /root/workspaces/ros2_ws/install/ffw_description/share/ffw_description/urdf/common/leader/ffw_leader_body.urdf.xacro\n'}
[21.348466] (ffw_description) StdoutLine: {'line': b'-- Installing: /root/workspaces/ros2_ws/install/ffw_description/share/ffw_description/urdf/common/rh_p12_rn_a\n'}
[21.349025] (-) TimerEvent: {}
[21.413234] (ffw_description) StdoutLine: {'line': b'-- Installing: /root/workspaces/ros2_ws/install/ffw_description/share/ffw_description/urdf/common/rh_p12_rn_a/rh_p12_rn_a.urdf.xacro\n'}
[21.444463] (ffw_description) StdoutLine: {'line': b'-- Installing: /root/workspaces/ros2_ws/install/ffw_description/share/ffw_description/gazebo\n'}
[21.450465] (-) TimerEvent: {}
[21.497890] (ffw_description) StdoutLine: {'line': b'-- Installing: /root/workspaces/ros2_ws/install/ffw_description/share/ffw_description/gazebo/ffw_sh5_rev1_follower\n'}
[21.513144] (ffw_description) StdoutLine: {'line': b'-- Installing: /root/workspaces/ros2_ws/install/ffw_description/share/ffw_description/gazebo/ffw_sh5_rev1_follower/ffw_sh5_follower.gazebo.xacro\n'}
[21.550795] (-) TimerEvent: {}
[21.594938] (ffw_description) StdoutLine: {'line': b'-- Installing: /root/workspaces/ros2_ws/install/ffw_description/share/ffw_description/ros2_control\n'}
[21.610162] (ffw_description) StdoutLine: {'line': b'-- Installing: /root/workspaces/ros2_ws/install/ffw_description/share/ffw_description/ros2_control/ffw_sh5_rev1_follower\n'}
[21.631992] (ffw_description) StdoutLine: {'line': b'-- Installing: /root/workspaces/ros2_ws/install/ffw_description/share/ffw_description/ros2_control/ffw_sh5_rev1_follower/ffw_sh5_follower.ros2_control.xacro\n'}
[21.650894] (-) TimerEvent: {}
[21.730419] (ffw_description) StdoutLine: {'line': b'-- Installing: /root/workspaces/ros2_ws/install/ffw_description/share/ffw_description/ros2_control/ffw_sh5_rev1_follower/ffw_sh5_sensor.ros2_control.xacro\n'}
[21.750993] (-) TimerEvent: {}
[21.807461] (ffw_description) StdoutLine: {'line': b'-- Installing: /root/workspaces/ros2_ws/install/ffw_description/share/ffw_description/ros2_control/ffw_sh5_rev1_follower/ffw_sh5_base.ros2_control.xacro\n'}
[21.851092] (-) TimerEvent: {}
[21.904041] (ffw_description) StdoutLine: {'line': b'-- Installing: /root/workspaces/ros2_ws/install/ffw_description/share/ament_index/resource_index/package_run_dependencies/ffw_description\n'}
[21.951709] (-) TimerEvent: {}
[21.995369] (ffw_description) StdoutLine: {'line': b'-- Installing: /root/workspaces/ros2_ws/install/ffw_description/share/ament_index/resource_index/parent_prefix_path/ffw_description\n'}
[22.001440] (ffw_swerve_drive_controller) StderrLine: {'line': b'\x1b[0mCMake Deprecation Warning at /opt/ros/jazzy/share/tl_expected/cmake/tl_expectedConfig.cmake:37 (message):\n'}
[22.003090] (ffw_swerve_drive_controller) StderrLine: {'line': b"  Package 'tl_expected' is deprecated (This package will be removed in ROS 2\n"}
[22.003158] (ffw_swerve_drive_controller) StderrLine: {'line': b'  Lyrical Luth.\n'}
[22.003212] (ffw_swerve_drive_controller) StderrLine: {'line': b'\n'}
[22.003260] (ffw_swerve_drive_controller) StderrLine: {'line': b'        Use tl/expected.hpp from libexpected-dev,\n'}
[22.003307] (ffw_swerve_drive_controller) StderrLine: {'line': b'        or rcpputils/tl_expected/expected.hpp if the system header is not available)\n'}
[22.003355] (ffw_swerve_drive_controller) StderrLine: {'line': b'Call Stack (most recent call first):\n'}
[22.003400] (ffw_swerve_drive_controller) StderrLine: {'line': b'  /opt/ros/jazzy/share/parameter_traits/cmake/ament_cmake_export_dependencies-extras.cmake:21 (find_package)\n'}
[22.003446] (ffw_swerve_drive_controller) StderrLine: {'line': b'  /opt/ros/jazzy/share/parameter_traits/cmake/parameter_traitsConfig.cmake:41 (include)\n'}
[22.003491] (ffw_swerve_drive_controller) StderrLine: {'line': b'  /opt/ros/jazzy/share/generate_parameter_library/cmake/generate_parameter_library-extras.cmake:30 (find_package)\n'}
[22.003536] (ffw_swerve_drive_controller) StderrLine: {'line': b'  /opt/ros/jazzy/share/generate_parameter_library/cmake/generate_parameter_libraryConfig.cmake:41 (include)\n'}
[22.003581] (ffw_swerve_drive_controller) StderrLine: {'line': b'  CMakeLists.txt:31 (find_package)\n'}
[22.003625] (ffw_swerve_drive_controller) StderrLine: {'line': b'\n'}
[22.003669] (ffw_swerve_drive_controller) StderrLine: {'line': b'\x1b[0m\n'}
[22.041645] (ffw_description) StdoutLine: {'line': b'-- Installing: /root/workspaces/ros2_ws/install/ffw_description/share/ffw_description/environment/ament_prefix_path.sh\n'}
[22.051797] (-) TimerEvent: {}
[22.125299] (ffw_description) StdoutLine: {'line': b'-- Installing: /root/workspaces/ros2_ws/install/ffw_description/share/ffw_description/environment/ament_prefix_path.dsv\n'}
[22.138076] (ffw_swerve_drive_controller) StdoutLine: {'line': b'-- Found nav_msgs: 5.3.8 (/opt/ros/jazzy/share/nav_msgs/cmake)\n'}
[22.151898] (-) TimerEvent: {}
[22.204274] (ffw_description) StdoutLine: {'line': b'-- Installing: /root/workspaces/ros2_ws/install/ffw_description/share/ffw_description/environment/path.sh\n'}
[22.239725] (ffw_description) StdoutLine: {'line': b'-- Installing: /root/workspaces/ros2_ws/install/ffw_description/share/ffw_description/environment/path.dsv\n'}
[22.294676] (-) TimerEvent: {}
[22.324679] (ffw_description) StdoutLine: {'line': b'-- Installing: /root/workspaces/ros2_ws/install/ffw_description/share/ffw_description/local_setup.bash\n'}
[22.394893] (-) TimerEvent: {}
[22.398351] (ffw_description) StdoutLine: {'line': b'-- Installing: /root/workspaces/ros2_ws/install/ffw_description/share/ffw_description/local_setup.sh\n'}
[22.430476] (ffw_swerve_drive_controller) StdoutLine: {'line': b'-- Found std_srvs: 5.3.8 (/opt/ros/jazzy/share/std_srvs/cmake)\n'}
[22.437475] (ffw_description) StdoutLine: {'line': b'-- Installing: /root/workspaces/ros2_ws/install/ffw_description/share/ffw_description/local_setup.zsh\n'}
[22.495490] (-) TimerEvent: {}
[22.519741] (ffw_description) StdoutLine: {'line': b'-- Installing: /root/workspaces/ros2_ws/install/ffw_description/share/ffw_description/local_setup.dsv\n'}
[22.595638] (ffw_description) StdoutLine: {'line': b'-- Installing: /root/workspaces/ros2_ws/install/ffw_description/share/ffw_description/package.dsv\n'}
[22.595834] (-) TimerEvent: {}
[22.617619] (ffw_swerve_drive_controller) StdoutLine: {'line': b'-- Found tf2: 0.36.21 (/opt/ros/jazzy/share/tf2/cmake)\n'}
[22.644161] (ffw_description) StdoutLine: {'line': b'-- Installing: /root/workspaces/ros2_ws/install/ffw_description/share/ament_index/resource_index/packages/ffw_description\n'}
[22.695949] (-) TimerEvent: {}
[22.727315] (ffw_description) StdoutLine: {'line': b'-- Installing: /root/workspaces/ros2_ws/install/ffw_description/share/ffw_description/cmake/ffw_descriptionConfig.cmake\n'}
[22.738676] (ffw_swerve_drive_controller) StdoutLine: {'line': b'-- Found tf2_geometry_msgs: 0.36.21 (/opt/ros/jazzy/share/tf2_geometry_msgs/cmake)\n'}
[22.796076] (-) TimerEvent: {}
[22.807483] (ffw_description) StdoutLine: {'line': b'-- Installing: /root/workspaces/ros2_ws/install/ffw_description/share/ffw_description/cmake/ffw_descriptionConfig-version.cmake\n'}
[22.841808] (ffw_description) StdoutLine: {'line': b'-- Installing: /root/workspaces/ros2_ws/install/ffw_description/share/ffw_description/package.xml\n'}
[22.896174] (-) TimerEvent: {}
[22.929549] (ffw_description) CommandEnded: {'returncode': 0}
[22.996255] (-) TimerEvent: {}
[23.096575] (-) TimerEvent: {}
[23.196854] (-) TimerEvent: {}
[23.212670] (ffw_swerve_drive_controller) StdoutLine: {'line': b'-- Found eigen3_cmake_module: 0.3.1 (/opt/ros/jazzy/share/eigen3_cmake_module/cmake)\n'}
[23.215880] (ffw_swerve_drive_controller) StdoutLine: {'line': b'-- Found Eigen3: TRUE (found version "3.4.0") \n'}
[23.216168] (ffw_swerve_drive_controller) StdoutLine: {'line': b'-- Ensuring Eigen3 include directory is part of orocos-kdl CMake target\n'}
[23.296943] (-) TimerEvent: {}
[23.397240] (-) TimerEvent: {}
[23.498084] (-) TimerEvent: {}
[23.500426] (ffw_description) JobEnded: {'identifier': 'ffw_description', 'rc': 0}
[23.520793] (library_world) JobStarted: {'identifier': 'library_world'}
[23.598183] (-) TimerEvent: {}
[23.601264] (library_world) JobProgress: {'identifier': 'library_world', 'progress': 'cmake'}
[23.648353] (library_world) Command: {'cmd': ['/usr/bin/cmake', '/root/workspaces/ros2_ws/src/ai-worker-sim/library_world', '-DCMAKE_INSTALL_PREFIX=/root/workspaces/ros2_ws/install/library_world'], 'cwd': '/root/workspaces/ros2_ws/build/library_world', 'env': OrderedDict({'LESSOPEN': '| /usr/bin/lesspipe %s', 'ACTIVE_WS_PATH': '/root/workspaces/ros2_ws', 'GZ_SIM_RESOURCE_PATH': '/opt/ros/jazzy/share', 'SUPERVISOR_GROUP_NAME': 'ttyd', 'GZ_CONFIG_PATH': '/opt/ros/jazzy/opt/gz_sim_vendor/share/gz:/opt/ros/jazzy/opt/sdformat_vendor/share/gz:/opt/ros/jazzy/opt/gz_gui_vendor/share/gz:/opt/ros/jazzy/opt/gz_transport_vendor/share/gz:/opt/ros/jazzy/opt/gz_rendering_vendor/share/gz:/opt/ros/jazzy/opt/gz_plugin_vendor/share/gz:/opt/ros/jazzy/opt/gz_fuel_tools_vendor/share/gz:/opt/ros/jazzy/opt/gz_msgs_vendor/share/gz:/opt/ros/jazzy/opt/gz_common_vendor/share/gz', 'HOSTNAME': 'ip-172-31-7-13.eu-central-1.compute.internal', 'SHLVL': '1', 'LD_LIBRARY_PATH': '/root/workspaces/ros2_ws/install/ffw_swerve_drive_controller/lib:/root/workspaces/ros2_ws/install/ffw_navigation/lib:/opt/ros/jazzy/opt/gz_sim_vendor/lib:/opt/ros/jazzy/opt/gz_sensors_vendor/lib:/opt/ros/jazzy/opt/gz_physics_vendor/lib:/opt/ros/jazzy/opt/sdformat_vendor/lib:/opt/ros/jazzy/opt/rviz_ogre_vendor/lib:/opt/ros/jazzy/lib/x86_64-linux-gnu:/opt/ros/jazzy/opt/gz_gui_vendor/lib:/opt/ros/jazzy/opt/gz_transport_vendor/lib:/opt/ros/jazzy/opt/gz_rendering_vendor/lib:/opt/ros/jazzy/opt/gz_plugin_vendor/lib:/opt/ros/jazzy/opt/gz_fuel_tools_vendor/lib:/opt/ros/jazzy/opt/gz_msgs_vendor/lib:/opt/ros/jazzy/opt/gz_common_vendor/lib:/opt/ros/jazzy/opt/gz_math_vendor/lib:/opt/ros/jazzy/opt/gz_utils_vendor/lib:/opt/ros/jazzy/opt/gz_tools_vendor/lib:/opt/ros/jazzy/opt/gz_ogre_next_vendor/lib:/opt/ros/jazzy/opt/gz_dartsim_vendor/lib:/opt/ros/jazzy/opt/gz_cmake_vendor/lib:/opt/ros/jazzy/lib', 'HOME': '/root', 'EFS_PATH': '/workspaces/113baa83-0a52-42aa-9f6b-d5b552759739', 'OLDPWD': '/root/workspaces', 'ROS_PYTHON_VERSION': '3', 'AWS_CONTAINER_CREDENTIALS_RELATIVE_URI': '/v2/credentials/48044743-5268-4c30-9320-0b4a8b853c8f', 'AWS_EXECUTION_ENV': 'AWS_ECS_FARGATE', 'COLCON_PREFIX_PATH': '/root/workspaces/ros2_ws/install:/root/workspaces/turtlebot_ws/install', 'ECS_AGENT_URI': 'http://169.254.170.2/api/4afcdff0aca74170b17e4081b528c4c3-1842134484', 'ROS_DISTRO': 'jazzy', 'AWS_DEFAULT_REGION': 'eu-central-1', '_': '/usr/bin/colcon', 'ROS_VERSION': '2', 'ECS_CONTAINER_METADATA_URI_V4': 'http://169.254.170.2/v4/4afcdff0aca74170b17e4081b528c4c3-1842134484', 'TERM': 'xterm-256color', 'ECS_CONTAINER_METADATA_URI': 'http://169.254.170.2/v3/4afcdff0aca74170b17e4081b528c4c3-1842134484', 'SESSION_UUID': '113baa83-0a52-42aa-9f6b-d5b552759739', 'PATH': '/opt/ros/jazzy/opt/gz_msgs_vendor/bin:/opt/ros/jazzy/opt/gz_tools_vendor/bin:/opt/ros/jazzy/opt/gz_ogre_next_vendor/bin:/opt/ros/jazzy/bin:/usr/local/sbin:/usr/local/bin:/usr/sbin:/usr/bin:/sbin:/bin', 'XDG_RUNTIME_DIR': '/tmp/runtime-root', 'DISPLAY': ':1', 'LANG': 'en_US.UTF-8', 'LS_COLORS': 'rs=0:di=01;34:ln=01;36:mh=00:pi=40;33:so=01;35:do=01;35:bd=40;33;01:cd=40;33;01:or=40;31;01:mi=00:su=37;41:sg=30;43:ca=00:tw=30;42:ow=34;42:st=37;44:ex=01;32:*.tar=01;31:*.tgz=01;31:*.arc=01;31:*.arj=01;31:*.taz=01;31:*.lha=01;31:*.lz4=01;31:*.lzh=01;31:*.lzma=01;31:*.tlz=01;31:*.txz=01;31:*.tzo=01;31:*.t7z=01;31:*.zip=01;31:*.z=01;31:*.dz=01;31:*.gz=01;31:*.lrz=01;31:*.lz=01;31:*.lzo=01;31:*.xz=01;31:*.zst=01;31:*.tzst=01;31:*.bz2=01;31:*.bz=01;31:*.tbz=01;31:*.tbz2=01;31:*.tz=01;31:*.deb=01;31:*.rpm=01;31:*.jar=01;31:*.war=01;31:*.ear=01;31:*.sar=01;31:*.rar=01;31:*.alz=01;31:*.ace=01;31:*.zoo=01;31:*.cpio=01;31:*.7z=01;31:*.rz=01;31:*.cab=01;31:*.wim=01;31:*.swm=01;31:*.dwm=01;31:*.esd=01;31:*.avif=01;35:*.jpg=01;35:*.jpeg=01;35:*.mjpg=01;35:*.mjpeg=01;35:*.gif=01;35:*.bmp=01;35:*.pbm=01;35:*.pgm=01;35:*.ppm=01;35:*.tga=01;35:*.xbm=01;35:*.xpm=01;35:*.tif=01;35:*.tiff=01;35:*.png=01;35:*.svg=01;35:*.svgz=01;35:*.mng=01;35:*.pcx=01;35:*.mov=01;35:*.mpg=01;35:*.mpeg=01;35:*.m2v=01;35:*.mkv=01;35:*.webm=01;35:*.webp=01;35:*.ogm=01;35:*.mp4=01;35:*.m4v=01;35:*.mp4v=01;35:*.vob=01;35:*.qt=01;35:*.nuv=01;35:*.wmv=01;35:*.asf=01;35:*.rm=01;35:*.rmvb=01;35:*.flc=01;35:*.avi=01;35:*.fli=01;35:*.flv=01;35:*.gl=01;35:*.dl=01;35:*.xcf=01;35:*.xwd=01;35:*.yuv=01;35:*.cgm=01;35:*.emf=01;35:*.ogv=01;35:*.ogx=01;35:*.aac=00;36:*.au=00;36:*.flac=00;36:*.m4a=00;36:*.mid=00;36:*.midi=00;36:*.mka=00;36:*.mp3=00;36:*.mpc=00;36:*.ogg=00;36:*.ra=00;36:*.wav=00;36:*.oga=00;36:*.opus=00;36:*.spx=00;36:*.xspf=00;36:*~=00;90:*#=00;90:*.bak=00;90:*.crdownload=00;90:*.dpkg-dist=00;90:*.dpkg-new=00;90:*.dpkg-old=00;90:*.dpkg-tmp=00;90:*.old=00;90:*.orig=00;90:*.part=00;90:*.rej=00;90:*.rpmnew=00;90:*.rpmorig=00;90:*.rpmsave=00;90:*.swp=00;90:*.tmp=00;90:*.ucf-dist=00;90:*.ucf-new=00;90:*.ucf-old=00;90:', 'SUPERVISOR_ENABLED': '1', 'ROS_DOMAIN_ID': '30', 'AMENT_PREFIX_PATH': '/root/workspaces/ros2_ws/install/warehouse_worlds:/root/workspaces/ros2_ws/install/library_world:/root/workspaces/ros2_ws/install/human_detector:/root/workspaces/ros2_ws/install/ffw_teleop:/root/workspaces/ros2_ws/install/ffw_swerve_drive_controller:/root/workspaces/ros2_ws/install/ffw_navigation:/root/workspaces/ros2_ws/install/ffw_moveit_config:/root/workspaces/ros2_ws/install/ffw_bringup:/root/workspaces/ros2_ws/install/ffw_description:/root/workspaces/turtlebot_ws/install/turtlebot3_simulations:/root/workspaces/turtlebot_ws/install/turtlebot3_gazebo:/root/workspaces/turtlebot_ws/install/turtlebot3_fake_node:/opt/ros/jazzy', 'DEBIAN_FRONTEND': 'noninteractive', 'ACTIVE_WS_NAME': 'ros2_ws', 'AWS_REGION': 'eu-central-1', 'LESSCLOSE': '/usr/bin/lesspipe %s %s', 'SUPERVISOR_SERVER_URL': 'unix:///var/run/supervisor.sock', 'ROS_AUTOMATIC_DISCOVERY_RANGE': 'SUBNET', 'SUPERVISOR_PROCESS_NAME': 'ttyd', 'PWD': '/root/workspaces/ros2_ws/build/library_world', 'TURTLEBOT3_MODEL': 'burger', 'LC_ALL': 'en_US.UTF-8', 'PYTHONPATH': '/root/workspaces/ros2_ws/install/human_detector/lib/python3.12/site-packages:/root/workspaces/ros2_ws/install/ffw_teleop/lib/python3.12/site-packages:/root/workspaces/ros2_ws/install/ffw_bringup/lib/python3.12/site-packages:/opt/ros/jazzy/lib/python3.12/site-packages', 'COLCON': '1', 'CMAKE_PREFIX_PATH': '/root/workspaces/ros2_ws/install/warehouse_worlds:/root/workspaces/ros2_ws/install/library_world:/root/workspaces/ros2_ws/install/ffw_swerve_drive_controller:/root/workspaces/ros2_ws/install/ffw_navigation:/root/workspaces/ros2_ws/install/ffw_moveit_config:/root/workspaces/ros2_ws/install/ffw_description:/root/workspaces/turtlebot_ws/install/turtlebot3_simulations:/root/workspaces/turtlebot_ws/install/turtlebot3_gazebo:/root/workspaces/turtlebot_ws/install/turtlebot3_fake_node:/opt/ros/jazzy/opt/gz_sim_vendor:/opt/ros/jazzy/opt/gz_sensors_vendor:/opt/ros/jazzy/opt/gz_physics_vendor:/opt/ros/jazzy/opt/sdformat_vendor:/opt/ros/jazzy/opt/gz_gui_vendor:/opt/ros/jazzy/opt/gz_transport_vendor:/opt/ros/jazzy/opt/gz_rendering_vendor:/opt/ros/jazzy/opt/gz_plugin_vendor:/opt/ros/jazzy/opt/gz_fuel_tools_vendor:/opt/ros/jazzy/opt/gz_msgs_vendor:/opt/ros/jazzy/opt/gz_common_vendor:/opt/ros/jazzy/opt/gz_math_vendor:/opt/ros/jazzy/opt/gz_utils_vendor:/opt/ros/jazzy/opt/gz_tools_vendor:/opt/ros/jazzy/opt/gz_ogre_next_vendor:/opt/ros/jazzy/opt/gz_dartsim_vendor:/opt/ros/jazzy/opt/gz_cmake_vendor:/root/workspaces/ros2_ws/install/human_detector:/root/workspaces/ros2_ws/install/ffw_teleop:/root/workspaces/ros2_ws/install/ffw_bringup:/opt/ros/jazzy'}), 'shell': False}
[23.713770] (-) TimerEvent: {}
[23.714163] (human_detector) Command: {'cmd': ['/usr/bin/python3', '-W', 'ignore:setup.py install is deprecated', '-W', 'ignore:easy_install command is deprecated', 'setup.py', 'egg_info', '--egg-base', '../../../build/human_detector', 'build', '--build-base', '/root/workspaces/ros2_ws/build/human_detector/build', 'install', '--record', '/root/workspaces/ros2_ws/build/human_detector/install.log', '--install-scripts', '$base/lib/human_detector', '--single-version-externally-managed', 'install_data'], 'cwd': '/root/workspaces/ros2_ws/src/ai-worker-sim/human_detector', 'env': {'LESSOPEN': '| /usr/bin/lesspipe %s', 'ACTIVE_WS_PATH': '/root/workspaces/ros2_ws', 'GZ_SIM_RESOURCE_PATH': '/opt/ros/jazzy/share', 'SUPERVISOR_GROUP_NAME': 'ttyd', 'GZ_CONFIG_PATH': '/opt/ros/jazzy/opt/gz_sim_vendor/share/gz:/opt/ros/jazzy/opt/sdformat_vendor/share/gz:/opt/ros/jazzy/opt/gz_gui_vendor/share/gz:/opt/ros/jazzy/opt/gz_transport_vendor/share/gz:/opt/ros/jazzy/opt/gz_rendering_vendor/share/gz:/opt/ros/jazzy/opt/gz_plugin_vendor/share/gz:/opt/ros/jazzy/opt/gz_fuel_tools_vendor/share/gz:/opt/ros/jazzy/opt/gz_msgs_vendor/share/gz:/opt/ros/jazzy/opt/gz_common_vendor/share/gz', 'HOSTNAME': 'ip-172-31-7-13.eu-central-1.compute.internal', 'SHLVL': '1', 'LD_LIBRARY_PATH': '/root/workspaces/ros2_ws/install/ffw_swerve_drive_controller/lib:/root/workspaces/ros2_ws/install/ffw_navigation/lib:/opt/ros/jazzy/opt/gz_sim_vendor/lib:/opt/ros/jazzy/opt/gz_sensors_vendor/lib:/opt/ros/jazzy/opt/gz_physics_vendor/lib:/opt/ros/jazzy/opt/sdformat_vendor/lib:/opt/ros/jazzy/opt/rviz_ogre_vendor/lib:/opt/ros/jazzy/lib/x86_64-linux-gnu:/opt/ros/jazzy/opt/gz_gui_vendor/lib:/opt/ros/jazzy/opt/gz_transport_vendor/lib:/opt/ros/jazzy/opt/gz_rendering_vendor/lib:/opt/ros/jazzy/opt/gz_plugin_vendor/lib:/opt/ros/jazzy/opt/gz_fuel_tools_vendor/lib:/opt/ros/jazzy/opt/gz_msgs_vendor/lib:/opt/ros/jazzy/opt/gz_common_vendor/lib:/opt/ros/jazzy/opt/gz_math_vendor/lib:/opt/ros/jazzy/opt/gz_utils_vendor/lib:/opt/ros/jazzy/opt/gz_tools_vendor/lib:/opt/ros/jazzy/opt/gz_ogre_next_vendor/lib:/opt/ros/jazzy/opt/gz_dartsim_vendor/lib:/opt/ros/jazzy/opt/gz_cmake_vendor/lib:/opt/ros/jazzy/lib', 'HOME': '/root', 'EFS_PATH': '/workspaces/113baa83-0a52-42aa-9f6b-d5b552759739', 'OLDPWD': '/root/workspaces', 'ROS_PYTHON_VERSION': '3', 'AWS_CONTAINER_CREDENTIALS_RELATIVE_URI': '/v2/credentials/48044743-5268-4c30-9320-0b4a8b853c8f', 'AWS_EXECUTION_ENV': 'AWS_ECS_FARGATE', 'COLCON_PREFIX_PATH': '/root/workspaces/ros2_ws/install:/root/workspaces/turtlebot_ws/install', 'ECS_AGENT_URI': 'http://169.254.170.2/api/4afcdff0aca74170b17e4081b528c4c3-1842134484', 'ROS_DISTRO': 'jazzy', 'AWS_DEFAULT_REGION': 'eu-central-1', '_': '/usr/bin/colcon', 'ROS_VERSION': '2', 'ECS_CONTAINER_METADATA_URI_V4': 'http://169.254.170.2/v4/4afcdff0aca74170b17e4081b528c4c3-1842134484', 'TERM': 'xterm-256color', 'ECS_CONTAINER_METADATA_URI': 'http://169.254.170.2/v3/4afcdff0aca74170b17e4081b528c4c3-1842134484', 'SESSION_UUID': '113baa83-0a52-42aa-9f6b-d5b552759739', 'PATH': '/opt/ros/jazzy/opt/gz_msgs_vendor/bin:/opt/ros/jazzy/opt/gz_tools_vendor/bin:/opt/ros/jazzy/opt/gz_ogre_next_vendor/bin:/opt/ros/jazzy/bin:/usr/local/sbin:/usr/local/bin:/usr/sbin:/usr/bin:/sbin:/bin', 'XDG_RUNTIME_DIR': '/tmp/runtime-root', 'DISPLAY': ':1', 'LANG': 'en_US.UTF-8', 'LS_COLORS': 'rs=0:di=01;34:ln=01;36:mh=00:pi=40;33:so=01;35:do=01;35:bd=40;33;01:cd=40;33;01:or=40;31;01:mi=00:su=37;41:sg=30;43:ca=00:tw=30;42:ow=34;42:st=37;44:ex=01;32:*.tar=01;31:*.tgz=01;31:*.arc=01;31:*.arj=01;31:*.taz=01;31:*.lha=01;31:*.lz4=01;31:*.lzh=01;31:*.lzma=01;31:*.tlz=01;31:*.txz=01;31:*.tzo=01;31:*.t7z=01;31:*.zip=01;31:*.z=01;31:*.dz=01;31:*.gz=01;31:*.lrz=01;31:*.lz=01;31:*.lzo=01;31:*.xz=01;31:*.zst=01;31:*.tzst=01;31:*.bz2=01;31:*.bz=01;31:*.tbz=01;31:*.tbz2=01;31:*.tz=01;31:*.deb=01;31:*.rpm=01;31:*.jar=01;31:*.war=01;31:*.ear=01;31:*.sar=01;31:*.rar=01;31:*.alz=01;31:*.ace=01;31:*.zoo=01;31:*.cpio=01;31:*.7z=01;31:*.rz=01;31:*.cab=01;31:*.wim=01;31:*.swm=01;31:*.dwm=01;31:*.esd=01;31:*.avif=01;35:*.jpg=01;35:*.jpeg=01;35:*.mjpg=01;35:*.mjpeg=01;35:*.gif=01;35:*.bmp=01;35:*.pbm=01;35:*.pgm=01;35:*.ppm=01;35:*.tga=01;35:*.xbm=01;35:*.xpm=01;35:*.tif=01;35:*.tiff=01;35:*.png=01;35:*.svg=01;35:*.svgz=01;35:*.mng=01;35:*.pcx=01;35:*.mov=01;35:*.mpg=01;35:*.mpeg=01;35:*.m2v=01;35:*.mkv=01;35:*.webm=01;35:*.webp=01;35:*.ogm=01;35:*.mp4=01;35:*.m4v=01;35:*.mp4v=01;35:*.vob=01;35:*.qt=01;35:*.nuv=01;35:*.wmv=01;35:*.asf=01;35:*.rm=01;35:*.rmvb=01;35:*.flc=01;35:*.avi=01;35:*.fli=01;35:*.flv=01;35:*.gl=01;35:*.dl=01;35:*.xcf=01;35:*.xwd=01;35:*.yuv=01;35:*.cgm=01;35:*.emf=01;35:*.ogv=01;35:*.ogx=01;35:*.aac=00;36:*.au=00;36:*.flac=00;36:*.m4a=00;36:*.mid=00;36:*.midi=00;36:*.mka=00;36:*.mp3=00;36:*.mpc=00;36:*.ogg=00;36:*.ra=00;36:*.wav=00;36:*.oga=00;36:*.opus=00;36:*.spx=00;36:*.xspf=00;36:*~=00;90:*#=00;90:*.bak=00;90:*.crdownload=00;90:*.dpkg-dist=00;90:*.dpkg-new=00;90:*.dpkg-old=00;90:*.dpkg-tmp=00;90:*.old=00;90:*.orig=00;90:*.part=00;90:*.rej=00;90:*.rpmnew=00;90:*.rpmorig=00;90:*.rpmsave=00;90:*.swp=00;90:*.tmp=00;90:*.ucf-dist=00;90:*.ucf-new=00;90:*.ucf-old=00;90:', 'SUPERVISOR_ENABLED': '1', 'ROS_DOMAIN_ID': '30', 'AMENT_PREFIX_PATH': '/root/workspaces/ros2_ws/install/warehouse_worlds:/root/workspaces/ros2_ws/install/library_world:/root/workspaces/ros2_ws/install/human_detector:/root/workspaces/ros2_ws/install/ffw_teleop:/root/workspaces/ros2_ws/install/ffw_swerve_drive_controller:/root/workspaces/ros2_ws/install/ffw_navigation:/root/workspaces/ros2_ws/install/ffw_moveit_config:/root/workspaces/ros2_ws/install/ffw_bringup:/root/workspaces/ros2_ws/install/ffw_description:/root/workspaces/turtlebot_ws/install/turtlebot3_simulations:/root/workspaces/turtlebot_ws/install/turtlebot3_gazebo:/root/workspaces/turtlebot_ws/install/turtlebot3_fake_node:/opt/ros/jazzy', 'DEBIAN_FRONTEND': 'noninteractive', 'ACTIVE_WS_NAME': 'ros2_ws', 'AWS_REGION': 'eu-central-1', 'LESSCLOSE': '/usr/bin/lesspipe %s %s', 'SUPERVISOR_SERVER_URL': 'unix:///var/run/supervisor.sock', 'ROS_AUTOMATIC_DISCOVERY_RANGE': 'SUBNET', 'SUPERVISOR_PROCESS_NAME': 'ttyd', 'PWD': '/root/workspaces/ros2_ws/build/human_detector', 'TURTLEBOT3_MODEL': 'burger', 'LC_ALL': 'en_US.UTF-8', 'PYTHONPATH': '/root/workspaces/ros2_ws/build/human_detector/prefix_override:/usr/lib/python3/dist-packages/colcon_core/task/python/colcon_distutils_commands:/root/workspaces/ros2_ws/install/human_detector/lib/python3.12/site-packages:/root/workspaces/ros2_ws/install/human_detector/lib/python3.12/site-packages:/root/workspaces/ros2_ws/install/ffw_teleop/lib/python3.12/site-packages:/root/workspaces/ros2_ws/install/ffw_bringup/lib/python3.12/site-packages:/opt/ros/jazzy/lib/python3.12/site-packages', 'COLCON': '1', 'CMAKE_PREFIX_PATH': '/root/workspaces/ros2_ws/install/warehouse_worlds:/root/workspaces/ros2_ws/install/library_world:/root/workspaces/ros2_ws/install/ffw_swerve_drive_controller:/root/workspaces/ros2_ws/install/ffw_navigation:/root/workspaces/ros2_ws/install/ffw_moveit_config:/root/workspaces/ros2_ws/install/ffw_description:/root/workspaces/turtlebot_ws/install/turtlebot3_simulations:/root/workspaces/turtlebot_ws/install/turtlebot3_gazebo:/root/workspaces/turtlebot_ws/install/turtlebot3_fake_node:/opt/ros/jazzy/opt/gz_sim_vendor:/opt/ros/jazzy/opt/gz_sensors_vendor:/opt/ros/jazzy/opt/gz_physics_vendor:/opt/ros/jazzy/opt/sdformat_vendor:/opt/ros/jazzy/opt/gz_gui_vendor:/opt/ros/jazzy/opt/gz_transport_vendor:/opt/ros/jazzy/opt/gz_rendering_vendor:/opt/ros/jazzy/opt/gz_plugin_vendor:/opt/ros/jazzy/opt/gz_fuel_tools_vendor:/opt/ros/jazzy/opt/gz_msgs_vendor:/opt/ros/jazzy/opt/gz_common_vendor:/opt/ros/jazzy/opt/gz_math_vendor:/opt/ros/jazzy/opt/gz_utils_vendor:/opt/ros/jazzy/opt/gz_tools_vendor:/opt/ros/jazzy/opt/gz_ogre_next_vendor:/opt/ros/jazzy/opt/gz_dartsim_vendor:/opt/ros/jazzy/opt/gz_cmake_vendor'}, 'shell': False}
[23.813888] (-) TimerEvent: {}
[23.914196] (-) TimerEvent: {}
[24.014483] (-) TimerEvent: {}
[24.114916] (-) TimerEvent: {}
[24.215202] (-) TimerEvent: {}
[24.315475] (-) TimerEvent: {}
[24.351808] (library_world) StdoutLine: {'line': b'-- The C compiler identification is GNU 13.3.0\n'}
[24.415651] (-) TimerEvent: {}
[24.494838] (ffw_swerve_drive_controller) StdoutLine: {'line': b'-- Found visualization_msgs: 5.3.8 (/opt/ros/jazzy/share/visualization_msgs/cmake)\n'}
[24.515742] (-) TimerEvent: {}
[24.516112] (human_detector) StdoutLine: {'line': b'running egg_info\n'}
[24.523404] (human_detector) StdoutLine: {'line': b'creating ../../../build/human_detector/human_detector.egg-info\n'}
[24.595250] (human_detector) StdoutLine: {'line': b'writing ../../../build/human_detector/human_detector.egg-info/PKG-INFO\n'}
[24.614644] (human_detector) StdoutLine: {'line': b'writing dependency_links to ../../../build/human_detector/human_detector.egg-info/dependency_links.txt\n'}
[24.615821] (-) TimerEvent: {}
[24.626034] (human_detector) StdoutLine: {'line': b'writing entry points to ../../../build/human_detector/human_detector.egg-info/entry_points.txt\n'}
[24.636076] (human_detector) StdoutLine: {'line': b'writing requirements to ../../../build/human_detector/human_detector.egg-info/requires.txt\n'}
[24.652828] (human_detector) StdoutLine: {'line': b'writing top-level names to ../../../build/human_detector/human_detector.egg-info/top_level.txt\n'}
[24.707070] (human_detector) StdoutLine: {'line': b"writing manifest file '../../../build/human_detector/human_detector.egg-info/SOURCES.txt'\n"}
[24.726319] (-) TimerEvent: {}
[24.738295] (ffw_swerve_drive_controller) StdoutLine: {'line': b'-- Found ament_lint_auto: 0.17.5 (/opt/ros/jazzy/share/ament_lint_auto/cmake)\n'}
[24.800767] (library_world) StdoutLine: {'line': b'-- The CXX compiler identification is GNU 13.3.0\n'}
[24.812084] (human_detector) StdoutLine: {'line': b"reading manifest file '../../../build/human_detector/human_detector.egg-info/SOURCES.txt'\n"}
[24.826392] (-) TimerEvent: {}
[24.827764] (human_detector) StdoutLine: {'line': b"writing manifest file '../../../build/human_detector/human_detector.egg-info/SOURCES.txt'\n"}
[24.833934] (human_detector) StdoutLine: {'line': b'running build\n'}
[24.833988] (human_detector) StdoutLine: {'line': b'running build_py\n'}
[24.835582] (human_detector) StdoutLine: {'line': b'creating /root/workspaces/ros2_ws/build/human_detector/build\n'}
[24.849637] (human_detector) StdoutLine: {'line': b'creating /root/workspaces/ros2_ws/build/human_detector/build/lib\n'}
[24.853472] (human_detector) StdoutLine: {'line': b'creating /root/workspaces/ros2_ws/build/human_detector/build/lib/human_detector\n'}
[24.895049] (human_detector) StdoutLine: {'line': b'copying human_detector/person_detector_node.py -> /root/workspaces/ros2_ws/build/human_detector/build/lib/human_detector\n'}
[24.920388] (human_detector) StdoutLine: {'line': b'copying human_detector/wave_interact.py -> /root/workspaces/ros2_ws/build/human_detector/build/lib/human_detector\n'}
[24.926474] (-) TimerEvent: {}
[24.948077] (human_detector) StdoutLine: {'line': b'copying human_detector/__init__.py -> /root/workspaces/ros2_ws/build/human_detector/build/lib/human_detector\n'}
[25.000271] (human_detector) StdoutLine: {'line': b'running install\n'}
[25.009122] (library_world) StdoutLine: {'line': b'-- Detecting C compiler ABI info\n'}
[25.026560] (-) TimerEvent: {}
[25.035793] (human_detector) StdoutLine: {'line': b'running install_lib\n'}
[25.126675] (-) TimerEvent: {}
[25.128523] (human_detector) StdoutLine: {'line': b'creating /root/workspaces/ros2_ws/install/human_detector/lib/python3.12/site-packages/human_detector\n'}
[25.136340] (human_detector) StdoutLine: {'line': b'copying /root/workspaces/ros2_ws/build/human_detector/build/lib/human_detector/person_detector_node.py -> /root/workspaces/ros2_ws/install/human_detector/lib/python3.12/site-packages/human_detector\n'}
[25.200117] (human_detector) StdoutLine: {'line': b'copying /root/workspaces/ros2_ws/build/human_detector/build/lib/human_detector/wave_interact.py -> /root/workspaces/ros2_ws/install/human_detector/lib/python3.12/site-packages/human_detector\n'}
[25.222217] (human_detector) StdoutLine: {'line': b'copying /root/workspaces/ros2_ws/build/human_detector/build/lib/human_detector/__init__.py -> /root/workspaces/ros2_ws/install/human_detector/lib/python3.12/site-packages/human_detector\n'}
[25.234475] (-) TimerEvent: {}
[25.242591] (human_detector) StdoutLine: {'line': b'byte-compiling /root/workspaces/ros2_ws/install/human_detector/lib/python3.12/site-packages/human_detector/person_detector_node.py to person_detector_node.cpython-312.pyc\n'}
[25.325627] (human_detector) StdoutLine: {'line': b'byte-compiling /root/workspaces/ros2_ws/install/human_detector/lib/python3.12/site-packages/human_detector/wave_interact.py to wave_interact.cpython-312.pyc\n'}
[25.334578] (-) TimerEvent: {}
[25.396917] (human_detector) StdoutLine: {'line': b'byte-compiling /root/workspaces/ros2_ws/install/human_detector/lib/python3.12/site-packages/human_detector/__init__.py to __init__.cpython-312.pyc\n'}
[25.411839] (human_detector) StdoutLine: {'line': b'running install_data\n'}
[25.418330] (human_detector) StdoutLine: {'line': b'creating /root/workspaces/ros2_ws/install/human_detector/share/ament_index\n'}
[25.433541] (human_detector) StdoutLine: {'line': b'creating /root/workspaces/ros2_ws/install/human_detector/share/ament_index/resource_index\n'}
[25.433627] (human_detector) StdoutLine: {'line': b'creating /root/workspaces/ros2_ws/install/human_detector/share/ament_index/resource_index/packages\n'}
[25.433684] (human_detector) StdoutLine: {'line': b'copying resource/human_detector -> /root/workspaces/ros2_ws/install/human_detector/share/ament_index/resource_index/packages\n'}
[25.434657] (-) TimerEvent: {}
[25.443968] (human_detector) StdoutLine: {'line': b'copying package.xml -> /root/workspaces/ros2_ws/install/human_detector/share/human_detector\n'}
[25.500733] (human_detector) StdoutLine: {'line': b'creating /root/workspaces/ros2_ws/install/human_detector/share/human_detector/models\n'}
[25.506298] (human_detector) StdoutLine: {'line': b'copying models/yolov4-tiny.cfg -> /root/workspaces/ros2_ws/install/human_detector/share/human_detector/models\n'}
[25.528347] (human_detector) StdoutLine: {'line': b'copying models/coco.names -> /root/workspaces/ros2_ws/install/human_detector/share/human_detector/models\n'}
[25.545099] (-) TimerEvent: {}
[25.553438] (human_detector) StdoutLine: {'line': b'copying models/yolov4-tiny.weights -> /root/workspaces/ros2_ws/install/human_detector/share/human_detector/models\n'}
[25.645450] (-) TimerEvent: {}
[25.746108] (-) TimerEvent: {}
[25.846834] (-) TimerEvent: {}
[25.947142] (-) TimerEvent: {}
[26.047424] (-) TimerEvent: {}
[26.107941] (human_detector) StdoutLine: {'line': b'creating /root/workspaces/ros2_ws/install/human_detector/share/human_detector/launch\n'}
[26.113285] (human_detector) StdoutLine: {'line': b'copying launch/human_detector.launch.py -> /root/workspaces/ros2_ws/install/human_detector/share/human_detector/launch\n'}
[26.130244] (human_detector) StdoutLine: {'line': b'creating /root/workspaces/ros2_ws/install/human_detector/share/human_detector/config\n'}
[26.146646] (human_detector) StdoutLine: {'line': b'running install_egg_info\n'}
[26.154374] (-) TimerEvent: {}
[26.203943] (human_detector) StdoutLine: {'line': b'Copying ../../../build/human_detector/human_detector.egg-info to /root/workspaces/ros2_ws/install/human_detector/lib/python3.12/site-packages/human_detector-0.0.0-py3.12.egg-info\n'}
[26.254484] (-) TimerEvent: {}
[26.355385] (-) TimerEvent: {}
[26.441674] (human_detector) StdoutLine: {'line': b'running install_scripts\n'}
[26.494694] (-) TimerEvent: {}
[26.594982] (-) TimerEvent: {}
[26.695378] (-) TimerEvent: {}
[26.702480] (library_world) StdoutLine: {'line': b'-- Detecting C compiler ABI info - done\n'}
[26.715193] (library_world) StdoutLine: {'line': b'-- Check for working C compiler: /usr/bin/cc - skipped\n'}
[26.721408] (library_world) StdoutLine: {'line': b'-- Detecting C compile features\n'}
[26.721536] (library_world) StdoutLine: {'line': b'-- Detecting C compile features - done\n'}
[26.795521] (-) TimerEvent: {}
[26.895802] (-) TimerEvent: {}
[26.920467] (library_world) StdoutLine: {'line': b'-- Detecting CXX compiler ABI info\n'}
[26.995902] (-) TimerEvent: {}
[27.095037] (human_detector) StdoutLine: {'line': b'Installing person_detector_node script to /root/workspaces/ros2_ws/install/human_detector/lib/human_detector\n'}
[27.095975] (-) TimerEvent: {}
[27.115516] (human_detector) StdoutLine: {'line': b'Installing wave_interact script to /root/workspaces/ros2_ws/install/human_detector/lib/human_detector\n'}
[27.131537] (human_detector) StdoutLine: {'line': b"writing list of installed files to '/root/workspaces/ros2_ws/build/human_detector/install.log'\n"}
[27.196337] (-) TimerEvent: {}
[27.208154] (human_detector) CommandEnded: {'returncode': 0}
[27.296430] (-) TimerEvent: {}
[27.396934] (-) TimerEvent: {}
[27.497149] (-) TimerEvent: {}
[27.532496] (human_detector) JobEnded: {'identifier': 'human_detector', 'rc': 0}
[27.546660] (warehouse_worlds) JobStarted: {'identifier': 'warehouse_worlds'}
[27.597354] (-) TimerEvent: {}
[27.703653] (-) TimerEvent: {}
[27.718859] (warehouse_worlds) JobProgress: {'identifier': 'warehouse_worlds', 'progress': 'cmake'}
[27.802265] (warehouse_worlds) Command: {'cmd': ['/usr/bin/cmake', '/root/workspaces/ros2_ws/src/Gazebo_worlds/warehouse_worlds', '-DCMAKE_INSTALL_PREFIX=/root/workspaces/ros2_ws/install/warehouse_worlds'], 'cwd': '/root/workspaces/ros2_ws/build/warehouse_worlds', 'env': OrderedDict({'LESSOPEN': '| /usr/bin/lesspipe %s', 'ACTIVE_WS_PATH': '/root/workspaces/ros2_ws', 'GZ_SIM_RESOURCE_PATH': '/opt/ros/jazzy/share', 'SUPERVISOR_GROUP_NAME': 'ttyd', 'GZ_CONFIG_PATH': '/opt/ros/jazzy/opt/gz_sim_vendor/share/gz:/opt/ros/jazzy/opt/sdformat_vendor/share/gz:/opt/ros/jazzy/opt/gz_gui_vendor/share/gz:/opt/ros/jazzy/opt/gz_transport_vendor/share/gz:/opt/ros/jazzy/opt/gz_rendering_vendor/share/gz:/opt/ros/jazzy/opt/gz_plugin_vendor/share/gz:/opt/ros/jazzy/opt/gz_fuel_tools_vendor/share/gz:/opt/ros/jazzy/opt/gz_msgs_vendor/share/gz:/opt/ros/jazzy/opt/gz_common_vendor/share/gz', 'HOSTNAME': 'ip-172-31-7-13.eu-central-1.compute.internal', 'SHLVL': '1', 'LD_LIBRARY_PATH': '/root/workspaces/ros2_ws/install/ffw_swerve_drive_controller/lib:/root/workspaces/ros2_ws/install/ffw_navigation/lib:/opt/ros/jazzy/opt/gz_sim_vendor/lib:/opt/ros/jazzy/opt/gz_sensors_vendor/lib:/opt/ros/jazzy/opt/gz_physics_vendor/lib:/opt/ros/jazzy/opt/sdformat_vendor/lib:/opt/ros/jazzy/opt/rviz_ogre_vendor/lib:/opt/ros/jazzy/lib/x86_64-linux-gnu:/opt/ros/jazzy/opt/gz_gui_vendor/lib:/opt/ros/jazzy/opt/gz_transport_vendor/lib:/opt/ros/jazzy/opt/gz_rendering_vendor/lib:/opt/ros/jazzy/opt/gz_plugin_vendor/lib:/opt/ros/jazzy/opt/gz_fuel_tools_vendor/lib:/opt/ros/jazzy/opt/gz_msgs_vendor/lib:/opt/ros/jazzy/opt/gz_common_vendor/lib:/opt/ros/jazzy/opt/gz_math_vendor/lib:/opt/ros/jazzy/opt/gz_utils_vendor/lib:/opt/ros/jazzy/opt/gz_tools_vendor/lib:/opt/ros/jazzy/opt/gz_ogre_next_vendor/lib:/opt/ros/jazzy/opt/gz_dartsim_vendor/lib:/opt/ros/jazzy/opt/gz_cmake_vendor/lib:/opt/ros/jazzy/lib', 'HOME': '/root', 'EFS_PATH': '/workspaces/113baa83-0a52-42aa-9f6b-d5b552759739', 'OLDPWD': '/root/workspaces', 'ROS_PYTHON_VERSION': '3', 'AWS_CONTAINER_CREDENTIALS_RELATIVE_URI': '/v2/credentials/48044743-5268-4c30-9320-0b4a8b853c8f', 'AWS_EXECUTION_ENV': 'AWS_ECS_FARGATE', 'COLCON_PREFIX_PATH': '/root/workspaces/ros2_ws/install:/root/workspaces/turtlebot_ws/install', 'ECS_AGENT_URI': 'http://169.254.170.2/api/4afcdff0aca74170b17e4081b528c4c3-1842134484', 'ROS_DISTRO': 'jazzy', 'AWS_DEFAULT_REGION': 'eu-central-1', '_': '/usr/bin/colcon', 'ROS_VERSION': '2', 'ECS_CONTAINER_METADATA_URI_V4': 'http://169.254.170.2/v4/4afcdff0aca74170b17e4081b528c4c3-1842134484', 'TERM': 'xterm-256color', 'ECS_CONTAINER_METADATA_URI': 'http://169.254.170.2/v3/4afcdff0aca74170b17e4081b528c4c3-1842134484', 'SESSION_UUID': '113baa83-0a52-42aa-9f6b-d5b552759739', 'PATH': '/opt/ros/jazzy/opt/gz_msgs_vendor/bin:/opt/ros/jazzy/opt/gz_tools_vendor/bin:/opt/ros/jazzy/opt/gz_ogre_next_vendor/bin:/opt/ros/jazzy/bin:/usr/local/sbin:/usr/local/bin:/usr/sbin:/usr/bin:/sbin:/bin', 'XDG_RUNTIME_DIR': '/tmp/runtime-root', 'DISPLAY': ':1', 'LANG': 'en_US.UTF-8', 'LS_COLORS': 'rs=0:di=01;34:ln=01;36:mh=00:pi=40;33:so=01;35:do=01;35:bd=40;33;01:cd=40;33;01:or=40;31;01:mi=00:su=37;41:sg=30;43:ca=00:tw=30;42:ow=34;42:st=37;44:ex=01;32:*.tar=01;31:*.tgz=01;31:*.arc=01;31:*.arj=01;31:*.taz=01;31:*.lha=01;31:*.lz4=01;31:*.lzh=01;31:*.lzma=01;31:*.tlz=01;31:*.txz=01;31:*.tzo=01;31:*.t7z=01;31:*.zip=01;31:*.z=01;31:*.dz=01;31:*.gz=01;31:*.lrz=01;31:*.lz=01;31:*.lzo=01;31:*.xz=01;31:*.zst=01;31:*.tzst=01;31:*.bz2=01;31:*.bz=01;31:*.tbz=01;31:*.tbz2=01;31:*.tz=01;31:*.deb=01;31:*.rpm=01;31:*.jar=01;31:*.war=01;31:*.ear=01;31:*.sar=01;31:*.rar=01;31:*.alz=01;31:*.ace=01;31:*.zoo=01;31:*.cpio=01;31:*.7z=01;31:*.rz=01;31:*.cab=01;31:*.wim=01;31:*.swm=01;31:*.dwm=01;31:*.esd=01;31:*.avif=01;35:*.jpg=01;35:*.jpeg=01;35:*.mjpg=01;35:*.mjpeg=01;35:*.gif=01;35:*.bmp=01;35:*.pbm=01;35:*.pgm=01;35:*.ppm=01;35:*.tga=01;35:*.xbm=01;35:*.xpm=01;35:*.tif=01;35:*.tiff=01;35:*.png=01;35:*.svg=01;35:*.svgz=01;35:*.mng=01;35:*.pcx=01;35:*.mov=01;35:*.mpg=01;35:*.mpeg=01;35:*.m2v=01;35:*.mkv=01;35:*.webm=01;35:*.webp=01;35:*.ogm=01;35:*.mp4=01;35:*.m4v=01;35:*.mp4v=01;35:*.vob=01;35:*.qt=01;35:*.nuv=01;35:*.wmv=01;35:*.asf=01;35:*.rm=01;35:*.rmvb=01;35:*.flc=01;35:*.avi=01;35:*.fli=01;35:*.flv=01;35:*.gl=01;35:*.dl=01;35:*.xcf=01;35:*.xwd=01;35:*.yuv=01;35:*.cgm=01;35:*.emf=01;35:*.ogv=01;35:*.ogx=01;35:*.aac=00;36:*.au=00;36:*.flac=00;36:*.m4a=00;36:*.mid=00;36:*.midi=00;36:*.mka=00;36:*.mp3=00;36:*.mpc=00;36:*.ogg=00;36:*.ra=00;36:*.wav=00;36:*.oga=00;36:*.opus=00;36:*.spx=00;36:*.xspf=00;36:*~=00;90:*#=00;90:*.bak=00;90:*.crdownload=00;90:*.dpkg-dist=00;90:*.dpkg-new=00;90:*.dpkg-old=00;90:*.dpkg-tmp=00;90:*.old=00;90:*.orig=00;90:*.part=00;90:*.rej=00;90:*.rpmnew=00;90:*.rpmorig=00;90:*.rpmsave=00;90:*.swp=00;90:*.tmp=00;90:*.ucf-dist=00;90:*.ucf-new=00;90:*.ucf-old=00;90:', 'SUPERVISOR_ENABLED': '1', 'ROS_DOMAIN_ID': '30', 'AMENT_PREFIX_PATH': '/root/workspaces/ros2_ws/install/warehouse_worlds:/root/workspaces/ros2_ws/install/library_world:/root/workspaces/ros2_ws/install/human_detector:/root/workspaces/ros2_ws/install/ffw_teleop:/root/workspaces/ros2_ws/install/ffw_swerve_drive_controller:/root/workspaces/ros2_ws/install/ffw_navigation:/root/workspaces/ros2_ws/install/ffw_moveit_config:/root/workspaces/ros2_ws/install/ffw_bringup:/root/workspaces/ros2_ws/install/ffw_description:/root/workspaces/turtlebot_ws/install/turtlebot3_simulations:/root/workspaces/turtlebot_ws/install/turtlebot3_gazebo:/root/workspaces/turtlebot_ws/install/turtlebot3_fake_node:/opt/ros/jazzy', 'DEBIAN_FRONTEND': 'noninteractive', 'ACTIVE_WS_NAME': 'ros2_ws', 'AWS_REGION': 'eu-central-1', 'LESSCLOSE': '/usr/bin/lesspipe %s %s', 'SUPERVISOR_SERVER_URL': 'unix:///var/run/supervisor.sock', 'ROS_AUTOMATIC_DISCOVERY_RANGE': 'SUBNET', 'SUPERVISOR_PROCESS_NAME': 'ttyd', 'PWD': '/root/workspaces/ros2_ws/build/warehouse_worlds', 'TURTLEBOT3_MODEL': 'burger', 'LC_ALL': 'en_US.UTF-8', 'PYTHONPATH': '/root/workspaces/ros2_ws/install/human_detector/lib/python3.12/site-packages:/root/workspaces/ros2_ws/install/ffw_teleop/lib/python3.12/site-packages:/root/workspaces/ros2_ws/install/ffw_bringup/lib/python3.12/site-packages:/opt/ros/jazzy/lib/python3.12/site-packages', 'COLCON': '1', 'CMAKE_PREFIX_PATH': '/root/workspaces/ros2_ws/install/warehouse_worlds:/root/workspaces/ros2_ws/install/library_world:/root/workspaces/ros2_ws/install/ffw_swerve_drive_controller:/root/workspaces/ros2_ws/install/ffw_navigation:/root/workspaces/ros2_ws/install/ffw_moveit_config:/root/workspaces/ros2_ws/install/ffw_description:/root/workspaces/turtlebot_ws/install/turtlebot3_simulations:/root/workspaces/turtlebot_ws/install/turtlebot3_gazebo:/root/workspaces/turtlebot_ws/install/turtlebot3_fake_node:/opt/ros/jazzy/opt/gz_sim_vendor:/opt/ros/jazzy/opt/gz_sensors_vendor:/opt/ros/jazzy/opt/gz_physics_vendor:/opt/ros/jazzy/opt/sdformat_vendor:/opt/ros/jazzy/opt/gz_gui_vendor:/opt/ros/jazzy/opt/gz_transport_vendor:/opt/ros/jazzy/opt/gz_rendering_vendor:/opt/ros/jazzy/opt/gz_plugin_vendor:/opt/ros/jazzy/opt/gz_fuel_tools_vendor:/opt/ros/jazzy/opt/gz_msgs_vendor:/opt/ros/jazzy/opt/gz_common_vendor:/opt/ros/jazzy/opt/gz_math_vendor:/opt/ros/jazzy/opt/gz_utils_vendor:/opt/ros/jazzy/opt/gz_tools_vendor:/opt/ros/jazzy/opt/gz_ogre_next_vendor:/opt/ros/jazzy/opt/gz_dartsim_vendor:/opt/ros/jazzy/opt/gz_cmake_vendor:/root/workspaces/ros2_ws/install/human_detector:/root/workspaces/ros2_ws/install/ffw_teleop:/root/workspaces/ros2_ws/install/ffw_bringup:/opt/ros/jazzy'}), 'shell': False}
[27.837647] (-) TimerEvent: {}
[27.837770] (ffw_navigation) StdoutLine: {'line': b'[100%] \x1b[32m\x1b[1mLinking CXX shared library libis_path_length_under_plugin.so\x1b[0m\n'}
[27.937770] (-) TimerEvent: {}
[28.038082] (-) TimerEvent: {}
[28.138394] (-) TimerEvent: {}
[28.238693] (-) TimerEvent: {}
[28.253407] (ffw_swerve_drive_controller) StdoutLine: {'line': b"-- Added test 'cppcheck' to perform static code analysis on C / C++ code\n"}
[28.253600] (ffw_swerve_drive_controller) StdoutLine: {'line': b'-- Configured cppcheck include dirs: $<BUILD_INTERFACE:/root/workspaces/ros2_ws/src/ai-worker-sim/ffw_swerve_drive_controller/include>\n'}
[28.253664] (ffw_swerve_drive_controller) StdoutLine: {'line': b'-- Configured cppcheck exclude dirs and/or files: \n'}
[28.324925] (ffw_swerve_drive_controller) StdoutLine: {'line': b"-- Added test 'lint_cmake' to check CMake code style\n"}
[28.338795] (-) TimerEvent: {}
[28.409669] (warehouse_worlds) StdoutLine: {'line': b'-- The C compiler identification is GNU 13.3.0\n'}
[28.418675] (ffw_swerve_drive_controller) StdoutLine: {'line': b"-- Added test 'uncrustify' to check C / C++ code style\n"}
[28.418853] (ffw_swerve_drive_controller) StdoutLine: {'line': b'-- Configured uncrustify additional arguments: \n'}
[28.438894] (-) TimerEvent: {}
[28.456058] (ffw_swerve_drive_controller) StdoutLine: {'line': b"-- Added test 'xmllint' to check XML markup files\n"}
[28.534212] (library_world) StdoutLine: {'line': b'-- Detecting CXX compiler ABI info - done\n'}
[28.539858] (-) TimerEvent: {}
[28.553088] (library_world) StdoutLine: {'line': b'-- Check for working CXX compiler: /usr/bin/c++ - skipped\n'}
[28.597304] (library_world) StdoutLine: {'line': b'-- Detecting CXX compile features\n'}
[28.597389] (library_world) StdoutLine: {'line': b'-- Detecting CXX compile features - done\n'}
[28.642602] (-) TimerEvent: {}
[28.740593] (ffw_navigation) StdoutLine: {'line': b'[100%] Built target is_path_length_under_plugin\n'}
[28.740790] (-) TimerEvent: {}
[28.794950] (library_world) StdoutLine: {'line': b'-- Found ament_cmake: 2.5.6 (/opt/ros/jazzy/share/ament_cmake/cmake)\n'}
[28.838502] (warehouse_worlds) StdoutLine: {'line': b'-- The CXX compiler identification is GNU 13.3.0\n'}
[28.840872] (-) TimerEvent: {}
[28.848287] (ffw_navigation) CommandEnded: {'returncode': 0}
[28.896671] (ffw_navigation) JobProgress: {'identifier': 'ffw_navigation', 'progress': 'install'}
[28.898878] (ffw_navigation) Command: {'cmd': ['/usr/bin/cmake', '--install', '/root/workspaces/ros2_ws/build/ffw_navigation'], 'cwd': '/root/workspaces/ros2_ws/build/ffw_navigation', 'env': OrderedDict({'LESSOPEN': '| /usr/bin/lesspipe %s', 'ACTIVE_WS_PATH': '/root/workspaces/ros2_ws', 'GZ_SIM_RESOURCE_PATH': '/opt/ros/jazzy/share', 'SUPERVISOR_GROUP_NAME': 'ttyd', 'GZ_CONFIG_PATH': '/opt/ros/jazzy/opt/gz_sim_vendor/share/gz:/opt/ros/jazzy/opt/sdformat_vendor/share/gz:/opt/ros/jazzy/opt/gz_gui_vendor/share/gz:/opt/ros/jazzy/opt/gz_transport_vendor/share/gz:/opt/ros/jazzy/opt/gz_rendering_vendor/share/gz:/opt/ros/jazzy/opt/gz_plugin_vendor/share/gz:/opt/ros/jazzy/opt/gz_fuel_tools_vendor/share/gz:/opt/ros/jazzy/opt/gz_msgs_vendor/share/gz:/opt/ros/jazzy/opt/gz_common_vendor/share/gz', 'HOSTNAME': 'ip-172-31-7-13.eu-central-1.compute.internal', 'SHLVL': '1', 'LD_LIBRARY_PATH': '/root/workspaces/ros2_ws/install/ffw_swerve_drive_controller/lib:/root/workspaces/ros2_ws/install/ffw_navigation/lib:/opt/ros/jazzy/opt/gz_sim_vendor/lib:/opt/ros/jazzy/opt/gz_sensors_vendor/lib:/opt/ros/jazzy/opt/gz_physics_vendor/lib:/opt/ros/jazzy/opt/sdformat_vendor/lib:/opt/ros/jazzy/opt/rviz_ogre_vendor/lib:/opt/ros/jazzy/lib/x86_64-linux-gnu:/opt/ros/jazzy/opt/gz_gui_vendor/lib:/opt/ros/jazzy/opt/gz_transport_vendor/lib:/opt/ros/jazzy/opt/gz_rendering_vendor/lib:/opt/ros/jazzy/opt/gz_plugin_vendor/lib:/opt/ros/jazzy/opt/gz_fuel_tools_vendor/lib:/opt/ros/jazzy/opt/gz_msgs_vendor/lib:/opt/ros/jazzy/opt/gz_common_vendor/lib:/opt/ros/jazzy/opt/gz_math_vendor/lib:/opt/ros/jazzy/opt/gz_utils_vendor/lib:/opt/ros/jazzy/opt/gz_tools_vendor/lib:/opt/ros/jazzy/opt/gz_ogre_next_vendor/lib:/opt/ros/jazzy/opt/gz_dartsim_vendor/lib:/opt/ros/jazzy/opt/gz_cmake_vendor/lib:/opt/ros/jazzy/lib', 'HOME': '/root', 'EFS_PATH': '/workspaces/113baa83-0a52-42aa-9f6b-d5b552759739', 'OLDPWD': '/root/workspaces', 'ROS_PYTHON_VERSION': '3', 'AWS_CONTAINER_CREDENTIALS_RELATIVE_URI': '/v2/credentials/48044743-5268-4c30-9320-0b4a8b853c8f', 'AWS_EXECUTION_ENV': 'AWS_ECS_FARGATE', 'COLCON_PREFIX_PATH': '/root/workspaces/ros2_ws/install:/root/workspaces/turtlebot_ws/install', 'ECS_AGENT_URI': 'http://169.254.170.2/api/4afcdff0aca74170b17e4081b528c4c3-1842134484', 'ROS_DISTRO': 'jazzy', 'AWS_DEFAULT_REGION': 'eu-central-1', '_': '/usr/bin/colcon', 'ROS_VERSION': '2', 'ECS_CONTAINER_METADATA_URI_V4': 'http://169.254.170.2/v4/4afcdff0aca74170b17e4081b528c4c3-1842134484', 'TERM': 'xterm-256color', 'ECS_CONTAINER_METADATA_URI': 'http://169.254.170.2/v3/4afcdff0aca74170b17e4081b528c4c3-1842134484', 'SESSION_UUID': '113baa83-0a52-42aa-9f6b-d5b552759739', 'PATH': '/opt/ros/jazzy/opt/gz_msgs_vendor/bin:/opt/ros/jazzy/opt/gz_tools_vendor/bin:/opt/ros/jazzy/opt/gz_ogre_next_vendor/bin:/opt/ros/jazzy/bin:/usr/local/sbin:/usr/local/bin:/usr/sbin:/usr/bin:/sbin:/bin', 'XDG_RUNTIME_DIR': '/tmp/runtime-root', 'DISPLAY': ':1', 'LANG': 'en_US.UTF-8', 'LS_COLORS': 'rs=0:di=01;34:ln=01;36:mh=00:pi=40;33:so=01;35:do=01;35:bd=40;33;01:cd=40;33;01:or=40;31;01:mi=00:su=37;41:sg=30;43:ca=00:tw=30;42:ow=34;42:st=37;44:ex=01;32:*.tar=01;31:*.tgz=01;31:*.arc=01;31:*.arj=01;31:*.taz=01;31:*.lha=01;31:*.lz4=01;31:*.lzh=01;31:*.lzma=01;31:*.tlz=01;31:*.txz=01;31:*.tzo=01;31:*.t7z=01;31:*.zip=01;31:*.z=01;31:*.dz=01;31:*.gz=01;31:*.lrz=01;31:*.lz=01;31:*.lzo=01;31:*.xz=01;31:*.zst=01;31:*.tzst=01;31:*.bz2=01;31:*.bz=01;31:*.tbz=01;31:*.tbz2=01;31:*.tz=01;31:*.deb=01;31:*.rpm=01;31:*.jar=01;31:*.war=01;31:*.ear=01;31:*.sar=01;31:*.rar=01;31:*.alz=01;31:*.ace=01;31:*.zoo=01;31:*.cpio=01;31:*.7z=01;31:*.rz=01;31:*.cab=01;31:*.wim=01;31:*.swm=01;31:*.dwm=01;31:*.esd=01;31:*.avif=01;35:*.jpg=01;35:*.jpeg=01;35:*.mjpg=01;35:*.mjpeg=01;35:*.gif=01;35:*.bmp=01;35:*.pbm=01;35:*.pgm=01;35:*.ppm=01;35:*.tga=01;35:*.xbm=01;35:*.xpm=01;35:*.tif=01;35:*.tiff=01;35:*.png=01;35:*.svg=01;35:*.svgz=01;35:*.mng=01;35:*.pcx=01;35:*.mov=01;35:*.mpg=01;35:*.mpeg=01;35:*.m2v=01;35:*.mkv=01;35:*.webm=01;35:*.webp=01;35:*.ogm=01;35:*.mp4=01;35:*.m4v=01;35:*.mp4v=01;35:*.vob=01;35:*.qt=01;35:*.nuv=01;35:*.wmv=01;35:*.asf=01;35:*.rm=01;35:*.rmvb=01;35:*.flc=01;35:*.avi=01;35:*.fli=01;35:*.flv=01;35:*.gl=01;35:*.dl=01;35:*.xcf=01;35:*.xwd=01;35:*.yuv=01;35:*.cgm=01;35:*.emf=01;35:*.ogv=01;35:*.ogx=01;35:*.aac=00;36:*.au=00;36:*.flac=00;36:*.m4a=00;36:*.mid=00;36:*.midi=00;36:*.mka=00;36:*.mp3=00;36:*.mpc=00;36:*.ogg=00;36:*.ra=00;36:*.wav=00;36:*.oga=00;36:*.opus=00;36:*.spx=00;36:*.xspf=00;36:*~=00;90:*#=00;90:*.bak=00;90:*.crdownload=00;90:*.dpkg-dist=00;90:*.dpkg-new=00;90:*.dpkg-old=00;90:*.dpkg-tmp=00;90:*.old=00;90:*.orig=00;90:*.part=00;90:*.rej=00;90:*.rpmnew=00;90:*.rpmorig=00;90:*.rpmsave=00;90:*.swp=00;90:*.tmp=00;90:*.ucf-dist=00;90:*.ucf-new=00;90:*.ucf-old=00;90:', 'SUPERVISOR_ENABLED': '1', 'ROS_DOMAIN_ID': '30', 'AMENT_PREFIX_PATH': '/root/workspaces/ros2_ws/install/warehouse_worlds:/root/workspaces/ros2_ws/install/library_world:/root/workspaces/ros2_ws/install/human_detector:/root/workspaces/ros2_ws/install/ffw_teleop:/root/workspaces/ros2_ws/install/ffw_swerve_drive_controller:/root/workspaces/ros2_ws/install/ffw_navigation:/root/workspaces/ros2_ws/install/ffw_moveit_config:/root/workspaces/ros2_ws/install/ffw_bringup:/root/workspaces/ros2_ws/install/ffw_description:/root/workspaces/turtlebot_ws/install/turtlebot3_simulations:/root/workspaces/turtlebot_ws/install/turtlebot3_gazebo:/root/workspaces/turtlebot_ws/install/turtlebot3_fake_node:/opt/ros/jazzy', 'DEBIAN_FRONTEND': 'noninteractive', 'ACTIVE_WS_NAME': 'ros2_ws', 'AWS_REGION': 'eu-central-1', 'LESSCLOSE': '/usr/bin/lesspipe %s %s', 'SUPERVISOR_SERVER_URL': 'unix:///var/run/supervisor.sock', 'ROS_AUTOMATIC_DISCOVERY_RANGE': 'SUBNET', 'SUPERVISOR_PROCESS_NAME': 'ttyd', 'PWD': '/root/workspaces/ros2_ws/build/ffw_navigation', 'TURTLEBOT3_MODEL': 'burger', 'LC_ALL': 'en_US.UTF-8', 'PYTHONPATH': '/root/workspaces/ros2_ws/install/human_detector/lib/python3.12/site-packages:/root/workspaces/ros2_ws/install/ffw_teleop/lib/python3.12/site-packages:/root/workspaces/ros2_ws/install/ffw_bringup/lib/python3.12/site-packages:/opt/ros/jazzy/lib/python3.12/site-packages', 'COLCON': '1', 'CMAKE_PREFIX_PATH': '/root/workspaces/ros2_ws/install/warehouse_worlds:/root/workspaces/ros2_ws/install/library_world:/root/workspaces/ros2_ws/install/ffw_swerve_drive_controller:/root/workspaces/ros2_ws/install/ffw_navigation:/root/workspaces/ros2_ws/install/ffw_moveit_config:/root/workspaces/ros2_ws/install/ffw_description:/root/workspaces/turtlebot_ws/install/turtlebot3_simulations:/root/workspaces/turtlebot_ws/install/turtlebot3_gazebo:/root/workspaces/turtlebot_ws/install/turtlebot3_fake_node:/opt/ros/jazzy/opt/gz_sim_vendor:/opt/ros/jazzy/opt/gz_sensors_vendor:/opt/ros/jazzy/opt/gz_physics_vendor:/opt/ros/jazzy/opt/sdformat_vendor:/opt/ros/jazzy/opt/gz_gui_vendor:/opt/ros/jazzy/opt/gz_transport_vendor:/opt/ros/jazzy/opt/gz_rendering_vendor:/opt/ros/jazzy/opt/gz_plugin_vendor:/opt/ros/jazzy/opt/gz_fuel_tools_vendor:/opt/ros/jazzy/opt/gz_msgs_vendor:/opt/ros/jazzy/opt/gz_common_vendor:/opt/ros/jazzy/opt/gz_math_vendor:/opt/ros/jazzy/opt/gz_utils_vendor:/opt/ros/jazzy/opt/gz_tools_vendor:/opt/ros/jazzy/opt/gz_ogre_next_vendor:/opt/ros/jazzy/opt/gz_dartsim_vendor:/opt/ros/jazzy/opt/gz_cmake_vendor:/root/workspaces/ros2_ws/install/human_detector:/root/workspaces/ros2_ws/install/ffw_teleop:/root/workspaces/ros2_ws/install/ffw_bringup:/opt/ros/jazzy'}), 'shell': False}
[28.940962] (-) TimerEvent: {}
[28.996921] (ffw_navigation) StdoutLine: {'line': b'-- Install configuration: ""\n'}
[29.009560] (ffw_navigation) StdoutLine: {'line': b'-- Installing: /root/workspaces/ros2_ws/install/ffw_navigation/lib/libis_path_length_under_plugin.so\n'}
[29.041077] (-) TimerEvent: {}
[29.100812] (warehouse_worlds) StdoutLine: {'line': b'-- Detecting C compiler ABI info\n'}
[29.141178] (-) TimerEvent: {}
[29.241606] (-) TimerEvent: {}
[29.248406] (ffw_navigation) StdoutLine: {'line': b'-- Set non-toolchain portion of runtime path of "/root/workspaces/ros2_ws/install/ffw_navigation/lib/libis_path_length_under_plugin.so" to ""\n'}
[29.297003] (ffw_navigation) StdoutLine: {'line': b'-- Installing: /root/workspaces/ros2_ws/install/ffw_navigation/share/ffw_navigation/launch\n'}
[29.329266] (ffw_navigation) StdoutLine: {'line': b'-- Installing: /root/workspaces/ros2_ws/install/ffw_navigation/share/ffw_navigation/launch/navigation.launch.py\n'}
[29.341689] (-) TimerEvent: {}
[29.426966] (ffw_navigation) StdoutLine: {'line': b'-- Installing: /root/workspaces/ros2_ws/install/ffw_navigation/share/ffw_navigation/launch/online_sync_launch.py\n'}
[29.442607] (-) TimerEvent: {}
[29.514994] (ffw_navigation) StdoutLine: {'line': b'-- Installing: /root/workspaces/ros2_ws/install/ffw_navigation/share/ffw_navigation/rviz\n'}
[29.539075] (ffw_navigation) StdoutLine: {'line': b'-- Installing: /root/workspaces/ros2_ws/install/ffw_navigation/share/ffw_navigation/rviz/navigation.rviz\n'}
[29.545142] (-) TimerEvent: {}
[29.633216] (ffw_navigation) StdoutLine: {'line': b'-- Installing: /root/workspaces/ros2_ws/install/ffw_navigation/share/ffw_navigation/rviz/mapping.rviz\n'}
[29.645230] (-) TimerEvent: {}
[29.745662] (-) TimerEvent: {}
[29.752410] (ffw_navigation) StdoutLine: {'line': b'-- Installing: /root/workspaces/ros2_ws/install/ffw_navigation/share/ffw_navigation/config\n'}
[29.794854] (ffw_swerve_drive_controller) StdoutLine: {'line': b'-- Configuring done (28.9s)\n'}
[29.811091] (ffw_navigation) StdoutLine: {'line': b'-- Installing: /root/workspaces/ros2_ws/install/ffw_navigation/share/ffw_navigation/config/navigation_mppi.yaml\n'}
[29.845775] (-) TimerEvent: {}
[29.896351] (library_world) StdoutLine: {'line': b'-- Found Python3: /usr/bin/python3 (found version "3.12.3") found components: Interpreter \n'}
[29.901456] (ffw_navigation) StdoutLine: {'line': b'-- Installing: /root/workspaces/ros2_ws/install/ffw_navigation/share/ffw_navigation/config/bt\n'}
[29.926226] (ffw_navigation) StdoutLine: {'line': b'-- Installing: /root/workspaces/ros2_ws/install/ffw_navigation/share/ffw_navigation/config/bt/nav_modes.xml\n'}
[29.945869] (-) TimerEvent: {}
[30.011567] (ffw_navigation) StdoutLine: {'line': b'-- Installing: /root/workspaces/ros2_ws/install/ffw_navigation/share/ffw_navigation/config/navigation.yaml\n'}
[30.045927] (-) TimerEvent: {}
[30.106826] (ffw_navigation) StdoutLine: {'line': b'-- Installing: /root/workspaces/ros2_ws/install/ffw_navigation/share/ffw_navigation/config/mapper_params_online_sync.yaml\n'}
[30.146032] (-) TimerEvent: {}
[30.155646] (ffw_navigation) StdoutLine: {'line': b'-- Installing: /root/workspaces/ros2_ws/install/ffw_navigation/share/ffw_navigation/maps\n'}
[30.206841] (ffw_navigation) StdoutLine: {'line': b'-- Installing: /root/workspaces/ros2_ws/install/ffw_navigation/share/ffw_navigation/maps/map.pgm\n'}
[30.246164] (-) TimerEvent: {}
[30.316213] (ffw_navigation) StdoutLine: {'line': b'-- Installing: /root/workspaces/ros2_ws/install/ffw_navigation/share/ffw_navigation/maps/turtlebot3_world_map.pgm\n'}
[30.346290] (-) TimerEvent: {}
[30.446691] (-) TimerEvent: {}
[30.504271] (ffw_navigation) StdoutLine: {'line': b'-- Installing: /root/workspaces/ros2_ws/install/ffw_navigation/share/ffw_navigation/maps/turtlebot3_world_map.yaml\n'}
[30.546798] (-) TimerEvent: {}
[30.603699] (ffw_navigation) StdoutLine: {'line': b'-- Installing: /root/workspaces/ros2_ws/install/ffw_navigation/share/ffw_navigation/maps/map.yaml\n'}
[30.646911] (-) TimerEvent: {}
[30.737997] (ffw_navigation) StdoutLine: {'line': b'-- Installing: /root/workspaces/ros2_ws/install/ffw_navigation/share/ffw_navigation/environment/library_path.sh\n'}
[30.746981] (-) TimerEvent: {}
[30.849169] (ffw_navigation) StdoutLine: {'line': b'-- Installing: /root/workspaces/ros2_ws/install/ffw_navigation/share/ffw_navigation/environment/library_path.dsv\n'}
[30.849368] (-) TimerEvent: {}
[30.950059] (-) TimerEvent: {}
[30.997564] (ffw_navigation) StdoutLine: {'line': b'-- Installing: /root/workspaces/ros2_ws/install/ffw_navigation/share/ament_index/resource_index/package_run_dependencies/ffw_navigation\n'}
[31.050190] (-) TimerEvent: {}
[31.097861] (ffw_navigation) StdoutLine: {'line': b'-- Installing: /root/workspaces/ros2_ws/install/ffw_navigation/share/ament_index/resource_index/parent_prefix_path/ffw_navigation\n'}
[31.107606] (warehouse_worlds) StdoutLine: {'line': b'-- Detecting C compiler ABI info - done\n'}
[31.120331] (warehouse_worlds) StdoutLine: {'line': b'-- Check for working C compiler: /usr/bin/cc - skipped\n'}
[31.120596] (warehouse_worlds) StdoutLine: {'line': b'-- Detecting C compile features\n'}
[31.120918] (warehouse_worlds) StdoutLine: {'line': b'-- Detecting C compile features - done\n'}
[31.141211] (ffw_navigation) StdoutLine: {'line': b'-- Installing: /root/workspaces/ros2_ws/install/ffw_navigation/share/ffw_navigation/environment/ament_prefix_path.sh\n'}
[31.150274] (-) TimerEvent: {}
[31.231364] (ffw_navigation) StdoutLine: {'line': b'-- Installing: /root/workspaces/ros2_ws/install/ffw_navigation/share/ffw_navigation/environment/ament_prefix_path.dsv\n'}
[31.250642] (-) TimerEvent: {}
[31.252239] (warehouse_worlds) StdoutLine: {'line': b'-- Detecting CXX compiler ABI info\n'}
[31.323620] (ffw_navigation) StdoutLine: {'line': b'-- Installing: /root/workspaces/ros2_ws/install/ffw_navigation/share/ffw_navigation/environment/path.sh\n'}
[31.350744] (-) TimerEvent: {}
[31.414852] (ffw_navigation) StdoutLine: {'line': b'-- Installing: /root/workspaces/ros2_ws/install/ffw_navigation/share/ffw_navigation/environment/path.dsv\n'}
[31.450894] (-) TimerEvent: {}
[31.511355] (ffw_navigation) StdoutLine: {'line': b'-- Installing: /root/workspaces/ros2_ws/install/ffw_navigation/share/ffw_navigation/local_setup.bash\n'}
[31.551026] (-) TimerEvent: {}
[31.604669] (ffw_navigation) StdoutLine: {'line': b'-- Installing: /root/workspaces/ros2_ws/install/ffw_navigation/share/ffw_navigation/local_setup.sh\n'}
[31.651144] (-) TimerEvent: {}
[31.651664] (ffw_navigation) StdoutLine: {'line': b'-- Installing: /root/workspaces/ros2_ws/install/ffw_navigation/share/ffw_navigation/local_setup.zsh\n'}
[31.736907] (ffw_navigation) StdoutLine: {'line': b'-- Installing: /root/workspaces/ros2_ws/install/ffw_navigation/share/ffw_navigation/local_setup.dsv\n'}
[31.751233] (-) TimerEvent: {}
[31.821409] (ffw_navigation) StdoutLine: {'line': b'-- Installing: /root/workspaces/ros2_ws/install/ffw_navigation/share/ffw_navigation/package.dsv\n'}
[31.851365] (-) TimerEvent: {}
[31.912761] (ffw_navigation) StdoutLine: {'line': b'-- Installing: /root/workspaces/ros2_ws/install/ffw_navigation/share/ament_index/resource_index/packages/ffw_navigation\n'}
[31.930702] (ffw_swerve_drive_controller) StdoutLine: {'line': b'-- Generating done (2.0s)\n'}
[31.951475] (-) TimerEvent: {}
[31.997410] (ffw_navigation) StdoutLine: {'line': b'-- Installing: /root/workspaces/ros2_ws/install/ffw_navigation/share/ffw_navigation/cmake/ament_cmake_export_libraries-extras.cmake\n'}
[32.041528] (ffw_navigation) StdoutLine: {'line': b'-- Installing: /root/workspaces/ros2_ws/install/ffw_navigation/share/ffw_navigation/cmake/ament_cmake_export_dependencies-extras.cmake\n'}
[32.051607] (-) TimerEvent: {}
[32.125173] (ffw_navigation) StdoutLine: {'line': b'-- Installing: /root/workspaces/ros2_ws/install/ffw_navigation/share/ffw_navigation/cmake/ffw_navigationConfig.cmake\n'}
[32.151696] (-) TimerEvent: {}
[32.200582] (ffw_navigation) StdoutLine: {'line': b'-- Installing: /root/workspaces/ros2_ws/install/ffw_navigation/share/ffw_navigation/cmake/ffw_navigationConfig-version.cmake\n'}
[32.244089] (ffw_navigation) StdoutLine: {'line': b'-- Installing: /root/workspaces/ros2_ws/install/ffw_navigation/share/ffw_navigation/package.xml\n'}
[32.251814] (-) TimerEvent: {}
[32.329027] (ffw_navigation) CommandEnded: {'returncode': 0}
[32.351932] (-) TimerEvent: {}
[32.452268] (-) TimerEvent: {}
[32.532799] (ffw_swerve_drive_controller) StdoutLine: {'line': b'-- Build files have been written to: /root/workspaces/ros2_ws/build/ffw_swerve_drive_controller\n'}
[32.552368] (-) TimerEvent: {}
[32.652870] (-) TimerEvent: {}
[32.753280] (-) TimerEvent: {}
[32.798690] (library_world) StdoutLine: {'line': b'-- Found ament_lint_auto: 0.17.5 (/opt/ros/jazzy/share/ament_lint_auto/cmake)\n'}
[32.894958] (-) TimerEvent: {}
[32.995368] (-) TimerEvent: {}
[33.022596] (warehouse_worlds) StdoutLine: {'line': b'-- Detecting CXX compiler ABI info - done\n'}
[33.035436] (warehouse_worlds) StdoutLine: {'line': b'-- Check for working CXX compiler: /usr/bin/c++ - skipped\n'}
[33.052001] (warehouse_worlds) StdoutLine: {'line': b'-- Detecting CXX compile features\n'}
[33.052096] (warehouse_worlds) StdoutLine: {'line': b'-- Detecting CXX compile features - done\n'}
[33.095513] (-) TimerEvent: {}
[33.203480] (-) TimerEvent: {}
[33.223119] (ffw_navigation) JobEnded: {'identifier': 'ffw_navigation', 'rc': 0}
[33.295599] (ffw_bringup) JobStarted: {'identifier': 'ffw_bringup'}
[33.303572] (-) TimerEvent: {}
[33.321162] (warehouse_worlds) StdoutLine: {'line': b'-- Found ament_cmake: 2.5.6 (/opt/ros/jazzy/share/ament_cmake/cmake)\n'}
[33.403679] (-) TimerEvent: {}
[33.501857] (ffw_swerve_drive_controller) CommandEnded: {'returncode': 0}
[33.503898] (ffw_swerve_drive_controller) JobProgress: {'identifier': 'ffw_swerve_drive_controller', 'progress': 'build'}
[33.511734] (-) TimerEvent: {}
[33.511851] (ffw_swerve_drive_controller) Command: {'cmd': ['/usr/bin/cmake', '--build', '/root/workspaces/ros2_ws/build/ffw_swerve_drive_controller', '--', '-j4', '-l4'], 'cwd': '/root/workspaces/ros2_ws/build/ffw_swerve_drive_controller', 'env': OrderedDict({'LESSOPEN': '| /usr/bin/lesspipe %s', 'ACTIVE_WS_PATH': '/root/workspaces/ros2_ws', 'GZ_SIM_RESOURCE_PATH': '/opt/ros/jazzy/share', 'SUPERVISOR_GROUP_NAME': 'ttyd', 'GZ_CONFIG_PATH': '/opt/ros/jazzy/opt/gz_sim_vendor/share/gz:/opt/ros/jazzy/opt/sdformat_vendor/share/gz:/opt/ros/jazzy/opt/gz_gui_vendor/share/gz:/opt/ros/jazzy/opt/gz_transport_vendor/share/gz:/opt/ros/jazzy/opt/gz_rendering_vendor/share/gz:/opt/ros/jazzy/opt/gz_plugin_vendor/share/gz:/opt/ros/jazzy/opt/gz_fuel_tools_vendor/share/gz:/opt/ros/jazzy/opt/gz_msgs_vendor/share/gz:/opt/ros/jazzy/opt/gz_common_vendor/share/gz', 'HOSTNAME': 'ip-172-31-7-13.eu-central-1.compute.internal', 'SHLVL': '1', 'LD_LIBRARY_PATH': '/root/workspaces/ros2_ws/install/ffw_swerve_drive_controller/lib:/root/workspaces/ros2_ws/install/ffw_navigation/lib:/opt/ros/jazzy/opt/gz_sim_vendor/lib:/opt/ros/jazzy/opt/gz_sensors_vendor/lib:/opt/ros/jazzy/opt/gz_physics_vendor/lib:/opt/ros/jazzy/opt/sdformat_vendor/lib:/opt/ros/jazzy/opt/rviz_ogre_vendor/lib:/opt/ros/jazzy/lib/x86_64-linux-gnu:/opt/ros/jazzy/opt/gz_gui_vendor/lib:/opt/ros/jazzy/opt/gz_transport_vendor/lib:/opt/ros/jazzy/opt/gz_rendering_vendor/lib:/opt/ros/jazzy/opt/gz_plugin_vendor/lib:/opt/ros/jazzy/opt/gz_fuel_tools_vendor/lib:/opt/ros/jazzy/opt/gz_msgs_vendor/lib:/opt/ros/jazzy/opt/gz_common_vendor/lib:/opt/ros/jazzy/opt/gz_math_vendor/lib:/opt/ros/jazzy/opt/gz_utils_vendor/lib:/opt/ros/jazzy/opt/gz_tools_vendor/lib:/opt/ros/jazzy/opt/gz_ogre_next_vendor/lib:/opt/ros/jazzy/opt/gz_dartsim_vendor/lib:/opt/ros/jazzy/opt/gz_cmake_vendor/lib:/opt/ros/jazzy/lib', 'HOME': '/root', 'EFS_PATH': '/workspaces/113baa83-0a52-42aa-9f6b-d5b552759739', 'OLDPWD': '/root/workspaces', 'ROS_PYTHON_VERSION': '3', 'AWS_CONTAINER_CREDENTIALS_RELATIVE_URI': '/v2/credentials/48044743-5268-4c30-9320-0b4a8b853c8f', 'AWS_EXECUTION_ENV': 'AWS_ECS_FARGATE', 'COLCON_PREFIX_PATH': '/root/workspaces/ros2_ws/install:/root/workspaces/turtlebot_ws/install', 'ECS_AGENT_URI': 'http://169.254.170.2/api/4afcdff0aca74170b17e4081b528c4c3-1842134484', 'ROS_DISTRO': 'jazzy', 'AWS_DEFAULT_REGION': 'eu-central-1', '_': '/usr/bin/colcon', 'ROS_VERSION': '2', 'ECS_CONTAINER_METADATA_URI_V4': 'http://169.254.170.2/v4/4afcdff0aca74170b17e4081b528c4c3-1842134484', 'TERM': 'xterm-256color', 'ECS_CONTAINER_METADATA_URI': 'http://169.254.170.2/v3/4afcdff0aca74170b17e4081b528c4c3-1842134484', 'SESSION_UUID': '113baa83-0a52-42aa-9f6b-d5b552759739', 'PATH': '/opt/ros/jazzy/opt/gz_msgs_vendor/bin:/opt/ros/jazzy/opt/gz_tools_vendor/bin:/opt/ros/jazzy/opt/gz_ogre_next_vendor/bin:/opt/ros/jazzy/bin:/usr/local/sbin:/usr/local/bin:/usr/sbin:/usr/bin:/sbin:/bin', 'XDG_RUNTIME_DIR': '/tmp/runtime-root', 'DISPLAY': ':1', 'LANG': 'en_US.UTF-8', 'LS_COLORS': 'rs=0:di=01;34:ln=01;36:mh=00:pi=40;33:so=01;35:do=01;35:bd=40;33;01:cd=40;33;01:or=40;31;01:mi=00:su=37;41:sg=30;43:ca=00:tw=30;42:ow=34;42:st=37;44:ex=01;32:*.tar=01;31:*.tgz=01;31:*.arc=01;31:*.arj=01;31:*.taz=01;31:*.lha=01;31:*.lz4=01;31:*.lzh=01;31:*.lzma=01;31:*.tlz=01;31:*.txz=01;31:*.tzo=01;31:*.t7z=01;31:*.zip=01;31:*.z=01;31:*.dz=01;31:*.gz=01;31:*.lrz=01;31:*.lz=01;31:*.lzo=01;31:*.xz=01;31:*.zst=01;31:*.tzst=01;31:*.bz2=01;31:*.bz=01;31:*.tbz=01;31:*.tbz2=01;31:*.tz=01;31:*.deb=01;31:*.rpm=01;31:*.jar=01;31:*.war=01;31:*.ear=01;31:*.sar=01;31:*.rar=01;31:*.alz=01;31:*.ace=01;31:*.zoo=01;31:*.cpio=01;31:*.7z=01;31:*.rz=01;31:*.cab=01;31:*.wim=01;31:*.swm=01;31:*.dwm=01;31:*.esd=01;31:*.avif=01;35:*.jpg=01;35:*.jpeg=01;35:*.mjpg=01;35:*.mjpeg=01;35:*.gif=01;35:*.bmp=01;35:*.pbm=01;35:*.pgm=01;35:*.ppm=01;35:*.tga=01;35:*.xbm=01;35:*.xpm=01;35:*.tif=01;35:*.tiff=01;35:*.png=01;35:*.svg=01;35:*.svgz=01;35:*.mng=01;35:*.pcx=01;35:*.mov=01;35:*.mpg=01;35:*.mpeg=01;35:*.m2v=01;35:*.mkv=01;35:*.webm=01;35:*.webp=01;35:*.ogm=01;35:*.mp4=01;35:*.m4v=01;35:*.mp4v=01;35:*.vob=01;35:*.qt=01;35:*.nuv=01;35:*.wmv=01;35:*.asf=01;35:*.rm=01;35:*.rmvb=01;35:*.flc=01;35:*.avi=01;35:*.fli=01;35:*.flv=01;35:*.gl=01;35:*.dl=01;35:*.xcf=01;35:*.xwd=01;35:*.yuv=01;35:*.cgm=01;35:*.emf=01;35:*.ogv=01;35:*.ogx=01;35:*.aac=00;36:*.au=00;36:*.flac=00;36:*.m4a=00;36:*.mid=00;36:*.midi=00;36:*.mka=00;36:*.mp3=00;36:*.mpc=00;36:*.ogg=00;36:*.ra=00;36:*.wav=00;36:*.oga=00;36:*.opus=00;36:*.spx=00;36:*.xspf=00;36:*~=00;90:*#=00;90:*.bak=00;90:*.crdownload=00;90:*.dpkg-dist=00;90:*.dpkg-new=00;90:*.dpkg-old=00;90:*.dpkg-tmp=00;90:*.old=00;90:*.orig=00;90:*.part=00;90:*.rej=00;90:*.rpmnew=00;90:*.rpmorig=00;90:*.rpmsave=00;90:*.swp=00;90:*.tmp=00;90:*.ucf-dist=00;90:*.ucf-new=00;90:*.ucf-old=00;90:', 'SUPERVISOR_ENABLED': '1', 'ROS_DOMAIN_ID': '30', 'AMENT_PREFIX_PATH': '/root/workspaces/ros2_ws/install/warehouse_worlds:/root/workspaces/ros2_ws/install/library_world:/root/workspaces/ros2_ws/install/human_detector:/root/workspaces/ros2_ws/install/ffw_teleop:/root/workspaces/ros2_ws/install/ffw_swerve_drive_controller:/root/workspaces/ros2_ws/install/ffw_navigation:/root/workspaces/ros2_ws/install/ffw_moveit_config:/root/workspaces/ros2_ws/install/ffw_bringup:/root/workspaces/ros2_ws/install/ffw_description:/root/workspaces/turtlebot_ws/install/turtlebot3_simulations:/root/workspaces/turtlebot_ws/install/turtlebot3_gazebo:/root/workspaces/turtlebot_ws/install/turtlebot3_fake_node:/opt/ros/jazzy', 'DEBIAN_FRONTEND': 'noninteractive', 'ACTIVE_WS_NAME': 'ros2_ws', 'AWS_REGION': 'eu-central-1', 'LESSCLOSE': '/usr/bin/lesspipe %s %s', 'SUPERVISOR_SERVER_URL': 'unix:///var/run/supervisor.sock', 'ROS_AUTOMATIC_DISCOVERY_RANGE': 'SUBNET', 'SUPERVISOR_PROCESS_NAME': 'ttyd', 'PWD': '/root/workspaces/ros2_ws/build/ffw_swerve_drive_controller', 'TURTLEBOT3_MODEL': 'burger', 'LC_ALL': 'en_US.UTF-8', 'PYTHONPATH': '/root/workspaces/ros2_ws/install/human_detector/lib/python3.12/site-packages:/root/workspaces/ros2_ws/install/ffw_teleop/lib/python3.12/site-packages:/root/workspaces/ros2_ws/install/ffw_bringup/lib/python3.12/site-packages:/opt/ros/jazzy/lib/python3.12/site-packages', 'COLCON': '1', 'CMAKE_PREFIX_PATH': '/root/workspaces/ros2_ws/install/warehouse_worlds:/root/workspaces/ros2_ws/install/library_world:/root/workspaces/ros2_ws/install/ffw_swerve_drive_controller:/root/workspaces/ros2_ws/install/ffw_navigation:/root/workspaces/ros2_ws/install/ffw_moveit_config:/root/workspaces/ros2_ws/install/ffw_description:/root/workspaces/turtlebot_ws/install/turtlebot3_simulations:/root/workspaces/turtlebot_ws/install/turtlebot3_gazebo:/root/workspaces/turtlebot_ws/install/turtlebot3_fake_node:/opt/ros/jazzy/opt/gz_sim_vendor:/opt/ros/jazzy/opt/gz_sensors_vendor:/opt/ros/jazzy/opt/gz_physics_vendor:/opt/ros/jazzy/opt/sdformat_vendor:/opt/ros/jazzy/opt/gz_gui_vendor:/opt/ros/jazzy/opt/gz_transport_vendor:/opt/ros/jazzy/opt/gz_rendering_vendor:/opt/ros/jazzy/opt/gz_plugin_vendor:/opt/ros/jazzy/opt/gz_fuel_tools_vendor:/opt/ros/jazzy/opt/gz_msgs_vendor:/opt/ros/jazzy/opt/gz_common_vendor:/opt/ros/jazzy/opt/gz_math_vendor:/opt/ros/jazzy/opt/gz_utils_vendor:/opt/ros/jazzy/opt/gz_tools_vendor:/opt/ros/jazzy/opt/gz_ogre_next_vendor:/opt/ros/jazzy/opt/gz_dartsim_vendor:/opt/ros/jazzy/opt/gz_cmake_vendor:/root/workspaces/ros2_ws/install/human_detector:/root/workspaces/ros2_ws/install/ffw_teleop:/root/workspaces/ros2_ws/install/ffw_bringup:/opt/ros/jazzy'}), 'shell': False}
[33.617828] (-) TimerEvent: {}
[33.723075] (-) TimerEvent: {}
[33.823347] (-) TimerEvent: {}
[33.923870] (-) TimerEvent: {}
[34.024442] (-) TimerEvent: {}
[34.040942] (ffw_swerve_drive_controller) StdoutLine: {'line': b'[ 14%] \x1b[34m\x1b[1mRunning `/opt/ros/jazzy/bin/generate_parameter_library_cpp /root/workspaces/ros2_ws/build/ffw_swerve_drive_controller/include/ffw_swerve_drive_controller/swerve_drive_controller_parameter.hpp /root/workspaces/ros2_ws/src/ai-worker-sim/ffw_swerve_drive_controller/config/swerve_drive_controller_parameter.yaml `\x1b[0m\n'}
[34.128192] (-) TimerEvent: {}
[34.228474] (-) TimerEvent: {}
[34.329238] (-) TimerEvent: {}
[34.345054] (warehouse_worlds) StdoutLine: {'line': b'-- Found Python3: /usr/bin/python3 (found version "3.12.3") found components: Interpreter \n'}
[34.429335] (-) TimerEvent: {}
[34.529586] (-) TimerEvent: {}
[34.629944] (-) TimerEvent: {}
[34.730420] (-) TimerEvent: {}
[34.830779] (-) TimerEvent: {}
[34.931055] (-) TimerEvent: {}
[35.031440] (-) TimerEvent: {}
[35.131753] (-) TimerEvent: {}
[35.216917] (library_world) StdoutLine: {'line': b"-- Added test 'flake8' to check Python code syntax and style conventions\n"}
[35.217404] (library_world) StdoutLine: {'line': b"-- Configured 'flake8' exclude dirs and/or files: \n"}
[35.238023] (-) TimerEvent: {}
[35.346715] (-) TimerEvent: {}
[35.411311] (library_world) StdoutLine: {'line': b"-- Added test 'lint_cmake' to check CMake code style\n"}
[35.446816] (-) TimerEvent: {}
[35.523743] (library_world) StdoutLine: {'line': b"-- Added test 'pep257' to check Python code against some of the docstring style conventions in PEP 257\n"}
[35.547018] (-) TimerEvent: {}
[35.647805] (-) TimerEvent: {}
[35.750540] (-) TimerEvent: {}
[35.850832] (-) TimerEvent: {}
[35.951104] (-) TimerEvent: {}
[36.051394] (-) TimerEvent: {}
[36.137523] (library_world) StdoutLine: {'line': b"-- Added test 'xmllint' to check XML markup files\n"}
[36.151541] (-) TimerEvent: {}
[36.251905] (-) TimerEvent: {}
[36.352183] (-) TimerEvent: {}
[36.494741] (-) TimerEvent: {}
[36.502638] (library_world) StdoutLine: {'line': b'-- Configuring done (12.8s)\n'}
[36.594892] (-) TimerEvent: {}
[36.623759] (ffw_bringup) Command: {'cmd': ['/usr/bin/python3', '-W', 'ignore:setup.py install is deprecated', '-W', 'ignore:easy_install command is deprecated', 'setup.py', 'egg_info', '--egg-base', '../../../build/ffw_bringup', 'build', '--build-base', '/root/workspaces/ros2_ws/build/ffw_bringup/build', 'install', '--record', '/root/workspaces/ros2_ws/build/ffw_bringup/install.log', '--install-scripts', '$base/lib/ffw_bringup', '--single-version-externally-managed', 'install_data'], 'cwd': '/root/workspaces/ros2_ws/src/ai-worker-sim/ffw_bringup', 'env': {'LESSOPEN': '| /usr/bin/lesspipe %s', 'ACTIVE_WS_PATH': '/root/workspaces/ros2_ws', 'GZ_SIM_RESOURCE_PATH': '/opt/ros/jazzy/share', 'SUPERVISOR_GROUP_NAME': 'ttyd', 'GZ_CONFIG_PATH': '/opt/ros/jazzy/opt/gz_sim_vendor/share/gz:/opt/ros/jazzy/opt/sdformat_vendor/share/gz:/opt/ros/jazzy/opt/gz_gui_vendor/share/gz:/opt/ros/jazzy/opt/gz_transport_vendor/share/gz:/opt/ros/jazzy/opt/gz_rendering_vendor/share/gz:/opt/ros/jazzy/opt/gz_plugin_vendor/share/gz:/opt/ros/jazzy/opt/gz_fuel_tools_vendor/share/gz:/opt/ros/jazzy/opt/gz_msgs_vendor/share/gz:/opt/ros/jazzy/opt/gz_common_vendor/share/gz', 'HOSTNAME': 'ip-172-31-7-13.eu-central-1.compute.internal', 'SHLVL': '1', 'LD_LIBRARY_PATH': '/root/workspaces/ros2_ws/install/ffw_swerve_drive_controller/lib:/root/workspaces/ros2_ws/install/ffw_navigation/lib:/opt/ros/jazzy/opt/gz_sim_vendor/lib:/opt/ros/jazzy/opt/gz_sensors_vendor/lib:/opt/ros/jazzy/opt/gz_physics_vendor/lib:/opt/ros/jazzy/opt/sdformat_vendor/lib:/opt/ros/jazzy/opt/rviz_ogre_vendor/lib:/opt/ros/jazzy/lib/x86_64-linux-gnu:/opt/ros/jazzy/opt/gz_gui_vendor/lib:/opt/ros/jazzy/opt/gz_transport_vendor/lib:/opt/ros/jazzy/opt/gz_rendering_vendor/lib:/opt/ros/jazzy/opt/gz_plugin_vendor/lib:/opt/ros/jazzy/opt/gz_fuel_tools_vendor/lib:/opt/ros/jazzy/opt/gz_msgs_vendor/lib:/opt/ros/jazzy/opt/gz_common_vendor/lib:/opt/ros/jazzy/opt/gz_math_vendor/lib:/opt/ros/jazzy/opt/gz_utils_vendor/lib:/opt/ros/jazzy/opt/gz_tools_vendor/lib:/opt/ros/jazzy/opt/gz_ogre_next_vendor/lib:/opt/ros/jazzy/opt/gz_dartsim_vendor/lib:/opt/ros/jazzy/opt/gz_cmake_vendor/lib:/opt/ros/jazzy/lib', 'HOME': '/root', 'EFS_PATH': '/workspaces/113baa83-0a52-42aa-9f6b-d5b552759739', 'OLDPWD': '/root/workspaces', 'ROS_PYTHON_VERSION': '3', 'AWS_CONTAINER_CREDENTIALS_RELATIVE_URI': '/v2/credentials/48044743-5268-4c30-9320-0b4a8b853c8f', 'AWS_EXECUTION_ENV': 'AWS_ECS_FARGATE', 'COLCON_PREFIX_PATH': '/root/workspaces/ros2_ws/install:/root/workspaces/turtlebot_ws/install', 'ECS_AGENT_URI': 'http://169.254.170.2/api/4afcdff0aca74170b17e4081b528c4c3-1842134484', 'ROS_DISTRO': 'jazzy', 'AWS_DEFAULT_REGION': 'eu-central-1', '_': '/usr/bin/colcon', 'ROS_VERSION': '2', 'ECS_CONTAINER_METADATA_URI_V4': 'http://169.254.170.2/v4/4afcdff0aca74170b17e4081b528c4c3-1842134484', 'TERM': 'xterm-256color', 'ECS_CONTAINER_METADATA_URI': 'http://169.254.170.2/v3/4afcdff0aca74170b17e4081b528c4c3-1842134484', 'SESSION_UUID': '113baa83-0a52-42aa-9f6b-d5b552759739', 'PATH': '/opt/ros/jazzy/opt/gz_msgs_vendor/bin:/opt/ros/jazzy/opt/gz_tools_vendor/bin:/opt/ros/jazzy/opt/gz_ogre_next_vendor/bin:/opt/ros/jazzy/bin:/usr/local/sbin:/usr/local/bin:/usr/sbin:/usr/bin:/sbin:/bin', 'XDG_RUNTIME_DIR': '/tmp/runtime-root', 'DISPLAY': ':1', 'LANG': 'en_US.UTF-8', 'LS_COLORS': 'rs=0:di=01;34:ln=01;36:mh=00:pi=40;33:so=01;35:do=01;35:bd=40;33;01:cd=40;33;01:or=40;31;01:mi=00:su=37;41:sg=30;43:ca=00:tw=30;42:ow=34;42:st=37;44:ex=01;32:*.tar=01;31:*.tgz=01;31:*.arc=01;31:*.arj=01;31:*.taz=01;31:*.lha=01;31:*.lz4=01;31:*.lzh=01;31:*.lzma=01;31:*.tlz=01;31:*.txz=01;31:*.tzo=01;31:*.t7z=01;31:*.zip=01;31:*.z=01;31:*.dz=01;31:*.gz=01;31:*.lrz=01;31:*.lz=01;31:*.lzo=01;31:*.xz=01;31:*.zst=01;31:*.tzst=01;31:*.bz2=01;31:*.bz=01;31:*.tbz=01;31:*.tbz2=01;31:*.tz=01;31:*.deb=01;31:*.rpm=01;31:*.jar=01;31:*.war=01;31:*.ear=01;31:*.sar=01;31:*.rar=01;31:*.alz=01;31:*.ace=01;31:*.zoo=01;31:*.cpio=01;31:*.7z=01;31:*.rz=01;31:*.cab=01;31:*.wim=01;31:*.swm=01;31:*.dwm=01;31:*.esd=01;31:*.avif=01;35:*.jpg=01;35:*.jpeg=01;35:*.mjpg=01;35:*.mjpeg=01;35:*.gif=01;35:*.bmp=01;35:*.pbm=01;35:*.pgm=01;35:*.ppm=01;35:*.tga=01;35:*.xbm=01;35:*.xpm=01;35:*.tif=01;35:*.tiff=01;35:*.png=01;35:*.svg=01;35:*.svgz=01;35:*.mng=01;35:*.pcx=01;35:*.mov=01;35:*.mpg=01;35:*.mpeg=01;35:*.m2v=01;35:*.mkv=01;35:*.webm=01;35:*.webp=01;35:*.ogm=01;35:*.mp4=01;35:*.m4v=01;35:*.mp4v=01;35:*.vob=01;35:*.qt=01;35:*.nuv=01;35:*.wmv=01;35:*.asf=01;35:*.rm=01;35:*.rmvb=01;35:*.flc=01;35:*.avi=01;35:*.fli=01;35:*.flv=01;35:*.gl=01;35:*.dl=01;35:*.xcf=01;35:*.xwd=01;35:*.yuv=01;35:*.cgm=01;35:*.emf=01;35:*.ogv=01;35:*.ogx=01;35:*.aac=00;36:*.au=00;36:*.flac=00;36:*.m4a=00;36:*.mid=00;36:*.midi=00;36:*.mka=00;36:*.mp3=00;36:*.mpc=00;36:*.ogg=00;36:*.ra=00;36:*.wav=00;36:*.oga=00;36:*.opus=00;36:*.spx=00;36:*.xspf=00;36:*~=00;90:*#=00;90:*.bak=00;90:*.crdownload=00;90:*.dpkg-dist=00;90:*.dpkg-new=00;90:*.dpkg-old=00;90:*.dpkg-tmp=00;90:*.old=00;90:*.orig=00;90:*.part=00;90:*.rej=00;90:*.rpmnew=00;90:*.rpmorig=00;90:*.rpmsave=00;90:*.swp=00;90:*.tmp=00;90:*.ucf-dist=00;90:*.ucf-new=00;90:*.ucf-old=00;90:', 'SUPERVISOR_ENABLED': '1', 'ROS_DOMAIN_ID': '30', 'AMENT_PREFIX_PATH': '/root/workspaces/ros2_ws/install/warehouse_worlds:/root/workspaces/ros2_ws/install/library_world:/root/workspaces/ros2_ws/install/human_detector:/root/workspaces/ros2_ws/install/ffw_teleop:/root/workspaces/ros2_ws/install/ffw_swerve_drive_controller:/root/workspaces/ros2_ws/install/ffw_navigation:/root/workspaces/ros2_ws/install/ffw_moveit_config:/root/workspaces/ros2_ws/install/ffw_bringup:/root/workspaces/ros2_ws/install/ffw_description:/root/workspaces/turtlebot_ws/install/turtlebot3_simulations:/root/workspaces/turtlebot_ws/install/turtlebot3_gazebo:/root/workspaces/turtlebot_ws/install/turtlebot3_fake_node:/opt/ros/jazzy', 'DEBIAN_FRONTEND': 'noninteractive', 'ACTIVE_WS_NAME': 'ros2_ws', 'AWS_REGION': 'eu-central-1', 'LESSCLOSE': '/usr/bin/lesspipe %s %s', 'SUPERVISOR_SERVER_URL': 'unix:///var/run/supervisor.sock', 'ROS_AUTOMATIC_DISCOVERY_RANGE': 'SUBNET', 'SUPERVISOR_PROCESS_NAME': 'ttyd', 'PWD': '/root/workspaces/ros2_ws/build/ffw_bringup', 'TURTLEBOT3_MODEL': 'burger', 'LC_ALL': 'en_US.UTF-8', 'PYTHONPATH': '/root/workspaces/ros2_ws/build/ffw_bringup/prefix_override:/usr/lib/python3/dist-packages/colcon_core/task/python/colcon_distutils_commands:/root/workspaces/ros2_ws/install/ffw_bringup/lib/python3.12/site-packages:/root/workspaces/ros2_ws/install/human_detector/lib/python3.12/site-packages:/root/workspaces/ros2_ws/install/ffw_teleop/lib/python3.12/site-packages:/root/workspaces/ros2_ws/install/ffw_bringup/lib/python3.12/site-packages:/opt/ros/jazzy/lib/python3.12/site-packages', 'COLCON': '1', 'CMAKE_PREFIX_PATH': '/root/workspaces/ros2_ws/install/ffw_description:/root/workspaces/ros2_ws/install/warehouse_worlds:/root/workspaces/ros2_ws/install/library_world:/root/workspaces/ros2_ws/install/ffw_swerve_drive_controller:/root/workspaces/ros2_ws/install/ffw_navigation:/root/workspaces/ros2_ws/install/ffw_moveit_config:/root/workspaces/turtlebot_ws/install/turtlebot3_simulations:/root/workspaces/turtlebot_ws/install/turtlebot3_gazebo:/root/workspaces/turtlebot_ws/install/turtlebot3_fake_node:/opt/ros/jazzy/opt/gz_sim_vendor:/opt/ros/jazzy/opt/gz_sensors_vendor:/opt/ros/jazzy/opt/gz_physics_vendor:/opt/ros/jazzy/opt/sdformat_vendor:/opt/ros/jazzy/opt/gz_gui_vendor:/opt/ros/jazzy/opt/gz_transport_vendor:/opt/ros/jazzy/opt/gz_rendering_vendor:/opt/ros/jazzy/opt/gz_plugin_vendor:/opt/ros/jazzy/opt/gz_fuel_tools_vendor:/opt/ros/jazzy/opt/gz_msgs_vendor:/opt/ros/jazzy/opt/gz_common_vendor:/opt/ros/jazzy/opt/gz_math_vendor:/opt/ros/jazzy/opt/gz_utils_vendor:/opt/ros/jazzy/opt/gz_tools_vendor:/opt/ros/jazzy/opt/gz_ogre_next_vendor:/opt/ros/jazzy/opt/gz_dartsim_vendor:/opt/ros/jazzy/opt/gz_cmake_vendor'}, 'shell': False}
[36.701384] (-) TimerEvent: {}
[36.801607] (-) TimerEvent: {}
[36.902180] (-) TimerEvent: {}
[37.002770] (-) TimerEvent: {}
[37.104316] (-) TimerEvent: {}
[37.119880] (warehouse_worlds) StdoutLine: {'line': b'-- Found ament_lint_auto: 0.17.5 (/opt/ros/jazzy/share/ament_lint_auto/cmake)\n'}
[37.204382] (-) TimerEvent: {}
[37.304757] (-) TimerEvent: {}
[37.304953] (ffw_swerve_drive_controller) StdoutLine: {'line': b'[ 28%] \x1b[34m\x1b[1mCreating deprecated header file /root/workspaces/ros2_ws/build/ffw_swerve_drive_controller/include/swerve_drive_controller_parameter.hpp\x1b[0m\n'}
[37.404852] (-) TimerEvent: {}
[37.426510] (ffw_bringup) StdoutLine: {'line': b'running egg_info\n'}
[37.426938] (ffw_bringup) StdoutLine: {'line': b'creating ../../../build/ffw_bringup/ffw_bringup.egg-info\n'}
[37.451270] (ffw_swerve_drive_controller) StdoutLine: {'line': b'[ 28%] Built target swerve_drive_controller_parameter\n'}
[37.502974] (ffw_bringup) StdoutLine: {'line': b'writing ../../../build/ffw_bringup/ffw_bringup.egg-info/PKG-INFO\n'}
[37.504930] (-) TimerEvent: {}
[37.533041] (ffw_bringup) StdoutLine: {'line': b'writing dependency_links to ../../../build/ffw_bringup/ffw_bringup.egg-info/dependency_links.txt\n'}
[37.549457] (ffw_bringup) StdoutLine: {'line': b'writing entry points to ../../../build/ffw_bringup/ffw_bringup.egg-info/entry_points.txt\n'}
[37.549589] (library_world) StdoutLine: {'line': b'-- Generating done (0.9s)\n'}
[37.554352] (ffw_bringup) StdoutLine: {'line': b'writing requirements to ../../../build/ffw_bringup/ffw_bringup.egg-info/requires.txt\n'}
[37.599282] (ffw_bringup) StdoutLine: {'line': b'writing top-level names to ../../../build/ffw_bringup/ffw_bringup.egg-info/top_level.txt\n'}
[37.605010] (-) TimerEvent: {}
[37.614029] (ffw_bringup) StdoutLine: {'line': b"writing manifest file '../../../build/ffw_bringup/ffw_bringup.egg-info/SOURCES.txt'\n"}
[37.705120] (-) TimerEvent: {}
[37.709461] (ffw_bringup) StdoutLine: {'line': b"reading manifest file '../../../build/ffw_bringup/ffw_bringup.egg-info/SOURCES.txt'\n"}
[37.717779] (ffw_bringup) StdoutLine: {'line': b"writing manifest file '../../../build/ffw_bringup/ffw_bringup.egg-info/SOURCES.txt'\n"}
[37.722615] (ffw_swerve_drive_controller) StdoutLine: {'line': b'[ 42%] \x1b[32mBuilding CXX object CMakeFiles/ffw_swerve_drive_controller.dir/src/swerve_drive_controller.cpp.o\x1b[0m\n'}
[37.727955] (ffw_bringup) StdoutLine: {'line': b'running build\n'}
[37.732616] (ffw_bringup) StdoutLine: {'line': b'running build_py\n'}
[37.732686] (ffw_bringup) StdoutLine: {'line': b'creating /root/workspaces/ros2_ws/build/ffw_bringup/build\n'}
[37.732739] (ffw_bringup) StdoutLine: {'line': b'creating /root/workspaces/ros2_ws/build/ffw_bringup/build/lib\n'}
[37.737981] (ffw_bringup) StdoutLine: {'line': b'creating /root/workspaces/ros2_ws/build/ffw_bringup/build/lib/ffw_bringup\n'}
[37.746513] (ffw_bringup) StdoutLine: {'line': b'copying ffw_bringup/head_eef_tracker.py -> /root/workspaces/ros2_ws/build/ffw_bringup/build/lib/ffw_bringup\n'}
[37.805538] (-) TimerEvent: {}
[37.809897] (ffw_bringup) StdoutLine: {'line': b'copying ffw_bringup/__init__.py -> /root/workspaces/ros2_ws/build/ffw_bringup/build/lib/ffw_bringup\n'}
[37.823814] (ffw_bringup) StdoutLine: {'line': b'copying ffw_bringup/joint_trajectory_executor.py -> /root/workspaces/ros2_ws/build/ffw_bringup/build/lib/ffw_bringup\n'}
[37.860174] (ffw_bringup) StdoutLine: {'line': b'running install\n'}
[37.904427] (ffw_bringup) StdoutLine: {'line': b'running install_lib\n'}
[37.917109] (-) TimerEvent: {}
[37.940914] (ffw_bringup) StdoutLine: {'line': b'creating /root/workspaces/ros2_ws/install/ffw_bringup/lib/python3.12/site-packages/ffw_bringup\n'}
[37.950438] (ffw_bringup) StdoutLine: {'line': b'copying /root/workspaces/ros2_ws/build/ffw_bringup/build/lib/ffw_bringup/head_eef_tracker.py -> /root/workspaces/ros2_ws/install/ffw_bringup/lib/python3.12/site-packages/ffw_bringup\n'}
[37.998254] (library_world) StdoutLine: {'line': b'-- Build files have been written to: /root/workspaces/ros2_ws/build/library_world\n'}
[38.013942] (library_world) CommandEnded: {'returncode': 0}
[38.017161] (-) TimerEvent: {}
[38.026280] (library_world) JobProgress: {'identifier': 'library_world', 'progress': 'build'}
[38.036773] (library_world) Command: {'cmd': ['/usr/bin/cmake', '--build', '/root/workspaces/ros2_ws/build/library_world', '--', '-j4', '-l4'], 'cwd': '/root/workspaces/ros2_ws/build/library_world', 'env': OrderedDict({'LESSOPEN': '| /usr/bin/lesspipe %s', 'ACTIVE_WS_PATH': '/root/workspaces/ros2_ws', 'GZ_SIM_RESOURCE_PATH': '/opt/ros/jazzy/share', 'SUPERVISOR_GROUP_NAME': 'ttyd', 'GZ_CONFIG_PATH': '/opt/ros/jazzy/opt/gz_sim_vendor/share/gz:/opt/ros/jazzy/opt/sdformat_vendor/share/gz:/opt/ros/jazzy/opt/gz_gui_vendor/share/gz:/opt/ros/jazzy/opt/gz_transport_vendor/share/gz:/opt/ros/jazzy/opt/gz_rendering_vendor/share/gz:/opt/ros/jazzy/opt/gz_plugin_vendor/share/gz:/opt/ros/jazzy/opt/gz_fuel_tools_vendor/share/gz:/opt/ros/jazzy/opt/gz_msgs_vendor/share/gz:/opt/ros/jazzy/opt/gz_common_vendor/share/gz', 'HOSTNAME': 'ip-172-31-7-13.eu-central-1.compute.internal', 'SHLVL': '1', 'LD_LIBRARY_PATH': '/root/workspaces/ros2_ws/install/ffw_swerve_drive_controller/lib:/root/workspaces/ros2_ws/install/ffw_navigation/lib:/opt/ros/jazzy/opt/gz_sim_vendor/lib:/opt/ros/jazzy/opt/gz_sensors_vendor/lib:/opt/ros/jazzy/opt/gz_physics_vendor/lib:/opt/ros/jazzy/opt/sdformat_vendor/lib:/opt/ros/jazzy/opt/rviz_ogre_vendor/lib:/opt/ros/jazzy/lib/x86_64-linux-gnu:/opt/ros/jazzy/opt/gz_gui_vendor/lib:/opt/ros/jazzy/opt/gz_transport_vendor/lib:/opt/ros/jazzy/opt/gz_rendering_vendor/lib:/opt/ros/jazzy/opt/gz_plugin_vendor/lib:/opt/ros/jazzy/opt/gz_fuel_tools_vendor/lib:/opt/ros/jazzy/opt/gz_msgs_vendor/lib:/opt/ros/jazzy/opt/gz_common_vendor/lib:/opt/ros/jazzy/opt/gz_math_vendor/lib:/opt/ros/jazzy/opt/gz_utils_vendor/lib:/opt/ros/jazzy/opt/gz_tools_vendor/lib:/opt/ros/jazzy/opt/gz_ogre_next_vendor/lib:/opt/ros/jazzy/opt/gz_dartsim_vendor/lib:/opt/ros/jazzy/opt/gz_cmake_vendor/lib:/opt/ros/jazzy/lib', 'HOME': '/root', 'EFS_PATH': '/workspaces/113baa83-0a52-42aa-9f6b-d5b552759739', 'OLDPWD': '/root/workspaces', 'ROS_PYTHON_VERSION': '3', 'AWS_CONTAINER_CREDENTIALS_RELATIVE_URI': '/v2/credentials/48044743-5268-4c30-9320-0b4a8b853c8f', 'AWS_EXECUTION_ENV': 'AWS_ECS_FARGATE', 'COLCON_PREFIX_PATH': '/root/workspaces/ros2_ws/install:/root/workspaces/turtlebot_ws/install', 'ECS_AGENT_URI': 'http://169.254.170.2/api/4afcdff0aca74170b17e4081b528c4c3-1842134484', 'ROS_DISTRO': 'jazzy', 'AWS_DEFAULT_REGION': 'eu-central-1', '_': '/usr/bin/colcon', 'ROS_VERSION': '2', 'ECS_CONTAINER_METADATA_URI_V4': 'http://169.254.170.2/v4/4afcdff0aca74170b17e4081b528c4c3-1842134484', 'TERM': 'xterm-256color', 'ECS_CONTAINER_METADATA_URI': 'http://169.254.170.2/v3/4afcdff0aca74170b17e4081b528c4c3-1842134484', 'SESSION_UUID': '113baa83-0a52-42aa-9f6b-d5b552759739', 'PATH': '/opt/ros/jazzy/opt/gz_msgs_vendor/bin:/opt/ros/jazzy/opt/gz_tools_vendor/bin:/opt/ros/jazzy/opt/gz_ogre_next_vendor/bin:/opt/ros/jazzy/bin:/usr/local/sbin:/usr/local/bin:/usr/sbin:/usr/bin:/sbin:/bin', 'XDG_RUNTIME_DIR': '/tmp/runtime-root', 'DISPLAY': ':1', 'LANG': 'en_US.UTF-8', 'LS_COLORS': 'rs=0:di=01;34:ln=01;36:mh=00:pi=40;33:so=01;35:do=01;35:bd=40;33;01:cd=40;33;01:or=40;31;01:mi=00:su=37;41:sg=30;43:ca=00:tw=30;42:ow=34;42:st=37;44:ex=01;32:*.tar=01;31:*.tgz=01;31:*.arc=01;31:*.arj=01;31:*.taz=01;31:*.lha=01;31:*.lz4=01;31:*.lzh=01;31:*.lzma=01;31:*.tlz=01;31:*.txz=01;31:*.tzo=01;31:*.t7z=01;31:*.zip=01;31:*.z=01;31:*.dz=01;31:*.gz=01;31:*.lrz=01;31:*.lz=01;31:*.lzo=01;31:*.xz=01;31:*.zst=01;31:*.tzst=01;31:*.bz2=01;31:*.bz=01;31:*.tbz=01;31:*.tbz2=01;31:*.tz=01;31:*.deb=01;31:*.rpm=01;31:*.jar=01;31:*.war=01;31:*.ear=01;31:*.sar=01;31:*.rar=01;31:*.alz=01;31:*.ace=01;31:*.zoo=01;31:*.cpio=01;31:*.7z=01;31:*.rz=01;31:*.cab=01;31:*.wim=01;31:*.swm=01;31:*.dwm=01;31:*.esd=01;31:*.avif=01;35:*.jpg=01;35:*.jpeg=01;35:*.mjpg=01;35:*.mjpeg=01;35:*.gif=01;35:*.bmp=01;35:*.pbm=01;35:*.pgm=01;35:*.ppm=01;35:*.tga=01;35:*.xbm=01;35:*.xpm=01;35:*.tif=01;35:*.tiff=01;35:*.png=01;35:*.svg=01;35:*.svgz=01;35:*.mng=01;35:*.pcx=01;35:*.mov=01;35:*.mpg=01;35:*.mpeg=01;35:*.m2v=01;35:*.mkv=01;35:*.webm=01;35:*.webp=01;35:*.ogm=01;35:*.mp4=01;35:*.m4v=01;35:*.mp4v=01;35:*.vob=01;35:*.qt=01;35:*.nuv=01;35:*.wmv=01;35:*.asf=01;35:*.rm=01;35:*.rmvb=01;35:*.flc=01;35:*.avi=01;35:*.fli=01;35:*.flv=01;35:*.gl=01;35:*.dl=01;35:*.xcf=01;35:*.xwd=01;35:*.yuv=01;35:*.cgm=01;35:*.emf=01;35:*.ogv=01;35:*.ogx=01;35:*.aac=00;36:*.au=00;36:*.flac=00;36:*.m4a=00;36:*.mid=00;36:*.midi=00;36:*.mka=00;36:*.mp3=00;36:*.mpc=00;36:*.ogg=00;36:*.ra=00;36:*.wav=00;36:*.oga=00;36:*.opus=00;36:*.spx=00;36:*.xspf=00;36:*~=00;90:*#=00;90:*.bak=00;90:*.crdownload=00;90:*.dpkg-dist=00;90:*.dpkg-new=00;90:*.dpkg-old=00;90:*.dpkg-tmp=00;90:*.old=00;90:*.orig=00;90:*.part=00;90:*.rej=00;90:*.rpmnew=00;90:*.rpmorig=00;90:*.rpmsave=00;90:*.swp=00;90:*.tmp=00;90:*.ucf-dist=00;90:*.ucf-new=00;90:*.ucf-old=00;90:', 'SUPERVISOR_ENABLED': '1', 'ROS_DOMAIN_ID': '30', 'AMENT_PREFIX_PATH': '/root/workspaces/ros2_ws/install/warehouse_worlds:/root/workspaces/ros2_ws/install/library_world:/root/workspaces/ros2_ws/install/human_detector:/root/workspaces/ros2_ws/install/ffw_teleop:/root/workspaces/ros2_ws/install/ffw_swerve_drive_controller:/root/workspaces/ros2_ws/install/ffw_navigation:/root/workspaces/ros2_ws/install/ffw_moveit_config:/root/workspaces/ros2_ws/install/ffw_bringup:/root/workspaces/ros2_ws/install/ffw_description:/root/workspaces/turtlebot_ws/install/turtlebot3_simulations:/root/workspaces/turtlebot_ws/install/turtlebot3_gazebo:/root/workspaces/turtlebot_ws/install/turtlebot3_fake_node:/opt/ros/jazzy', 'DEBIAN_FRONTEND': 'noninteractive', 'ACTIVE_WS_NAME': 'ros2_ws', 'AWS_REGION': 'eu-central-1', 'LESSCLOSE': '/usr/bin/lesspipe %s %s', 'SUPERVISOR_SERVER_URL': 'unix:///var/run/supervisor.sock', 'ROS_AUTOMATIC_DISCOVERY_RANGE': 'SUBNET', 'SUPERVISOR_PROCESS_NAME': 'ttyd', 'PWD': '/root/workspaces/ros2_ws/build/library_world', 'TURTLEBOT3_MODEL': 'burger', 'LC_ALL': 'en_US.UTF-8', 'PYTHONPATH': '/root/workspaces/ros2_ws/install/human_detector/lib/python3.12/site-packages:/root/workspaces/ros2_ws/install/ffw_teleop/lib/python3.12/site-packages:/root/workspaces/ros2_ws/install/ffw_bringup/lib/python3.12/site-packages:/opt/ros/jazzy/lib/python3.12/site-packages', 'COLCON': '1', 'CMAKE_PREFIX_PATH': '/root/workspaces/ros2_ws/install/warehouse_worlds:/root/workspaces/ros2_ws/install/library_world:/root/workspaces/ros2_ws/install/ffw_swerve_drive_controller:/root/workspaces/ros2_ws/install/ffw_navigation:/root/workspaces/ros2_ws/install/ffw_moveit_config:/root/workspaces/ros2_ws/install/ffw_description:/root/workspaces/turtlebot_ws/install/turtlebot3_simulations:/root/workspaces/turtlebot_ws/install/turtlebot3_gazebo:/root/workspaces/turtlebot_ws/install/turtlebot3_fake_node:/opt/ros/jazzy/opt/gz_sim_vendor:/opt/ros/jazzy/opt/gz_sensors_vendor:/opt/ros/jazzy/opt/gz_physics_vendor:/opt/ros/jazzy/opt/sdformat_vendor:/opt/ros/jazzy/opt/gz_gui_vendor:/opt/ros/jazzy/opt/gz_transport_vendor:/opt/ros/jazzy/opt/gz_rendering_vendor:/opt/ros/jazzy/opt/gz_plugin_vendor:/opt/ros/jazzy/opt/gz_fuel_tools_vendor:/opt/ros/jazzy/opt/gz_msgs_vendor:/opt/ros/jazzy/opt/gz_common_vendor:/opt/ros/jazzy/opt/gz_math_vendor:/opt/ros/jazzy/opt/gz_utils_vendor:/opt/ros/jazzy/opt/gz_tools_vendor:/opt/ros/jazzy/opt/gz_ogre_next_vendor:/opt/ros/jazzy/opt/gz_dartsim_vendor:/opt/ros/jazzy/opt/gz_cmake_vendor:/root/workspaces/ros2_ws/install/human_detector:/root/workspaces/ros2_ws/install/ffw_teleop:/root/workspaces/ros2_ws/install/ffw_bringup:/opt/ros/jazzy'}), 'shell': False}
[38.041368] (ffw_bringup) StdoutLine: {'line': b'copying /root/workspaces/ros2_ws/build/ffw_bringup/build/lib/ffw_bringup/__init__.py -> /root/workspaces/ros2_ws/install/ffw_bringup/lib/python3.12/site-packages/ffw_bringup\n'}
[38.046501] (ffw_bringup) StdoutLine: {'line': b'copying /root/workspaces/ros2_ws/build/ffw_bringup/build/lib/ffw_bringup/joint_trajectory_executor.py -> /root/workspaces/ros2_ws/install/ffw_bringup/lib/python3.12/site-packages/ffw_bringup\n'}
[38.110812] (ffw_bringup) StdoutLine: {'line': b'byte-compiling /root/workspaces/ros2_ws/install/ffw_bringup/lib/python3.12/site-packages/ffw_bringup/head_eef_tracker.py to head_eef_tracker.cpython-312.pyc\n'}
[38.117256] (-) TimerEvent: {}
[38.149481] (ffw_bringup) StdoutLine: {'line': b'byte-compiling /root/workspaces/ros2_ws/install/ffw_bringup/lib/python3.12/site-packages/ffw_bringup/__init__.py to __init__.cpython-312.pyc\n'}
[38.211609] (ffw_bringup) StdoutLine: {'line': b'byte-compiling /root/workspaces/ros2_ws/install/ffw_bringup/lib/python3.12/site-packages/ffw_bringup/joint_trajectory_executor.py to joint_trajectory_executor.cpython-312.pyc\n'}
[38.217327] (-) TimerEvent: {}
[38.244751] (ffw_bringup) StdoutLine: {'line': b'running install_data\n'}
[38.248060] (ffw_bringup) StdoutLine: {'line': b'creating /root/workspaces/ros2_ws/install/ffw_bringup/share/ament_index\n'}
[38.251543] (ffw_bringup) StdoutLine: {'line': b'creating /root/workspaces/ros2_ws/install/ffw_bringup/share/ament_index/resource_index\n'}
[38.308386] (ffw_bringup) StdoutLine: {'line': b'creating /root/workspaces/ros2_ws/install/ffw_bringup/share/ament_index/resource_index/packages\n'}
[38.333042] (-) TimerEvent: {}
[38.342027] (ffw_bringup) StdoutLine: {'line': b'copying resource/ffw_bringup -> /root/workspaces/ros2_ws/install/ffw_bringup/share/ament_index/resource_index/packages\n'}
[38.395006] (ffw_bringup) StdoutLine: {'line': b'copying package.xml -> /root/workspaces/ros2_ws/install/ffw_bringup/share/ffw_bringup\n'}
[38.406578] (ffw_bringup) StdoutLine: {'line': b'creating /root/workspaces/ros2_ws/install/ffw_bringup/share/ffw_bringup/launch\n'}
[38.427778] (library_world) CommandEnded: {'returncode': 0}
[38.437120] (-) TimerEvent: {}
[38.437225] (ffw_bringup) StdoutLine: {'line': b'copying launch/ffw_sh5_warehouse_storage_launch.launch.py -> /root/workspaces/ros2_ws/install/ffw_bringup/share/ffw_bringup/launch\n'}
[38.449087] (library_world) JobProgress: {'identifier': 'library_world', 'progress': 'install'}
[38.494919] (library_world) Command: {'cmd': ['/usr/bin/cmake', '--install', '/root/workspaces/ros2_ws/build/library_world'], 'cwd': '/root/workspaces/ros2_ws/build/library_world', 'env': OrderedDict({'LESSOPEN': '| /usr/bin/lesspipe %s', 'ACTIVE_WS_PATH': '/root/workspaces/ros2_ws', 'GZ_SIM_RESOURCE_PATH': '/opt/ros/jazzy/share', 'SUPERVISOR_GROUP_NAME': 'ttyd', 'GZ_CONFIG_PATH': '/opt/ros/jazzy/opt/gz_sim_vendor/share/gz:/opt/ros/jazzy/opt/sdformat_vendor/share/gz:/opt/ros/jazzy/opt/gz_gui_vendor/share/gz:/opt/ros/jazzy/opt/gz_transport_vendor/share/gz:/opt/ros/jazzy/opt/gz_rendering_vendor/share/gz:/opt/ros/jazzy/opt/gz_plugin_vendor/share/gz:/opt/ros/jazzy/opt/gz_fuel_tools_vendor/share/gz:/opt/ros/jazzy/opt/gz_msgs_vendor/share/gz:/opt/ros/jazzy/opt/gz_common_vendor/share/gz', 'HOSTNAME': 'ip-172-31-7-13.eu-central-1.compute.internal', 'SHLVL': '1', 'LD_LIBRARY_PATH': '/root/workspaces/ros2_ws/install/ffw_swerve_drive_controller/lib:/root/workspaces/ros2_ws/install/ffw_navigation/lib:/opt/ros/jazzy/opt/gz_sim_vendor/lib:/opt/ros/jazzy/opt/gz_sensors_vendor/lib:/opt/ros/jazzy/opt/gz_physics_vendor/lib:/opt/ros/jazzy/opt/sdformat_vendor/lib:/opt/ros/jazzy/opt/rviz_ogre_vendor/lib:/opt/ros/jazzy/lib/x86_64-linux-gnu:/opt/ros/jazzy/opt/gz_gui_vendor/lib:/opt/ros/jazzy/opt/gz_transport_vendor/lib:/opt/ros/jazzy/opt/gz_rendering_vendor/lib:/opt/ros/jazzy/opt/gz_plugin_vendor/lib:/opt/ros/jazzy/opt/gz_fuel_tools_vendor/lib:/opt/ros/jazzy/opt/gz_msgs_vendor/lib:/opt/ros/jazzy/opt/gz_common_vendor/lib:/opt/ros/jazzy/opt/gz_math_vendor/lib:/opt/ros/jazzy/opt/gz_utils_vendor/lib:/opt/ros/jazzy/opt/gz_tools_vendor/lib:/opt/ros/jazzy/opt/gz_ogre_next_vendor/lib:/opt/ros/jazzy/opt/gz_dartsim_vendor/lib:/opt/ros/jazzy/opt/gz_cmake_vendor/lib:/opt/ros/jazzy/lib', 'HOME': '/root', 'EFS_PATH': '/workspaces/113baa83-0a52-42aa-9f6b-d5b552759739', 'OLDPWD': '/root/workspaces', 'ROS_PYTHON_VERSION': '3', 'AWS_CONTAINER_CREDENTIALS_RELATIVE_URI': '/v2/credentials/48044743-5268-4c30-9320-0b4a8b853c8f', 'AWS_EXECUTION_ENV': 'AWS_ECS_FARGATE', 'COLCON_PREFIX_PATH': '/root/workspaces/ros2_ws/install:/root/workspaces/turtlebot_ws/install', 'ECS_AGENT_URI': 'http://169.254.170.2/api/4afcdff0aca74170b17e4081b528c4c3-1842134484', 'ROS_DISTRO': 'jazzy', 'AWS_DEFAULT_REGION': 'eu-central-1', '_': '/usr/bin/colcon', 'ROS_VERSION': '2', 'ECS_CONTAINER_METADATA_URI_V4': 'http://169.254.170.2/v4/4afcdff0aca74170b17e4081b528c4c3-1842134484', 'TERM': 'xterm-256color', 'ECS_CONTAINER_METADATA_URI': 'http://169.254.170.2/v3/4afcdff0aca74170b17e4081b528c4c3-1842134484', 'SESSION_UUID': '113baa83-0a52-42aa-9f6b-d5b552759739', 'PATH': '/opt/ros/jazzy/opt/gz_msgs_vendor/bin:/opt/ros/jazzy/opt/gz_tools_vendor/bin:/opt/ros/jazzy/opt/gz_ogre_next_vendor/bin:/opt/ros/jazzy/bin:/usr/local/sbin:/usr/local/bin:/usr/sbin:/usr/bin:/sbin:/bin', 'XDG_RUNTIME_DIR': '/tmp/runtime-root', 'DISPLAY': ':1', 'LANG': 'en_US.UTF-8', 'LS_COLORS': 'rs=0:di=01;34:ln=01;36:mh=00:pi=40;33:so=01;35:do=01;35:bd=40;33;01:cd=40;33;01:or=40;31;01:mi=00:su=37;41:sg=30;43:ca=00:tw=30;42:ow=34;42:st=37;44:ex=01;32:*.tar=01;31:*.tgz=01;31:*.arc=01;31:*.arj=01;31:*.taz=01;31:*.lha=01;31:*.lz4=01;31:*.lzh=01;31:*.lzma=01;31:*.tlz=01;31:*.txz=01;31:*.tzo=01;31:*.t7z=01;31:*.zip=01;31:*.z=01;31:*.dz=01;31:*.gz=01;31:*.lrz=01;31:*.lz=01;31:*.lzo=01;31:*.xz=01;31:*.zst=01;31:*.tzst=01;31:*.bz2=01;31:*.bz=01;31:*.tbz=01;31:*.tbz2=01;31:*.tz=01;31:*.deb=01;31:*.rpm=01;31:*.jar=01;31:*.war=01;31:*.ear=01;31:*.sar=01;31:*.rar=01;31:*.alz=01;31:*.ace=01;31:*.zoo=01;31:*.cpio=01;31:*.7z=01;31:*.rz=01;31:*.cab=01;31:*.wim=01;31:*.swm=01;31:*.dwm=01;31:*.esd=01;31:*.avif=01;35:*.jpg=01;35:*.jpeg=01;35:*.mjpg=01;35:*.mjpeg=01;35:*.gif=01;35:*.bmp=01;35:*.pbm=01;35:*.pgm=01;35:*.ppm=01;35:*.tga=01;35:*.xbm=01;35:*.xpm=01;35:*.tif=01;35:*.tiff=01;35:*.png=01;35:*.svg=01;35:*.svgz=01;35:*.mng=01;35:*.pcx=01;35:*.mov=01;35:*.mpg=01;35:*.mpeg=01;35:*.m2v=01;35:*.mkv=01;35:*.webm=01;35:*.webp=01;35:*.ogm=01;35:*.mp4=01;35:*.m4v=01;35:*.mp4v=01;35:*.vob=01;35:*.qt=01;35:*.nuv=01;35:*.wmv=01;35:*.asf=01;35:*.rm=01;35:*.rmvb=01;35:*.flc=01;35:*.avi=01;35:*.fli=01;35:*.flv=01;35:*.gl=01;35:*.dl=01;35:*.xcf=01;35:*.xwd=01;35:*.yuv=01;35:*.cgm=01;35:*.emf=01;35:*.ogv=01;35:*.ogx=01;35:*.aac=00;36:*.au=00;36:*.flac=00;36:*.m4a=00;36:*.mid=00;36:*.midi=00;36:*.mka=00;36:*.mp3=00;36:*.mpc=00;36:*.ogg=00;36:*.ra=00;36:*.wav=00;36:*.oga=00;36:*.opus=00;36:*.spx=00;36:*.xspf=00;36:*~=00;90:*#=00;90:*.bak=00;90:*.crdownload=00;90:*.dpkg-dist=00;90:*.dpkg-new=00;90:*.dpkg-old=00;90:*.dpkg-tmp=00;90:*.old=00;90:*.orig=00;90:*.part=00;90:*.rej=00;90:*.rpmnew=00;90:*.rpmorig=00;90:*.rpmsave=00;90:*.swp=00;90:*.tmp=00;90:*.ucf-dist=00;90:*.ucf-new=00;90:*.ucf-old=00;90:', 'SUPERVISOR_ENABLED': '1', 'ROS_DOMAIN_ID': '30', 'AMENT_PREFIX_PATH': '/root/workspaces/ros2_ws/install/warehouse_worlds:/root/workspaces/ros2_ws/install/library_world:/root/workspaces/ros2_ws/install/human_detector:/root/workspaces/ros2_ws/install/ffw_teleop:/root/workspaces/ros2_ws/install/ffw_swerve_drive_controller:/root/workspaces/ros2_ws/install/ffw_navigation:/root/workspaces/ros2_ws/install/ffw_moveit_config:/root/workspaces/ros2_ws/install/ffw_bringup:/root/workspaces/ros2_ws/install/ffw_description:/root/workspaces/turtlebot_ws/install/turtlebot3_simulations:/root/workspaces/turtlebot_ws/install/turtlebot3_gazebo:/root/workspaces/turtlebot_ws/install/turtlebot3_fake_node:/opt/ros/jazzy', 'DEBIAN_FRONTEND': 'noninteractive', 'ACTIVE_WS_NAME': 'ros2_ws', 'AWS_REGION': 'eu-central-1', 'LESSCLOSE': '/usr/bin/lesspipe %s %s', 'SUPERVISOR_SERVER_URL': 'unix:///var/run/supervisor.sock', 'ROS_AUTOMATIC_DISCOVERY_RANGE': 'SUBNET', 'SUPERVISOR_PROCESS_NAME': 'ttyd', 'PWD': '/root/workspaces/ros2_ws/build/library_world', 'TURTLEBOT3_MODEL': 'burger', 'LC_ALL': 'en_US.UTF-8', 'PYTHONPATH': '/root/workspaces/ros2_ws/install/human_detector/lib/python3.12/site-packages:/root/workspaces/ros2_ws/install/ffw_teleop/lib/python3.12/site-packages:/root/workspaces/ros2_ws/install/ffw_bringup/lib/python3.12/site-packages:/opt/ros/jazzy/lib/python3.12/site-packages', 'COLCON': '1', 'CMAKE_PREFIX_PATH': '/root/workspaces/ros2_ws/install/warehouse_worlds:/root/workspaces/ros2_ws/install/library_world:/root/workspaces/ros2_ws/install/ffw_swerve_drive_controller:/root/workspaces/ros2_ws/install/ffw_navigation:/root/workspaces/ros2_ws/install/ffw_moveit_config:/root/workspaces/ros2_ws/install/ffw_description:/root/workspaces/turtlebot_ws/install/turtlebot3_simulations:/root/workspaces/turtlebot_ws/install/turtlebot3_gazebo:/root/workspaces/turtlebot_ws/install/turtlebot3_fake_node:/opt/ros/jazzy/opt/gz_sim_vendor:/opt/ros/jazzy/opt/gz_sensors_vendor:/opt/ros/jazzy/opt/gz_physics_vendor:/opt/ros/jazzy/opt/sdformat_vendor:/opt/ros/jazzy/opt/gz_gui_vendor:/opt/ros/jazzy/opt/gz_transport_vendor:/opt/ros/jazzy/opt/gz_rendering_vendor:/opt/ros/jazzy/opt/gz_plugin_vendor:/opt/ros/jazzy/opt/gz_fuel_tools_vendor:/opt/ros/jazzy/opt/gz_msgs_vendor:/opt/ros/jazzy/opt/gz_common_vendor:/opt/ros/jazzy/opt/gz_math_vendor:/opt/ros/jazzy/opt/gz_utils_vendor:/opt/ros/jazzy/opt/gz_tools_vendor:/opt/ros/jazzy/opt/gz_ogre_next_vendor:/opt/ros/jazzy/opt/gz_dartsim_vendor:/opt/ros/jazzy/opt/gz_cmake_vendor:/root/workspaces/ros2_ws/install/human_detector:/root/workspaces/ros2_ws/install/ffw_teleop:/root/workspaces/ros2_ws/install/ffw_bringup:/opt/ros/jazzy'}), 'shell': False}
[38.495234] (ffw_bringup) StdoutLine: {'line': b'copying launch/ffw_sh5_warehouse_logistics_launch.launch.py -> /root/workspaces/ros2_ws/install/ffw_bringup/share/ffw_bringup/launch\n'}
[38.506561] (ffw_bringup) StdoutLine: {'line': b'copying launch/ffw_sh5_warehouse_distribution_launch.launch.py -> /root/workspaces/ros2_ws/install/ffw_bringup/share/ffw_bringup/launch\n'}
[38.516228] (library_world) StdoutLine: {'line': b'-- Install configuration: ""\n'}
[38.516303] (library_world) StdoutLine: {'line': b'-- Installing: /root/workspaces/ros2_ws/install/library_world/share/library_world//launch\n'}
[38.516356] (ffw_bringup) StdoutLine: {'line': b'copying launch/ffw_sh5_follower_ai_gazebo.launch.py -> /root/workspaces/ros2_ws/install/ffw_bringup/share/ffw_bringup/launch\n'}
[38.520327] (library_world) StdoutLine: {'line': b'-- Installing: /root/workspaces/ros2_ws/install/library_world/share/library_world//launch/library_world_launch.py\n'}
[38.530744] (ffw_bringup) StdoutLine: {'line': b'creating /root/workspaces/ros2_ws/install/ffw_bringup/share/ffw_bringup/config\n'}
[38.535171] (ffw_bringup) StdoutLine: {'line': b'creating /root/workspaces/ros2_ws/install/ffw_bringup/share/ffw_bringup/config/ffw_bg2_rev2_follower\n'}
[38.548306] (-) TimerEvent: {}
[38.548418] (ffw_bringup) StdoutLine: {'line': b'creating /root/workspaces/ros2_ws/install/ffw_bringup/share/ffw_bringup/config/ffw_bg2_rev3_follower\n'}
[38.548692] (ffw_bringup) StdoutLine: {'line': b'creating /root/workspaces/ros2_ws/install/ffw_bringup/share/ffw_bringup/config/ffw_bg2_rev4_follower\n'}
[38.594852] (ffw_bringup) StdoutLine: {'line': b'creating /root/workspaces/ros2_ws/install/ffw_bringup/share/ffw_bringup/config/ffw_bh5_rev1_follower\n'}
[38.598414] (ffw_bringup) StdoutLine: {'line': b'creating /root/workspaces/ros2_ws/install/ffw_bringup/share/ffw_bringup/config/ffw_sg2_rev1_follower\n'}
[38.608359] (library_world) StdoutLine: {'line': b'-- Installing: /root/workspaces/ros2_ws/install/library_world/share/library_world//world\n'}
[38.612328] (ffw_bringup) StdoutLine: {'line': b'creating /root/workspaces/ros2_ws/install/ffw_bringup/share/ffw_bringup/config/ffw_lg2_leader\n'}
[38.633605] (ffw_bringup) StdoutLine: {'line': b'creating /root/workspaces/ros2_ws/install/ffw_bringup/share/ffw_bringup/config/ffw_sh5_rev1_follower\n'}
[38.694897] (-) TimerEvent: {}
[38.703530] (ffw_bringup) StdoutLine: {'line': b'copying config/ffw_sh5_rev1_follower/ffw_sh5_follower_initial_positions.yaml -> /root/workspaces/ros2_ws/install/ffw_bringup/share/ffw_bringup/config/ffw_sh5_rev1_follower\n'}
[38.703644] (library_world) StdoutLine: {'line': b'-- Installing: /root/workspaces/ros2_ws/install/library_world/share/library_world//world/library.sdf\n'}
[38.714574] (ffw_bringup) StdoutLine: {'line': b'copying config/ffw_sh5_rev1_follower/ffw_sh5_follower_ai_hardware_controller.yaml -> /root/workspaces/ros2_ws/install/ffw_bringup/share/ffw_bringup/config/ffw_sh5_rev1_follower\n'}
[38.724328] (library_world) StdoutLine: {'line': b'-- Installing: /root/workspaces/ros2_ws/install/library_world/share/library_world//models\n'}
[38.736029] (ffw_bringup) StdoutLine: {'line': b'creating /root/workspaces/ros2_ws/install/ffw_bringup/share/ffw_bringup/config/common\n'}
[38.808518] (-) TimerEvent: {}
[38.817589] (ffw_bringup) StdoutLine: {'line': b'copying config/common/gz_bridge.yaml -> /root/workspaces/ros2_ws/install/ffw_bringup/share/ffw_bringup/config/common\n'}
[38.817701] (library_world) StdoutLine: {'line': b'-- Installing: /root/workspaces/ros2_ws/install/library_world/share/library_world//models/bookshelf_d\n'}
[38.829358] (library_world) StdoutLine: {'line': b'-- Installing: /root/workspaces/ros2_ws/install/library_world/share/library_world//models/bookshelf_d/model.sdf\n'}
[38.840463] (ffw_bringup) StdoutLine: {'line': b'creating /root/workspaces/ros2_ws/install/ffw_bringup/share/ffw_bringup/worlds\n'}
[38.852308] (ffw_bringup) StdoutLine: {'line': b'copying worlds/default.sdf -> /root/workspaces/ros2_ws/install/ffw_bringup/share/ffw_bringup/worlds\n'}
[38.906771] (ffw_bringup) StdoutLine: {'line': b'copying worlds/empty_world.sdf -> /root/workspaces/ros2_ws/install/ffw_bringup/share/ffw_bringup/worlds\n'}
[38.944727] (-) TimerEvent: {}
[38.954712] (library_world) StdoutLine: {'line': b'-- Installing: /root/workspaces/ros2_ws/install/library_world/share/library_world//models/bookshelf_d/materials\n'}
[38.954830] (ffw_bringup) StdoutLine: {'line': b'running install_egg_info\n'}
[39.004729] (library_world) StdoutLine: {'line': b'-- Installing: /root/workspaces/ros2_ws/install/library_world/share/library_world//models/bookshelf_d/materials/textures\n'}
[39.012769] (ffw_bringup) StdoutLine: {'line': b'Copying ../../../build/ffw_bringup/ffw_bringup.egg-info to /root/workspaces/ros2_ws/install/ffw_bringup/lib/python3.12/site-packages/ffw_bringup-1.2.0-py3.12.egg-info\n'}
[39.024559] (library_world) StdoutLine: {'line': b'-- Installing: /root/workspaces/ros2_ws/install/library_world/share/library_world//models/bookshelf_d/materials/textures/aws_BookshelfB_01.png\n'}
[39.044843] (-) TimerEvent: {}
[39.118339] (library_world) StdoutLine: {'line': b'-- Installing: /root/workspaces/ros2_ws/install/library_world/share/library_world//models/bookshelf_d/materials/textures/aws_BookshelfB_02.png\n'}
[39.139911] (ffw_bringup) StdoutLine: {'line': b'running install_scripts\n'}
[39.144942] (-) TimerEvent: {}
[39.208517] (library_world) StdoutLine: {'line': b'-- Installing: /root/workspaces/ros2_ws/install/library_world/share/library_world//models/bookshelf_d/model.config\n'}
[39.245041] (-) TimerEvent: {}
[39.299554] (library_world) StdoutLine: {'line': b'-- Installing: /root/workspaces/ros2_ws/install/library_world/share/library_world//models/bookshelf_d/meshes\n'}
[39.327332] (library_world) StdoutLine: {'line': b'-- Installing: /root/workspaces/ros2_ws/install/library_world/share/library_world//models/bookshelf_d/meshes/SHELVES.dae\n'}
[39.345128] (-) TimerEvent: {}
[39.412284] (library_world) StdoutLine: {'line': b'-- Installing: /root/workspaces/ros2_ws/install/library_world/share/library_world//models/floor\n'}
[39.431806] (library_world) StdoutLine: {'line': b'-- Installing: /root/workspaces/ros2_ws/install/library_world/share/library_world//models/floor/model.sdf\n'}
[39.445221] (-) TimerEvent: {}
[39.515286] (library_world) StdoutLine: {'line': b'-- Installing: /root/workspaces/ros2_ws/install/library_world/share/library_world//models/floor/materials\n'}
[39.535821] (library_world) StdoutLine: {'line': b'-- Installing: /root/workspaces/ros2_ws/install/library_world/share/library_world//models/floor/materials/textures\n'}
[39.545348] (-) TimerEvent: {}
[39.599854] (library_world) StdoutLine: {'line': b'-- Installing: /root/workspaces/ros2_ws/install/library_world/share/library_world//models/floor/materials/textures/aws_FloorB_01.png\n'}
[39.636914] (ffw_bringup) StdoutLine: {'line': b'Installing head_eef_tracker script to /root/workspaces/ros2_ws/install/ffw_bringup/lib/ffw_bringup\n'}
[39.645452] (-) TimerEvent: {}
[39.656234] (ffw_bringup) StdoutLine: {'line': b'Installing joint_trajectory_executor script to /root/workspaces/ros2_ws/install/ffw_bringup/lib/ffw_bringup\n'}
[39.704868] (ffw_bringup) StdoutLine: {'line': b"writing list of installed files to '/root/workspaces/ros2_ws/build/ffw_bringup/install.log'\n"}
[39.717520] (library_world) StdoutLine: {'line': b'-- Installing: /root/workspaces/ros2_ws/install/library_world/share/library_world//models/floor/model.config\n'}
[39.745549] (-) TimerEvent: {}
[39.796039] (library_world) StdoutLine: {'line': b'-- Installing: /root/workspaces/ros2_ws/install/library_world/share/library_world//models/floor/meshes\n'}
[39.813149] (library_world) StdoutLine: {'line': b'-- Installing: /root/workspaces/ros2_ws/install/library_world/share/library_world//models/floor/meshes/floor_collision.DAE\n'}
[39.817604] (warehouse_worlds) StdoutLine: {'line': b"-- Added test 'flake8' to check Python code syntax and style conventions\n"}
[39.822674] (warehouse_worlds) StdoutLine: {'line': b"-- Configured 'flake8' exclude dirs and/or files: \n"}
[39.845645] (-) TimerEvent: {}
[39.894691] (library_world) StdoutLine: {'line': b'-- Installing: /root/workspaces/ros2_ws/install/library_world/share/library_world//models/floor/meshes/floor_visual.DAE\n'}
[39.902231] (ffw_bringup) CommandEnded: {'returncode': 0}
[39.931150] (library_world) StdoutLine: {'line': b'-- Installing: /root/workspaces/ros2_ws/install/library_world/share/library_world//models/bookshelf_b\n'}
[39.945737] (-) TimerEvent: {}
[39.947095] (library_world) StdoutLine: {'line': b'-- Installing: /root/workspaces/ros2_ws/install/library_world/share/library_world//models/bookshelf_b/model.sdf\n'}
[40.009249] (warehouse_worlds) StdoutLine: {'line': b"-- Added test 'lint_cmake' to check CMake code style\n"}
[40.039529] (library_world) StdoutLine: {'line': b'-- Installing: /root/workspaces/ros2_ws/install/library_world/share/library_world//models/bookshelf_b/materials\n'}
[40.045812] (-) TimerEvent: {}
[40.054278] (library_world) StdoutLine: {'line': b'-- Installing: /root/workspaces/ros2_ws/install/library_world/share/library_world//models/bookshelf_b/materials/textures\n'}
[40.107717] (warehouse_worlds) StdoutLine: {'line': b"-- Added test 'pep257' to check Python code against some of the docstring style conventions in PEP 257\n"}
[40.114683] (library_world) StdoutLine: {'line': b'-- Installing: /root/workspaces/ros2_ws/install/library_world/share/library_world//models/bookshelf_b/materials/textures/aws_BookshelfA_02.png\n'}
[40.145905] (-) TimerEvent: {}
[40.246159] (-) TimerEvent: {}
[40.295807] (ffw_bringup) JobEnded: {'identifier': 'ffw_bringup', 'rc': 0}
[40.311992] (library_world) StdoutLine: {'line': b'-- Installing: /root/workspaces/ros2_ws/install/library_world/share/library_world//models/bookshelf_b/materials/textures/aws_BookshelfA_03.png\n'}
[40.346263] (-) TimerEvent: {}
[40.413798] (library_world) StdoutLine: {'line': b'-- Installing: /root/workspaces/ros2_ws/install/library_world/share/library_world//models/bookshelf_b/materials/textures/aws_BookshelfA_01.png\n'}
[40.446371] (-) TimerEvent: {}
[40.546666] (-) TimerEvent: {}
[40.612660] (library_world) StdoutLine: {'line': b'-- Installing: /root/workspaces/ros2_ws/install/library_world/share/library_world//models/bookshelf_b/model.config\n'}
[40.646781] (-) TimerEvent: {}
[40.700561] (library_world) StdoutLine: {'line': b'-- Installing: /root/workspaces/ros2_ws/install/library_world/share/library_world//models/bookshelf_b/meshes\n'}
[40.722005] (library_world) StdoutLine: {'line': b'-- Installing: /root/workspaces/ros2_ws/install/library_world/share/library_world//models/bookshelf_b/meshes/bookshelfb_collision.DAE\n'}
[40.750837] (-) TimerEvent: {}
[40.810098] (library_world) StdoutLine: {'line': b'-- Installing: /root/workspaces/ros2_ws/install/library_world/share/library_world//models/bookshelf_b/meshes/bookshelfb_visual.DAE\n'}
[40.845759] (warehouse_worlds) StdoutLine: {'line': b"-- Added test 'xmllint' to check XML markup files\n"}
[40.850940] (-) TimerEvent: {}
[41.008182] (-) TimerEvent: {}
[41.108489] (-) TimerEvent: {}
[41.131529] (warehouse_worlds) StdoutLine: {'line': b'-- Configuring done (13.2s)\n'}
[41.147146] (library_world) StdoutLine: {'line': b'-- Installing: /root/workspaces/ros2_ws/install/library_world/share/library_world//models/bookshelf_e\n'}
[41.199584] (library_world) StdoutLine: {'line': b'-- Installing: /root/workspaces/ros2_ws/install/library_world/share/library_world//models/bookshelf_e/model.sdf\n'}
[41.208574] (-) TimerEvent: {}
[41.238183] (library_world) StdoutLine: {'line': b'-- Installing: /root/workspaces/ros2_ws/install/library_world/share/library_world//models/bookshelf_e/materials\n'}
[41.256504] (library_world) StdoutLine: {'line': b'-- Installing: /root/workspaces/ros2_ws/install/library_world/share/library_world//models/bookshelf_e/materials/textures\n'}
[41.308704] (-) TimerEvent: {}
[41.312930] (library_world) StdoutLine: {'line': b'-- Installing: /root/workspaces/ros2_ws/install/library_world/share/library_world//models/bookshelf_e/materials/textures/aws_BookshelfC_01.png\n'}
[41.409212] (-) TimerEvent: {}
[41.509728] (-) TimerEvent: {}
[41.525057] (library_world) StdoutLine: {'line': b'-- Installing: /root/workspaces/ros2_ws/install/library_world/share/library_world//models/bookshelf_e/model.config\n'}
[41.609841] (-) TimerEvent: {}
[41.610586] (library_world) StdoutLine: {'line': b'-- Installing: /root/workspaces/ros2_ws/install/library_world/share/library_world//models/bookshelf_e/meshes\n'}
[41.627712] (library_world) StdoutLine: {'line': b'-- Installing: /root/workspaces/ros2_ws/install/library_world/share/library_world//models/bookshelf_e/meshes/bookshelfe_collision.DAE\n'}
[41.709957] (-) TimerEvent: {}
[41.711377] (library_world) StdoutLine: {'line': b'-- Installing: /root/workspaces/ros2_ws/install/library_world/share/library_world//models/bookshelf_e/meshes/bookshelfe_visual.DAE\n'}
[41.748452] (library_world) StdoutLine: {'line': b'-- Installing: /root/workspaces/ros2_ws/install/library_world/share/library_world//models/etgah_logo\n'}
[41.799515] (library_world) StdoutLine: {'line': b'-- Installing: /root/workspaces/ros2_ws/install/library_world/share/library_world//models/etgah_logo/model.sdf\n'}
[41.810057] (-) TimerEvent: {}
[41.835312] (library_world) StdoutLine: {'line': b'-- Installing: /root/workspaces/ros2_ws/install/library_world/share/library_world//models/etgah_logo/materials\n'}
[41.852085] (library_world) StdoutLine: {'line': b'-- Installing: /root/workspaces/ros2_ws/install/library_world/share/library_world//models/etgah_logo/materials/textures\n'}
[41.906741] (library_world) StdoutLine: {'line': b'-- Installing: /root/workspaces/ros2_ws/install/library_world/share/library_world//models/etgah_logo/materials/textures/logo.png\n'}
[41.910144] (-) TimerEvent: {}
[41.996007] (warehouse_worlds) StdoutLine: {'line': b'-- Generating done (0.8s)\n'}
[42.006976] (library_world) StdoutLine: {'line': b'-- Installing: /root/workspaces/ros2_ws/install/library_world/share/library_world//models/etgah_logo/model.config\n'}
[42.010240] (-) TimerEvent: {}
[42.053535] (library_world) StdoutLine: {'line': b'-- Installing: /root/workspaces/ros2_ws/install/library_world/share/library_world//models/sofa\n'}
[42.094946] (library_world) StdoutLine: {'line': b'-- Installing: /root/workspaces/ros2_ws/install/library_world/share/library_world//models/sofa/model.sdf\n'}
[42.110397] (-) TimerEvent: {}
[42.132919] (library_world) StdoutLine: {'line': b'-- Installing: /root/workspaces/ros2_ws/install/library_world/share/library_world//models/sofa/materials\n'}
[42.198449] (library_world) StdoutLine: {'line': b'-- Installing: /root/workspaces/ros2_ws/install/library_world/share/library_world//models/sofa/materials/textures\n'}
[42.210501] (-) TimerEvent: {}
[42.217172] (library_world) StdoutLine: {'line': b'-- Installing: /root/workspaces/ros2_ws/install/library_world/share/library_world//models/sofa/materials/textures/Wood1.jpg\n'}
[42.310616] (-) TimerEvent: {}
[42.311468] (library_world) StdoutLine: {'line': b'-- Installing: /root/workspaces/ros2_ws/install/library_world/share/library_world//models/sofa/materials/textures/Wood_Fine_AI_03-CW.jpg\n'}
[42.333666] (warehouse_worlds) StdoutLine: {'line': b'-- Build files have been written to: /root/workspaces/ros2_ws/build/warehouse_worlds\n'}
[42.338638] (warehouse_worlds) CommandEnded: {'returncode': 0}
[42.339960] (warehouse_worlds) JobProgress: {'identifier': 'warehouse_worlds', 'progress': 'build'}
[42.341324] (warehouse_worlds) Command: {'cmd': ['/usr/bin/cmake', '--build', '/root/workspaces/ros2_ws/build/warehouse_worlds', '--', '-j4', '-l4'], 'cwd': '/root/workspaces/ros2_ws/build/warehouse_worlds', 'env': OrderedDict({'LESSOPEN': '| /usr/bin/lesspipe %s', 'ACTIVE_WS_PATH': '/root/workspaces/ros2_ws', 'GZ_SIM_RESOURCE_PATH': '/opt/ros/jazzy/share', 'SUPERVISOR_GROUP_NAME': 'ttyd', 'GZ_CONFIG_PATH': '/opt/ros/jazzy/opt/gz_sim_vendor/share/gz:/opt/ros/jazzy/opt/sdformat_vendor/share/gz:/opt/ros/jazzy/opt/gz_gui_vendor/share/gz:/opt/ros/jazzy/opt/gz_transport_vendor/share/gz:/opt/ros/jazzy/opt/gz_rendering_vendor/share/gz:/opt/ros/jazzy/opt/gz_plugin_vendor/share/gz:/opt/ros/jazzy/opt/gz_fuel_tools_vendor/share/gz:/opt/ros/jazzy/opt/gz_msgs_vendor/share/gz:/opt/ros/jazzy/opt/gz_common_vendor/share/gz', 'HOSTNAME': 'ip-172-31-7-13.eu-central-1.compute.internal', 'SHLVL': '1', 'LD_LIBRARY_PATH': '/root/workspaces/ros2_ws/install/ffw_swerve_drive_controller/lib:/root/workspaces/ros2_ws/install/ffw_navigation/lib:/opt/ros/jazzy/opt/gz_sim_vendor/lib:/opt/ros/jazzy/opt/gz_sensors_vendor/lib:/opt/ros/jazzy/opt/gz_physics_vendor/lib:/opt/ros/jazzy/opt/sdformat_vendor/lib:/opt/ros/jazzy/opt/rviz_ogre_vendor/lib:/opt/ros/jazzy/lib/x86_64-linux-gnu:/opt/ros/jazzy/opt/gz_gui_vendor/lib:/opt/ros/jazzy/opt/gz_transport_vendor/lib:/opt/ros/jazzy/opt/gz_rendering_vendor/lib:/opt/ros/jazzy/opt/gz_plugin_vendor/lib:/opt/ros/jazzy/opt/gz_fuel_tools_vendor/lib:/opt/ros/jazzy/opt/gz_msgs_vendor/lib:/opt/ros/jazzy/opt/gz_common_vendor/lib:/opt/ros/jazzy/opt/gz_math_vendor/lib:/opt/ros/jazzy/opt/gz_utils_vendor/lib:/opt/ros/jazzy/opt/gz_tools_vendor/lib:/opt/ros/jazzy/opt/gz_ogre_next_vendor/lib:/opt/ros/jazzy/opt/gz_dartsim_vendor/lib:/opt/ros/jazzy/opt/gz_cmake_vendor/lib:/opt/ros/jazzy/lib', 'HOME': '/root', 'EFS_PATH': '/workspaces/113baa83-0a52-42aa-9f6b-d5b552759739', 'OLDPWD': '/root/workspaces', 'ROS_PYTHON_VERSION': '3', 'AWS_CONTAINER_CREDENTIALS_RELATIVE_URI': '/v2/credentials/48044743-5268-4c30-9320-0b4a8b853c8f', 'AWS_EXECUTION_ENV': 'AWS_ECS_FARGATE', 'COLCON_PREFIX_PATH': '/root/workspaces/ros2_ws/install:/root/workspaces/turtlebot_ws/install', 'ECS_AGENT_URI': 'http://169.254.170.2/api/4afcdff0aca74170b17e4081b528c4c3-1842134484', 'ROS_DISTRO': 'jazzy', 'AWS_DEFAULT_REGION': 'eu-central-1', '_': '/usr/bin/colcon', 'ROS_VERSION': '2', 'ECS_CONTAINER_METADATA_URI_V4': 'http://169.254.170.2/v4/4afcdff0aca74170b17e4081b528c4c3-1842134484', 'TERM': 'xterm-256color', 'ECS_CONTAINER_METADATA_URI': 'http://169.254.170.2/v3/4afcdff0aca74170b17e4081b528c4c3-1842134484', 'SESSION_UUID': '113baa83-0a52-42aa-9f6b-d5b552759739', 'PATH': '/opt/ros/jazzy/opt/gz_msgs_vendor/bin:/opt/ros/jazzy/opt/gz_tools_vendor/bin:/opt/ros/jazzy/opt/gz_ogre_next_vendor/bin:/opt/ros/jazzy/bin:/usr/local/sbin:/usr/local/bin:/usr/sbin:/usr/bin:/sbin:/bin', 'XDG_RUNTIME_DIR': '/tmp/runtime-root', 'DISPLAY': ':1', 'LANG': 'en_US.UTF-8', 'LS_COLORS': 'rs=0:di=01;34:ln=01;36:mh=00:pi=40;33:so=01;35:do=01;35:bd=40;33;01:cd=40;33;01:or=40;31;01:mi=00:su=37;41:sg=30;43:ca=00:tw=30;42:ow=34;42:st=37;44:ex=01;32:*.tar=01;31:*.tgz=01;31:*.arc=01;31:*.arj=01;31:*.taz=01;31:*.lha=01;31:*.lz4=01;31:*.lzh=01;31:*.lzma=01;31:*.tlz=01;31:*.txz=01;31:*.tzo=01;31:*.t7z=01;31:*.zip=01;31:*.z=01;31:*.dz=01;31:*.gz=01;31:*.lrz=01;31:*.lz=01;31:*.lzo=01;31:*.xz=01;31:*.zst=01;31:*.tzst=01;31:*.bz2=01;31:*.bz=01;31:*.tbz=01;31:*.tbz2=01;31:*.tz=01;31:*.deb=01;31:*.rpm=01;31:*.jar=01;31:*.war=01;31:*.ear=01;31:*.sar=01;31:*.rar=01;31:*.alz=01;31:*.ace=01;31:*.zoo=01;31:*.cpio=01;31:*.7z=01;31:*.rz=01;31:*.cab=01;31:*.wim=01;31:*.swm=01;31:*.dwm=01;31:*.esd=01;31:*.avif=01;35:*.jpg=01;35:*.jpeg=01;35:*.mjpg=01;35:*.mjpeg=01;35:*.gif=01;35:*.bmp=01;35:*.pbm=01;35:*.pgm=01;35:*.ppm=01;35:*.tga=01;35:*.xbm=01;35:*.xpm=01;35:*.tif=01;35:*.tiff=01;35:*.png=01;35:*.svg=01;35:*.svgz=01;35:*.mng=01;35:*.pcx=01;35:*.mov=01;35:*.mpg=01;35:*.mpeg=01;35:*.m2v=01;35:*.mkv=01;35:*.webm=01;35:*.webp=01;35:*.ogm=01;35:*.mp4=01;35:*.m4v=01;35:*.mp4v=01;35:*.vob=01;35:*.qt=01;35:*.nuv=01;35:*.wmv=01;35:*.asf=01;35:*.rm=01;35:*.rmvb=01;35:*.flc=01;35:*.avi=01;35:*.fli=01;35:*.flv=01;35:*.gl=01;35:*.dl=01;35:*.xcf=01;35:*.xwd=01;35:*.yuv=01;35:*.cgm=01;35:*.emf=01;35:*.ogv=01;35:*.ogx=01;35:*.aac=00;36:*.au=00;36:*.flac=00;36:*.m4a=00;36:*.mid=00;36:*.midi=00;36:*.mka=00;36:*.mp3=00;36:*.mpc=00;36:*.ogg=00;36:*.ra=00;36:*.wav=00;36:*.oga=00;36:*.opus=00;36:*.spx=00;36:*.xspf=00;36:*~=00;90:*#=00;90:*.bak=00;90:*.crdownload=00;90:*.dpkg-dist=00;90:*.dpkg-new=00;90:*.dpkg-old=00;90:*.dpkg-tmp=00;90:*.old=00;90:*.orig=00;90:*.part=00;90:*.rej=00;90:*.rpmnew=00;90:*.rpmorig=00;90:*.rpmsave=00;90:*.swp=00;90:*.tmp=00;90:*.ucf-dist=00;90:*.ucf-new=00;90:*.ucf-old=00;90:', 'SUPERVISOR_ENABLED': '1', 'ROS_DOMAIN_ID': '30', 'AMENT_PREFIX_PATH': '/root/workspaces/ros2_ws/install/warehouse_worlds:/root/workspaces/ros2_ws/install/library_world:/root/workspaces/ros2_ws/install/human_detector:/root/workspaces/ros2_ws/install/ffw_teleop:/root/workspaces/ros2_ws/install/ffw_swerve_drive_controller:/root/workspaces/ros2_ws/install/ffw_navigation:/root/workspaces/ros2_ws/install/ffw_moveit_config:/root/workspaces/ros2_ws/install/ffw_bringup:/root/workspaces/ros2_ws/install/ffw_description:/root/workspaces/turtlebot_ws/install/turtlebot3_simulations:/root/workspaces/turtlebot_ws/install/turtlebot3_gazebo:/root/workspaces/turtlebot_ws/install/turtlebot3_fake_node:/opt/ros/jazzy', 'DEBIAN_FRONTEND': 'noninteractive', 'ACTIVE_WS_NAME': 'ros2_ws', 'AWS_REGION': 'eu-central-1', 'LESSCLOSE': '/usr/bin/lesspipe %s %s', 'SUPERVISOR_SERVER_URL': 'unix:///var/run/supervisor.sock', 'ROS_AUTOMATIC_DISCOVERY_RANGE': 'SUBNET', 'SUPERVISOR_PROCESS_NAME': 'ttyd', 'PWD': '/root/workspaces/ros2_ws/build/warehouse_worlds', 'TURTLEBOT3_MODEL': 'burger', 'LC_ALL': 'en_US.UTF-8', 'PYTHONPATH': '/root/workspaces/ros2_ws/install/human_detector/lib/python3.12/site-packages:/root/workspaces/ros2_ws/install/ffw_teleop/lib/python3.12/site-packages:/root/workspaces/ros2_ws/install/ffw_bringup/lib/python3.12/site-packages:/opt/ros/jazzy/lib/python3.12/site-packages', 'COLCON': '1', 'CMAKE_PREFIX_PATH': '/root/workspaces/ros2_ws/install/warehouse_worlds:/root/workspaces/ros2_ws/install/library_world:/root/workspaces/ros2_ws/install/ffw_swerve_drive_controller:/root/workspaces/ros2_ws/install/ffw_navigation:/root/workspaces/ros2_ws/install/ffw_moveit_config:/root/workspaces/ros2_ws/install/ffw_description:/root/workspaces/turtlebot_ws/install/turtlebot3_simulations:/root/workspaces/turtlebot_ws/install/turtlebot3_gazebo:/root/workspaces/turtlebot_ws/install/turtlebot3_fake_node:/opt/ros/jazzy/opt/gz_sim_vendor:/opt/ros/jazzy/opt/gz_sensors_vendor:/opt/ros/jazzy/opt/gz_physics_vendor:/opt/ros/jazzy/opt/sdformat_vendor:/opt/ros/jazzy/opt/gz_gui_vendor:/opt/ros/jazzy/opt/gz_transport_vendor:/opt/ros/jazzy/opt/gz_rendering_vendor:/opt/ros/jazzy/opt/gz_plugin_vendor:/opt/ros/jazzy/opt/gz_fuel_tools_vendor:/opt/ros/jazzy/opt/gz_msgs_vendor:/opt/ros/jazzy/opt/gz_common_vendor:/opt/ros/jazzy/opt/gz_math_vendor:/opt/ros/jazzy/opt/gz_utils_vendor:/opt/ros/jazzy/opt/gz_tools_vendor:/opt/ros/jazzy/opt/gz_ogre_next_vendor:/opt/ros/jazzy/opt/gz_dartsim_vendor:/opt/ros/jazzy/opt/gz_cmake_vendor:/root/workspaces/ros2_ws/install/human_detector:/root/workspaces/ros2_ws/install/ffw_teleop:/root/workspaces/ros2_ws/install/ffw_bringup:/opt/ros/jazzy'}), 'shell': False}
[42.399431] (library_world) StdoutLine: {'line': b'-- Installing: /root/workspaces/ros2_ws/install/library_world/share/library_world//models/sofa/model.config\n'}
[42.410690] (-) TimerEvent: {}
[42.432662] (library_world) StdoutLine: {'line': b'-- Installing: /root/workspaces/ros2_ws/install/library_world/share/library_world//models/sofa/meshes\n'}
[42.447975] (library_world) StdoutLine: {'line': b'-- Installing: /root/workspaces/ros2_ws/install/library_world/share/library_world//models/sofa/meshes/Sofa3\n'}
[42.509329] (library_world) StdoutLine: {'line': b'-- Installing: /root/workspaces/ros2_ws/install/library_world/share/library_world//models/sofa/meshes/Sofa3/Wood1.jpg\n'}
[42.510775] (-) TimerEvent: {}
[42.612619] (warehouse_worlds) CommandEnded: {'returncode': 0}
[42.612928] (-) TimerEvent: {}
[42.614789] (library_world) StdoutLine: {'line': b'-- Installing: /root/workspaces/ros2_ws/install/library_world/share/library_world//models/sofa/meshes/Sofa3/Wood_Fine_AI_03-CW.jpg\n'}
[42.622544] (warehouse_worlds) JobProgress: {'identifier': 'warehouse_worlds', 'progress': 'install'}
[42.623111] (warehouse_worlds) Command: {'cmd': ['/usr/bin/cmake', '--install', '/root/workspaces/ros2_ws/build/warehouse_worlds'], 'cwd': '/root/workspaces/ros2_ws/build/warehouse_worlds', 'env': OrderedDict({'LESSOPEN': '| /usr/bin/lesspipe %s', 'ACTIVE_WS_PATH': '/root/workspaces/ros2_ws', 'GZ_SIM_RESOURCE_PATH': '/opt/ros/jazzy/share', 'SUPERVISOR_GROUP_NAME': 'ttyd', 'GZ_CONFIG_PATH': '/opt/ros/jazzy/opt/gz_sim_vendor/share/gz:/opt/ros/jazzy/opt/sdformat_vendor/share/gz:/opt/ros/jazzy/opt/gz_gui_vendor/share/gz:/opt/ros/jazzy/opt/gz_transport_vendor/share/gz:/opt/ros/jazzy/opt/gz_rendering_vendor/share/gz:/opt/ros/jazzy/opt/gz_plugin_vendor/share/gz:/opt/ros/jazzy/opt/gz_fuel_tools_vendor/share/gz:/opt/ros/jazzy/opt/gz_msgs_vendor/share/gz:/opt/ros/jazzy/opt/gz_common_vendor/share/gz', 'HOSTNAME': 'ip-172-31-7-13.eu-central-1.compute.internal', 'SHLVL': '1', 'LD_LIBRARY_PATH': '/root/workspaces/ros2_ws/install/ffw_swerve_drive_controller/lib:/root/workspaces/ros2_ws/install/ffw_navigation/lib:/opt/ros/jazzy/opt/gz_sim_vendor/lib:/opt/ros/jazzy/opt/gz_sensors_vendor/lib:/opt/ros/jazzy/opt/gz_physics_vendor/lib:/opt/ros/jazzy/opt/sdformat_vendor/lib:/opt/ros/jazzy/opt/rviz_ogre_vendor/lib:/opt/ros/jazzy/lib/x86_64-linux-gnu:/opt/ros/jazzy/opt/gz_gui_vendor/lib:/opt/ros/jazzy/opt/gz_transport_vendor/lib:/opt/ros/jazzy/opt/gz_rendering_vendor/lib:/opt/ros/jazzy/opt/gz_plugin_vendor/lib:/opt/ros/jazzy/opt/gz_fuel_tools_vendor/lib:/opt/ros/jazzy/opt/gz_msgs_vendor/lib:/opt/ros/jazzy/opt/gz_common_vendor/lib:/opt/ros/jazzy/opt/gz_math_vendor/lib:/opt/ros/jazzy/opt/gz_utils_vendor/lib:/opt/ros/jazzy/opt/gz_tools_vendor/lib:/opt/ros/jazzy/opt/gz_ogre_next_vendor/lib:/opt/ros/jazzy/opt/gz_dartsim_vendor/lib:/opt/ros/jazzy/opt/gz_cmake_vendor/lib:/opt/ros/jazzy/lib', 'HOME': '/root', 'EFS_PATH': '/workspaces/113baa83-0a52-42aa-9f6b-d5b552759739', 'OLDPWD': '/root/workspaces', 'ROS_PYTHON_VERSION': '3', 'AWS_CONTAINER_CREDENTIALS_RELATIVE_URI': '/v2/credentials/48044743-5268-4c30-9320-0b4a8b853c8f', 'AWS_EXECUTION_ENV': 'AWS_ECS_FARGATE', 'COLCON_PREFIX_PATH': '/root/workspaces/ros2_ws/install:/root/workspaces/turtlebot_ws/install', 'ECS_AGENT_URI': 'http://169.254.170.2/api/4afcdff0aca74170b17e4081b528c4c3-1842134484', 'ROS_DISTRO': 'jazzy', 'AWS_DEFAULT_REGION': 'eu-central-1', '_': '/usr/bin/colcon', 'ROS_VERSION': '2', 'ECS_CONTAINER_METADATA_URI_V4': 'http://169.254.170.2/v4/4afcdff0aca74170b17e4081b528c4c3-1842134484', 'TERM': 'xterm-256color', 'ECS_CONTAINER_METADATA_URI': 'http://169.254.170.2/v3/4afcdff0aca74170b17e4081b528c4c3-1842134484', 'SESSION_UUID': '113baa83-0a52-42aa-9f6b-d5b552759739', 'PATH': '/opt/ros/jazzy/opt/gz_msgs_vendor/bin:/opt/ros/jazzy/opt/gz_tools_vendor/bin:/opt/ros/jazzy/opt/gz_ogre_next_vendor/bin:/opt/ros/jazzy/bin:/usr/local/sbin:/usr/local/bin:/usr/sbin:/usr/bin:/sbin:/bin', 'XDG_RUNTIME_DIR': '/tmp/runtime-root', 'DISPLAY': ':1', 'LANG': 'en_US.UTF-8', 'LS_COLORS': 'rs=0:di=01;34:ln=01;36:mh=00:pi=40;33:so=01;35:do=01;35:bd=40;33;01:cd=40;33;01:or=40;31;01:mi=00:su=37;41:sg=30;43:ca=00:tw=30;42:ow=34;42:st=37;44:ex=01;32:*.tar=01;31:*.tgz=01;31:*.arc=01;31:*.arj=01;31:*.taz=01;31:*.lha=01;31:*.lz4=01;31:*.lzh=01;31:*.lzma=01;31:*.tlz=01;31:*.txz=01;31:*.tzo=01;31:*.t7z=01;31:*.zip=01;31:*.z=01;31:*.dz=01;31:*.gz=01;31:*.lrz=01;31:*.lz=01;31:*.lzo=01;31:*.xz=01;31:*.zst=01;31:*.tzst=01;31:*.bz2=01;31:*.bz=01;31:*.tbz=01;31:*.tbz2=01;31:*.tz=01;31:*.deb=01;31:*.rpm=01;31:*.jar=01;31:*.war=01;31:*.ear=01;31:*.sar=01;31:*.rar=01;31:*.alz=01;31:*.ace=01;31:*.zoo=01;31:*.cpio=01;31:*.7z=01;31:*.rz=01;31:*.cab=01;31:*.wim=01;31:*.swm=01;31:*.dwm=01;31:*.esd=01;31:*.avif=01;35:*.jpg=01;35:*.jpeg=01;35:*.mjpg=01;35:*.mjpeg=01;35:*.gif=01;35:*.bmp=01;35:*.pbm=01;35:*.pgm=01;35:*.ppm=01;35:*.tga=01;35:*.xbm=01;35:*.xpm=01;35:*.tif=01;35:*.tiff=01;35:*.png=01;35:*.svg=01;35:*.svgz=01;35:*.mng=01;35:*.pcx=01;35:*.mov=01;35:*.mpg=01;35:*.mpeg=01;35:*.m2v=01;35:*.mkv=01;35:*.webm=01;35:*.webp=01;35:*.ogm=01;35:*.mp4=01;35:*.m4v=01;35:*.mp4v=01;35:*.vob=01;35:*.qt=01;35:*.nuv=01;35:*.wmv=01;35:*.asf=01;35:*.rm=01;35:*.rmvb=01;35:*.flc=01;35:*.avi=01;35:*.fli=01;35:*.flv=01;35:*.gl=01;35:*.dl=01;35:*.xcf=01;35:*.xwd=01;35:*.yuv=01;35:*.cgm=01;35:*.emf=01;35:*.ogv=01;35:*.ogx=01;35:*.aac=00;36:*.au=00;36:*.flac=00;36:*.m4a=00;36:*.mid=00;36:*.midi=00;36:*.mka=00;36:*.mp3=00;36:*.mpc=00;36:*.ogg=00;36:*.ra=00;36:*.wav=00;36:*.oga=00;36:*.opus=00;36:*.spx=00;36:*.xspf=00;36:*~=00;90:*#=00;90:*.bak=00;90:*.crdownload=00;90:*.dpkg-dist=00;90:*.dpkg-new=00;90:*.dpkg-old=00;90:*.dpkg-tmp=00;90:*.old=00;90:*.orig=00;90:*.part=00;90:*.rej=00;90:*.rpmnew=00;90:*.rpmorig=00;90:*.rpmsave=00;90:*.swp=00;90:*.tmp=00;90:*.ucf-dist=00;90:*.ucf-new=00;90:*.ucf-old=00;90:', 'SUPERVISOR_ENABLED': '1', 'ROS_DOMAIN_ID': '30', 'AMENT_PREFIX_PATH': '/root/workspaces/ros2_ws/install/warehouse_worlds:/root/workspaces/ros2_ws/install/library_world:/root/workspaces/ros2_ws/install/human_detector:/root/workspaces/ros2_ws/install/ffw_teleop:/root/workspaces/ros2_ws/install/ffw_swerve_drive_controller:/root/workspaces/ros2_ws/install/ffw_navigation:/root/workspaces/ros2_ws/install/ffw_moveit_config:/root/workspaces/ros2_ws/install/ffw_bringup:/root/workspaces/ros2_ws/install/ffw_description:/root/workspaces/turtlebot_ws/install/turtlebot3_simulations:/root/workspaces/turtlebot_ws/install/turtlebot3_gazebo:/root/workspaces/turtlebot_ws/install/turtlebot3_fake_node:/opt/ros/jazzy', 'DEBIAN_FRONTEND': 'noninteractive', 'ACTIVE_WS_NAME': 'ros2_ws', 'AWS_REGION': 'eu-central-1', 'LESSCLOSE': '/usr/bin/lesspipe %s %s', 'SUPERVISOR_SERVER_URL': 'unix:///var/run/supervisor.sock', 'ROS_AUTOMATIC_DISCOVERY_RANGE': 'SUBNET', 'SUPERVISOR_PROCESS_NAME': 'ttyd', 'PWD': '/root/workspaces/ros2_ws/build/warehouse_worlds', 'TURTLEBOT3_MODEL': 'burger', 'LC_ALL': 'en_US.UTF-8', 'PYTHONPATH': '/root/workspaces/ros2_ws/install/human_detector/lib/python3.12/site-packages:/root/workspaces/ros2_ws/install/ffw_teleop/lib/python3.12/site-packages:/root/workspaces/ros2_ws/install/ffw_bringup/lib/python3.12/site-packages:/opt/ros/jazzy/lib/python3.12/site-packages', 'COLCON': '1', 'CMAKE_PREFIX_PATH': '/root/workspaces/ros2_ws/install/warehouse_worlds:/root/workspaces/ros2_ws/install/library_world:/root/workspaces/ros2_ws/install/ffw_swerve_drive_controller:/root/workspaces/ros2_ws/install/ffw_navigation:/root/workspaces/ros2_ws/install/ffw_moveit_config:/root/workspaces/ros2_ws/install/ffw_description:/root/workspaces/turtlebot_ws/install/turtlebot3_simulations:/root/workspaces/turtlebot_ws/install/turtlebot3_gazebo:/root/workspaces/turtlebot_ws/install/turtlebot3_fake_node:/opt/ros/jazzy/opt/gz_sim_vendor:/opt/ros/jazzy/opt/gz_sensors_vendor:/opt/ros/jazzy/opt/gz_physics_vendor:/opt/ros/jazzy/opt/sdformat_vendor:/opt/ros/jazzy/opt/gz_gui_vendor:/opt/ros/jazzy/opt/gz_transport_vendor:/opt/ros/jazzy/opt/gz_rendering_vendor:/opt/ros/jazzy/opt/gz_plugin_vendor:/opt/ros/jazzy/opt/gz_fuel_tools_vendor:/opt/ros/jazzy/opt/gz_msgs_vendor:/opt/ros/jazzy/opt/gz_common_vendor:/opt/ros/jazzy/opt/gz_math_vendor:/opt/ros/jazzy/opt/gz_utils_vendor:/opt/ros/jazzy/opt/gz_tools_vendor:/opt/ros/jazzy/opt/gz_ogre_next_vendor:/opt/ros/jazzy/opt/gz_dartsim_vendor:/opt/ros/jazzy/opt/gz_cmake_vendor:/root/workspaces/ros2_ws/install/human_detector:/root/workspaces/ros2_ws/install/ffw_teleop:/root/workspaces/ros2_ws/install/ffw_bringup:/opt/ros/jazzy'}), 'shell': False}
[42.711116] (library_world) StdoutLine: {'line': b'-- Installing: /root/workspaces/ros2_ws/install/library_world/share/library_world//models/sofa/meshes/sofa.dae\n'}
[42.713009] (-) TimerEvent: {}
[42.724900] (warehouse_worlds) StdoutLine: {'line': b'-- Install configuration: ""\n'}
[42.725159] (warehouse_worlds) StdoutLine: {'line': b'-- Installing: /root/workspaces/ros2_ws/install/warehouse_worlds/share/warehouse_worlds//launch\n'}
[42.813134] (-) TimerEvent: {}
[42.813590] (warehouse_worlds) StdoutLine: {'line': b'-- Installing: /root/workspaces/ros2_ws/install/warehouse_worlds/share/warehouse_worlds//launch/warehouse_distribution_launch.launch.py\n'}
[42.840993] (library_world) StdoutLine: {'line': b'-- Installing: /root/workspaces/ros2_ws/install/library_world/share/library_world//models/bookshelf\n'}
[42.897430] (warehouse_worlds) StdoutLine: {'line': b'-- Installing: /root/workspaces/ros2_ws/install/warehouse_worlds/share/warehouse_worlds//launch/warehouse_storage_launch.launch.py\n'}
[42.898340] (library_world) StdoutLine: {'line': b'-- Installing: /root/workspaces/ros2_ws/install/library_world/share/library_world//models/bookshelf/model.sdf\n'}
[42.913532] (-) TimerEvent: {}
[42.935629] (library_world) StdoutLine: {'line': b'-- Installing: /root/workspaces/ros2_ws/install/library_world/share/library_world//models/bookshelf/materials\n'}
[42.939937] (warehouse_worlds) StdoutLine: {'line': b'-- Installing: /root/workspaces/ros2_ws/install/warehouse_worlds/share/warehouse_worlds//launch/warehouse_logistics_launch.launch.py\n'}
[42.952017] (library_world) StdoutLine: {'line': b'-- Installing: /root/workspaces/ros2_ws/install/library_world/share/library_world//models/bookshelf/materials/textures\n'}
[43.008233] (library_world) StdoutLine: {'line': b'-- Installing: /root/workspaces/ros2_ws/install/library_world/share/library_world//models/bookshelf/materials/textures/aws_BookshelfB_01.png\n'}
[43.013625] (-) TimerEvent: {}
[43.026269] (warehouse_worlds) StdoutLine: {'line': b'-- Installing: /root/workspaces/ros2_ws/install/warehouse_worlds/share/warehouse_worlds//config\n'}
[43.037991] (warehouse_worlds) StdoutLine: {'line': b'-- Installing: /root/workspaces/ros2_ws/install/warehouse_worlds/share/warehouse_worlds//config/gz_bridge_ros.yaml\n'}
[43.113742] (-) TimerEvent: {}
[43.134998] (warehouse_worlds) StdoutLine: {'line': b'-- Installing: /root/workspaces/ros2_ws/install/warehouse_worlds/share/warehouse_worlds//worlds\n'}
[43.151603] (warehouse_worlds) StdoutLine: {'line': b'-- Installing: /root/workspaces/ros2_ws/install/warehouse_worlds/share/warehouse_worlds//worlds/warehouse_storage.sdf\n'}
[43.211766] (library_world) StdoutLine: {'line': b'-- Installing: /root/workspaces/ros2_ws/install/library_world/share/library_world//models/bookshelf/materials/textures/aws_BookshelfB_02.png\n'}
[43.213823] (-) TimerEvent: {}
[43.227760] (warehouse_worlds) StdoutLine: {'line': b'-- Installing: /root/workspaces/ros2_ws/install/warehouse_worlds/share/warehouse_worlds//worlds/warehouse_logistics.sdf\n'}
[43.307511] (warehouse_worlds) StdoutLine: {'line': b'-- Installing: /root/workspaces/ros2_ws/install/warehouse_worlds/share/warehouse_worlds//worlds/warehouse_distribution.sdf\n'}
[43.308877] (library_world) StdoutLine: {'line': b'-- Installing: /root/workspaces/ros2_ws/install/library_world/share/library_world//models/bookshelf/model.config\n'}
[43.317249] (-) TimerEvent: {}
[43.348413] (warehouse_worlds) StdoutLine: {'line': b'-- Installing: /root/workspaces/ros2_ws/install/warehouse_worlds/share/warehouse_worlds//models\n'}
[43.348587] (library_world) StdoutLine: {'line': b'-- Installing: /root/workspaces/ros2_ws/install/library_world/share/library_world//models/bookshelf/meshes\n'}
[43.399184] (library_world) StdoutLine: {'line': b'-- Installing: /root/workspaces/ros2_ws/install/library_world/share/library_world//models/bookshelf/meshes/bookshelf_collision.DAE\n'}
[43.401474] (warehouse_worlds) StdoutLine: {'line': b'-- Installing: /root/workspaces/ros2_ws/install/warehouse_worlds/share/warehouse_worlds//models/disk_part_ariac\n'}
[43.417336] (-) TimerEvent: {}
[43.417527] (warehouse_worlds) StdoutLine: {'line': b'-- Installing: /root/workspaces/ros2_ws/install/warehouse_worlds/share/warehouse_worlds//models/disk_part_ariac/model.sdf\n'}
[43.437526] (library_world) StdoutLine: {'line': b'-- Installing: /root/workspaces/ros2_ws/install/library_world/share/library_world//models/bookshelf/meshes/bookshelf_visual.DAE\n'}
[43.496599] (warehouse_worlds) StdoutLine: {'line': b'-- Installing: /root/workspaces/ros2_ws/install/warehouse_worlds/share/warehouse_worlds//models/disk_part_ariac/model.config\n'}
[43.517432] (-) TimerEvent: {}
[43.538370] (warehouse_worlds) StdoutLine: {'line': b'-- Installing: /root/workspaces/ros2_ws/install/warehouse_worlds/share/warehouse_worlds//models/disk_part_ariac/meshes\n'}
[43.554719] (warehouse_worlds) StdoutLine: {'line': b'-- Installing: /root/workspaces/ros2_ws/install/warehouse_worlds/share/warehouse_worlds//models/disk_part_ariac/meshes/disk.dae\n'}
[43.606477] (library_world) StdoutLine: {'line': b'-- Installing: /root/workspaces/ros2_ws/install/library_world/share/library_world//models/house_wall\n'}
[43.617537] (-) TimerEvent: {}
[43.621850] (library_world) StdoutLine: {'line': b'-- Installing: /root/workspaces/ros2_ws/install/library_world/share/library_world//models/house_wall/model.sdf\n'}
[43.639266] (warehouse_worlds) StdoutLine: {'line': b'-- Installing: /root/workspaces/ros2_ws/install/warehouse_worlds/share/warehouse_worlds//models/pulley_part_ariac\n'}
[43.654359] (warehouse_worlds) StdoutLine: {'line': b'-- Installing: /root/workspaces/ros2_ws/install/warehouse_worlds/share/warehouse_worlds//models/pulley_part_ariac/model.sdf\n'}
[43.701443] (library_world) StdoutLine: {'line': b'-- Installing: /root/workspaces/ros2_ws/install/library_world/share/library_world//models/house_wall/materials\n'}
[43.711267] (library_world) StdoutLine: {'line': b'-- Installing: /root/workspaces/ros2_ws/install/library_world/share/library_world//models/house_wall/materials/textures\n'}
[43.717633] (-) TimerEvent: {}
[43.727113] (library_world) StdoutLine: {'line': b'-- Installing: /root/workspaces/ros2_ws/install/library_world/share/library_world//models/house_wall/materials/textures/aws_HouseWallB_01.png\n'}
[43.741776] (warehouse_worlds) StdoutLine: {'line': b'-- Installing: /root/workspaces/ros2_ws/install/warehouse_worlds/share/warehouse_worlds//models/pulley_part_ariac/model.config\n'}
[43.807849] (warehouse_worlds) StdoutLine: {'line': b'-- Installing: /root/workspaces/ros2_ws/install/warehouse_worlds/share/warehouse_worlds//models/pulley_part_ariac/meshes\n'}
[43.818216] (-) TimerEvent: {}
[43.826969] (library_world) StdoutLine: {'line': b'-- Installing: /root/workspaces/ros2_ws/install/library_world/share/library_world//models/house_wall/model.config\n'}
[43.827118] (warehouse_worlds) StdoutLine: {'line': b'-- Installing: /root/workspaces/ros2_ws/install/warehouse_worlds/share/warehouse_worlds//models/pulley_part_ariac/meshes/pulley.dae\n'}
[43.845112] (library_world) StdoutLine: {'line': b'-- Installing: /root/workspaces/ros2_ws/install/library_world/share/library_world//models/house_wall/meshes\n'}
[43.894722] (library_world) StdoutLine: {'line': b'-- Installing: /root/workspaces/ros2_ws/install/library_world/share/library_world//models/house_wall/meshes/house_wall_collision.DAE\n'}
[43.910572] (warehouse_worlds) StdoutLine: {'line': b'-- Installing: /root/workspaces/ros2_ws/install/warehouse_worlds/share/warehouse_worlds//models/part2_ariac\n'}
[43.918955] (-) TimerEvent: {}
[43.926749] (warehouse_worlds) StdoutLine: {'line': b'-- Installing: /root/workspaces/ros2_ws/install/warehouse_worlds/share/warehouse_worlds//models/part2_ariac/model.sdf\n'}
[43.934021] (library_world) StdoutLine: {'line': b'-- Installing: /root/workspaces/ros2_ws/install/library_world/share/library_world//models/house_wall/meshes/house_wall_visual.DAE\n'}
[44.004904] (warehouse_worlds) StdoutLine: {'line': b'-- Installing: /root/workspaces/ros2_ws/install/warehouse_worlds/share/warehouse_worlds//models/part2_ariac/model.config\n'}
[44.011220] (library_world) StdoutLine: {'line': b'-- Installing: /root/workspaces/ros2_ws/install/library_world/share/library_world//models/book\n'}
[44.019054] (-) TimerEvent: {}
[44.027589] (library_world) StdoutLine: {'line': b'-- Installing: /root/workspaces/ros2_ws/install/library_world/share/library_world//models/book/model.sdf\n'}
[44.043593] (warehouse_worlds) StdoutLine: {'line': b'-- Installing: /root/workspaces/ros2_ws/install/warehouse_worlds/share/warehouse_worlds//models/gear_part_ariac\n'}
[44.102698] (warehouse_worlds) StdoutLine: {'line': b'-- Installing: /root/workspaces/ros2_ws/install/warehouse_worlds/share/warehouse_worlds//models/gear_part_ariac/model.sdf\n'}
[44.113439] (library_world) StdoutLine: {'line': b'-- Installing: /root/workspaces/ros2_ws/install/library_world/share/library_world//models/book/materials\n'}
[44.119138] (-) TimerEvent: {}
[44.126987] (library_world) StdoutLine: {'line': b'-- Installing: /root/workspaces/ros2_ws/install/library_world/share/library_world//models/book/materials/textures\n'}
[44.141424] (warehouse_worlds) StdoutLine: {'line': b'-- Installing: /root/workspaces/ros2_ws/install/warehouse_worlds/share/warehouse_worlds//models/gear_part_ariac/model.config\n'}
[44.146145] (library_world) StdoutLine: {'line': b'-- Installing: /root/workspaces/ros2_ws/install/library_world/share/library_world//models/book/materials/textures/aws_BookD_01.png\n'}
[44.214067] (warehouse_worlds) StdoutLine: {'line': b'-- Installing: /root/workspaces/ros2_ws/install/warehouse_worlds/share/warehouse_worlds//models/gear_part_ariac/meshes\n'}
[44.219227] (-) TimerEvent: {}
[44.228589] (warehouse_worlds) StdoutLine: {'line': b'-- Installing: /root/workspaces/ros2_ws/install/warehouse_worlds/share/warehouse_worlds//models/gear_part_ariac/meshes/gear.dae\n'}
[44.239489] (library_world) StdoutLine: {'line': b'-- Installing: /root/workspaces/ros2_ws/install/library_world/share/library_world//models/book/model.config\n'}
[44.306524] (library_world) StdoutLine: {'line': b'-- Installing: /root/workspaces/ros2_ws/install/library_world/share/library_world//models/book/meshes\n'}
[44.319316] (-) TimerEvent: {}
[44.323342] (library_world) StdoutLine: {'line': b'-- Installing: /root/workspaces/ros2_ws/install/library_world/share/library_world//models/book/meshes/book_visual.DAE\n'}
[44.335791] (warehouse_worlds) StdoutLine: {'line': b'-- Installing: /root/workspaces/ros2_ws/install/warehouse_worlds/share/warehouse_worlds//models/gasket_part_ariac\n'}
[44.350796] (warehouse_worlds) StdoutLine: {'line': b'-- Installing: /root/workspaces/ros2_ws/install/warehouse_worlds/share/warehouse_worlds//models/gasket_part_ariac/model.sdf\n'}
[44.419420] (-) TimerEvent: {}
[44.428527] (warehouse_worlds) StdoutLine: {'line': b'-- Installing: /root/workspaces/ros2_ws/install/warehouse_worlds/share/warehouse_worlds//models/gasket_part_ariac/model.config\n'}
[44.430986] (library_world) StdoutLine: {'line': b'-- Installing: /root/workspaces/ros2_ws/install/library_world/share/library_world//models/book/meshes/book_collision.DAE\n'}
[44.507627] (warehouse_worlds) StdoutLine: {'line': b'-- Installing: /root/workspaces/ros2_ws/install/warehouse_worlds/share/warehouse_worlds//models/gasket_part_ariac/meshes\n'}
[44.515779] (library_world) StdoutLine: {'line': b'-- Installing: /root/workspaces/ros2_ws/install/library_world/share/library_world//models/bookcase\n'}
[44.524966] (-) TimerEvent: {}
[44.525075] (warehouse_worlds) StdoutLine: {'line': b'-- Installing: /root/workspaces/ros2_ws/install/warehouse_worlds/share/warehouse_worlds//models/gasket_part_ariac/meshes/gasket.dae\n'}
[44.536805] (library_world) StdoutLine: {'line': b'-- Installing: /root/workspaces/ros2_ws/install/library_world/share/library_world//models/bookcase/model.sdf\n'}
[44.612842] (library_world) StdoutLine: {'line': b'-- Installing: /root/workspaces/ros2_ws/install/library_world/share/library_world//models/bookcase/model.config\n'}
[44.613211] (warehouse_worlds) StdoutLine: {'line': b'-- Installing: /root/workspaces/ros2_ws/install/warehouse_worlds/share/warehouse_worlds//models/Depot\n'}
[44.625044] (-) TimerEvent: {}
[44.632348] (warehouse_worlds) StdoutLine: {'line': b'-- Installing: /root/workspaces/ros2_ws/install/warehouse_worlds/share/warehouse_worlds//models/Depot/model.sdf\n'}
[44.652798] (library_world) StdoutLine: {'line': b'-- Installing: /root/workspaces/ros2_ws/install/library_world/share/library_world//models/bookcase/meshes\n'}
[44.710817] (library_world) StdoutLine: {'line': b'-- Installing: /root/workspaces/ros2_ws/install/library_world/share/library_world//models/bookcase/meshes/bookcase.dae\n'}
[44.731279] (-) TimerEvent: {}
[44.740241] (warehouse_worlds) StdoutLine: {'line': b'-- Installing: /root/workspaces/ros2_ws/install/warehouse_worlds/share/warehouse_worlds//models/Depot/materials\n'}
[44.740382] (warehouse_worlds) StdoutLine: {'line': b'-- Installing: /root/workspaces/ros2_ws/install/warehouse_worlds/share/warehouse_worlds//models/Depot/materials/scripts\n'}
[44.799185] (warehouse_worlds) StdoutLine: {'line': b'-- Installing: /root/workspaces/ros2_ws/install/warehouse_worlds/share/warehouse_worlds//models/Depot/materials/scripts/model.material\n'}
[44.815313] (library_world) StdoutLine: {'line': b'-- Installing: /root/workspaces/ros2_ws/install/library_world/share/library_world//models/desk\n'}
[44.824719] (library_world) StdoutLine: {'line': b'-- Installing: /root/workspaces/ros2_ws/install/library_world/share/library_world//models/desk/model.sdf\n'}
[44.831363] (-) TimerEvent: {}
[44.838281] (warehouse_worlds) StdoutLine: {'line': b'-- Installing: /root/workspaces/ros2_ws/install/warehouse_worlds/share/warehouse_worlds//models/Depot/materials/textures\n'}
[44.899627] (warehouse_worlds) StdoutLine: {'line': b'-- Installing: /root/workspaces/ros2_ws/install/warehouse_worlds/share/warehouse_worlds//models/Depot/materials/textures/BOXSET_Normal.png\n'}
[44.905089] (library_world) StdoutLine: {'line': b'-- Installing: /root/workspaces/ros2_ws/install/library_world/share/library_world//models/desk/materials\n'}
[44.927830] (library_world) StdoutLine: {'line': b'-- Installing: /root/workspaces/ros2_ws/install/library_world/share/library_world//models/desk/materials/textures\n'}
[44.942580] (-) TimerEvent: {}
[44.950053] (library_world) StdoutLine: {'line': b'-- Installing: /root/workspaces/ros2_ws/install/library_world/share/library_world//models/desk/materials/textures/aws_DeskB_01.png\n'}
[45.042690] (-) TimerEvent: {}
[45.115044] (warehouse_worlds) StdoutLine: {'line': b'-- Installing: /root/workspaces/ros2_ws/install/warehouse_worlds/share/warehouse_worlds//models/Depot/materials/textures/FLOOR_Metalness.png\n'}
[45.142806] (-) TimerEvent: {}
[45.214040] (library_world) StdoutLine: {'line': b'-- Installing: /root/workspaces/ros2_ws/install/library_world/share/library_world//models/desk/model.config\n'}
[45.242905] (-) TimerEvent: {}
[45.250945] (library_world) StdoutLine: {'line': b'-- Installing: /root/workspaces/ros2_ws/install/library_world/share/library_world//models/desk/meshes\n'}
[45.295591] (warehouse_worlds) StdoutLine: {'line': b'-- Installing: /root/workspaces/ros2_ws/install/warehouse_worlds/share/warehouse_worlds//models/Depot/materials/textures/FANS_Roughness.png\n'}
[45.309964] (library_world) StdoutLine: {'line': b'-- Installing: /root/workspaces/ros2_ws/install/library_world/share/library_world//models/desk/meshes/desk_visual.DAE\n'}
[45.343028] (-) TimerEvent: {}
[45.414820] (warehouse_worlds) StdoutLine: {'line': b'-- Installing: /root/workspaces/ros2_ws/install/warehouse_worlds/share/warehouse_worlds//models/Depot/materials/textures/INTERCOM_Emissive.png\n'}
[45.415234] (library_world) StdoutLine: {'line': b'-- Installing: /root/workspaces/ros2_ws/install/library_world/share/library_world//models/desk/meshes/desk_collision.DAE\n'}
[45.443132] (-) TimerEvent: {}
[45.454245] (warehouse_worlds) StdoutLine: {'line': b'-- Installing: /root/workspaces/ros2_ws/install/warehouse_worlds/share/warehouse_worlds//models/Depot/materials/textures/ROOF_Metalness.png\n'}
[45.496040] (library_world) StdoutLine: {'line': b'-- Installing: /root/workspaces/ros2_ws/install/library_world/share/library_world//models/chair\n'}
[45.514386] (library_world) StdoutLine: {'line': b'-- Installing: /root/workspaces/ros2_ws/install/library_world/share/library_world//models/chair/model.sdf\n'}
[45.544889] (-) TimerEvent: {}
[45.554662] (library_world) StdoutLine: {'line': b'-- Installing: /root/workspaces/ros2_ws/install/library_world/share/library_world//models/chair/materials\n'}
[45.609978] (library_world) StdoutLine: {'line': b'-- Installing: /root/workspaces/ros2_ws/install/library_world/share/library_world//models/chair/materials/textures\n'}
[45.616822] (warehouse_worlds) StdoutLine: {'line': b'-- Installing: /root/workspaces/ros2_ws/install/warehouse_worlds/share/warehouse_worlds//models/Depot/materials/textures/PILLERS_Albedo.png\n'}
[45.637862] (library_world) StdoutLine: {'line': b'-- Installing: /root/workspaces/ros2_ws/install/library_world/share/library_world//models/chair/materials/textures/aws_ChairB_01.png\n'}
[45.645007] (-) TimerEvent: {}
[45.746463] (-) TimerEvent: {}
[45.823035] (warehouse_worlds) StdoutLine: {'line': b'-- Installing: /root/workspaces/ros2_ws/install/warehouse_worlds/share/warehouse_worlds//models/Depot/materials/textures/STAIRS_Metalness.png\n'}
[45.847828] (-) TimerEvent: {}
[45.913089] (library_world) StdoutLine: {'line': b'-- Installing: /root/workspaces/ros2_ws/install/library_world/share/library_world//models/chair/model.config\n'}
[45.947947] (-) TimerEvent: {}
[45.996331] (library_world) StdoutLine: {'line': b'-- Installing: /root/workspaces/ros2_ws/install/library_world/share/library_world//models/chair/meshes\n'}
[46.012041] (warehouse_worlds) StdoutLine: {'line': b'-- Installing: /root/workspaces/ros2_ws/install/warehouse_worlds/share/warehouse_worlds//models/Depot/materials/textures/WALLS_Albedo.png\n'}
[46.014366] (library_world) StdoutLine: {'line': b'-- Installing: /root/workspaces/ros2_ws/install/library_world/share/library_world//models/chair/meshes/chair_visual.DAE\n'}
[46.048922] (-) TimerEvent: {}
[46.135247] (library_world) StdoutLine: {'line': b'-- Installing: /root/workspaces/ros2_ws/install/library_world/share/library_world//models/chair/meshes/chair_collision.DAE\n'}
[46.149025] (-) TimerEvent: {}
[46.227522] (library_world) StdoutLine: {'line': b'-- Installing: /root/workspaces/ros2_ws/install/library_world/share/library_world//models/bookshelf_c\n'}
[46.249140] (-) TimerEvent: {}
[46.249560] (library_world) StdoutLine: {'line': b'-- Installing: /root/workspaces/ros2_ws/install/library_world/share/library_world//models/bookshelf_c/model.sdf\n'}
[46.330917] (library_world) StdoutLine: {'line': b'-- Installing: /root/workspaces/ros2_ws/install/library_world/share/library_world//models/bookshelf_c/materials\n'}
[46.331447] (warehouse_worlds) StdoutLine: {'line': b'-- Installing: /root/workspaces/ros2_ws/install/warehouse_worlds/share/warehouse_worlds//models/Depot/materials/textures/FireAlarm_Albedo.png\n'}
[46.349270] (-) TimerEvent: {}
[46.351122] (library_world) StdoutLine: {'line': b'-- Installing: /root/workspaces/ros2_ws/install/library_world/share/library_world//models/bookshelf_c/materials/textures\n'}
[46.410993] (library_world) StdoutLine: {'line': b'-- Installing: /root/workspaces/ros2_ws/install/library_world/share/library_world//models/bookshelf_c/materials/textures/aws_DeskA_02.png\n'}
[46.449398] (-) TimerEvent: {}
[46.516160] (warehouse_worlds) StdoutLine: {'line': b'-- Installing: /root/workspaces/ros2_ws/install/warehouse_worlds/share/warehouse_worlds//models/Depot/materials/textures/Forklift_Forklift_Normal.png\n'}
[46.549511] (-) TimerEvent: {}
[46.615252] (library_world) StdoutLine: {'line': b'-- Installing: /root/workspaces/ros2_ws/install/library_world/share/library_world//models/bookshelf_c/materials/textures/aws_DeskA_01.png\n'}
[46.649619] (-) TimerEvent: {}
[46.724725] (warehouse_worlds) StdoutLine: {'line': b'-- Installing: /root/workspaces/ros2_ws/install/warehouse_worlds/share/warehouse_worlds//models/Depot/materials/textures/Window_WINDOW_Metallic.png\n'}
[46.754413] (-) TimerEvent: {}
[46.829739] (library_world) StdoutLine: {'line': b'-- Installing: /root/workspaces/ros2_ws/install/library_world/share/library_world//models/bookshelf_c/materials/textures/aws_DeskA_03.png\n'}
[46.851523] (warehouse_worlds) StdoutLine: {'line': b'-- Installing: /root/workspaces/ros2_ws/install/warehouse_worlds/share/warehouse_worlds//models/Depot/materials/textures/BOXSET_Emissive.png\n'}
[46.894836] (-) TimerEvent: {}
[46.995271] (-) TimerEvent: {}
[47.003048] (library_world) StdoutLine: {'line': b'-- Installing: /root/workspaces/ros2_ws/install/library_world/share/library_world//models/bookshelf_c/model.config\n'}
[47.007416] (warehouse_worlds) StdoutLine: {'line': b'-- Installing: /root/workspaces/ros2_ws/install/warehouse_worlds/share/warehouse_worlds//models/Depot/materials/textures/Pipes_Normal.png\n'}
[47.095396] (-) TimerEvent: {}
[47.101539] (library_world) StdoutLine: {'line': b'-- Installing: /root/workspaces/ros2_ws/install/library_world/share/library_world//models/bookshelf_c/meshes\n'}
[47.116680] (warehouse_worlds) StdoutLine: {'line': b'-- Installing: /root/workspaces/ros2_ws/install/warehouse_worlds/share/warehouse_worlds//models/Depot/materials/textures/FireAlarmPole_Albedo.png\n'}
[47.133039] (library_world) StdoutLine: {'line': b'-- Installing: /root/workspaces/ros2_ws/install/library_world/share/library_world//models/bookshelf_c/meshes/aws_DeskA_01_collision.DAE\n'}
[47.195702] (-) TimerEvent: {}
[47.234532] (library_world) StdoutLine: {'line': b'-- Installing: /root/workspaces/ros2_ws/install/library_world/share/library_world//models/bookshelf_c/meshes/aws_DeskA_01_visual.DAE\n'}
[47.295788] (-) TimerEvent: {}
[47.315879] (warehouse_worlds) StdoutLine: {'line': b'-- Installing: /root/workspaces/ros2_ws/install/warehouse_worlds/share/warehouse_worlds//models/Depot/materials/textures/INTERCOM_Normal.png\n'}
[47.395904] (-) TimerEvent: {}
[47.504660] (-) TimerEvent: {}
[47.604460] (warehouse_worlds) StdoutLine: {'line': b'-- Installing: /root/workspaces/ros2_ws/install/warehouse_worlds/share/warehouse_worlds//models/Depot/materials/textures/FLOOR_Roughness.png\n'}
[47.604781] (-) TimerEvent: {}
[47.717743] (-) TimerEvent: {}
[47.818397] (-) TimerEvent: {}
[47.822309] (library_world) StdoutLine: {'line': b'-- Installing: /root/workspaces/ros2_ws/install/library_world/share/ament_index/resource_index/package_run_dependencies/library_world\n'}
[47.918513] (-) TimerEvent: {}
[47.932403] (library_world) StdoutLine: {'line': b'-- Installing: /root/workspaces/ros2_ws/install/library_world/share/ament_index/resource_index/parent_prefix_path/library_world\n'}
[47.997106] (warehouse_worlds) StdoutLine: {'line': b'-- Installing: /root/workspaces/ros2_ws/install/warehouse_worlds/share/warehouse_worlds//models/Depot/materials/textures/INTERCOM_Albedo.png\n'}
[48.019839] (-) TimerEvent: {}
[48.041384] (library_world) StdoutLine: {'line': b'-- Installing: /root/workspaces/ros2_ws/install/library_world/share/library_world/environment/ament_prefix_path.sh\n'}
[48.119961] (-) TimerEvent: {}
[48.129134] (library_world) StdoutLine: {'line': b'-- Installing: /root/workspaces/ros2_ws/install/library_world/share/library_world/environment/ament_prefix_path.dsv\n'}
[48.211598] (library_world) StdoutLine: {'line': b'-- Installing: /root/workspaces/ros2_ws/install/library_world/share/library_world/environment/path.sh\n'}
[48.211923] (warehouse_worlds) StdoutLine: {'line': b'-- Installing: /root/workspaces/ros2_ws/install/warehouse_worlds/share/warehouse_worlds//models/Depot/materials/textures/Pipes_Albedo.png\n'}
[48.223527] (-) TimerEvent: {}
[48.258982] (library_world) StdoutLine: {'line': b'-- Installing: /root/workspaces/ros2_ws/install/library_world/share/library_world/environment/path.dsv\n'}
[48.316682] (warehouse_worlds) StdoutLine: {'line': b'-- Installing: /root/workspaces/ros2_ws/install/warehouse_worlds/share/warehouse_worlds//models/Depot/materials/textures/PILLERS_Normal.png\n'}
[48.323631] (-) TimerEvent: {}
[48.331482] (library_world) StdoutLine: {'line': b'-- Installing: /root/workspaces/ros2_ws/install/library_world/share/library_world/local_setup.bash\n'}
[48.412594] (library_world) StdoutLine: {'line': b'-- Installing: /root/workspaces/ros2_ws/install/library_world/share/library_world/local_setup.sh\n'}
[48.423721] (-) TimerEvent: {}
[48.514683] (library_world) StdoutLine: {'line': b'-- Installing: /root/workspaces/ros2_ws/install/library_world/share/library_world/local_setup.zsh\n'}
[48.528760] (-) TimerEvent: {}
[48.546436] (warehouse_worlds) StdoutLine: {'line': b'-- Installing: /root/workspaces/ros2_ws/install/warehouse_worlds/share/warehouse_worlds//models/Depot/materials/textures/STAIRS_Roughness.png\n'}
[48.614325] (library_world) StdoutLine: {'line': b'-- Installing: /root/workspaces/ros2_ws/install/library_world/share/library_world/local_setup.dsv\n'}
[48.628853] (-) TimerEvent: {}
[48.703300] (library_world) StdoutLine: {'line': b'-- Installing: /root/workspaces/ros2_ws/install/library_world/share/library_world/package.dsv\n'}
[48.728948] (-) TimerEvent: {}
[48.804335] (library_world) StdoutLine: {'line': b'-- Installing: /root/workspaces/ros2_ws/install/library_world/share/ament_index/resource_index/packages/library_world\n'}
[48.813920] (warehouse_worlds) StdoutLine: {'line': b'-- Installing: /root/workspaces/ros2_ws/install/warehouse_worlds/share/warehouse_worlds//models/Depot/materials/textures/FANS_Metalness.png\n'}
[48.829201] (-) TimerEvent: {}
[48.854742] (library_world) StdoutLine: {'line': b'-- Installing: /root/workspaces/ros2_ws/install/library_world/share/library_world/cmake/library_worldConfig.cmake\n'}
[48.909999] (warehouse_worlds) StdoutLine: {'line': b'-- Installing: /root/workspaces/ros2_ws/install/warehouse_worlds/share/warehouse_worlds//models/Depot/materials/textures/ROOF_Roughness.png\n'}
[48.929294] (-) TimerEvent: {}
[48.938657] (library_world) StdoutLine: {'line': b'-- Installing: /root/workspaces/ros2_ws/install/library_world/share/library_world/cmake/library_worldConfig-version.cmake\n'}
[49.021483] (library_world) StdoutLine: {'line': b'-- Installing: /root/workspaces/ros2_ws/install/library_world/share/library_world/package.xml\n'}
[49.029381] (-) TimerEvent: {}
[49.110654] (library_world) CommandEnded: {'returncode': 0}
[49.112761] (warehouse_worlds) StdoutLine: {'line': b'-- Installing: /root/workspaces/ros2_ws/install/warehouse_worlds/share/warehouse_worlds//models/Depot/materials/textures/FireAlarm_Normal.png\n'}
[49.131317] (-) TimerEvent: {}
[49.224958] (warehouse_worlds) StdoutLine: {'line': b'-- Installing: /root/workspaces/ros2_ws/install/warehouse_worlds/share/warehouse_worlds//models/Depot/materials/textures/WALLS_Normal.png\n'}
[49.231601] (-) TimerEvent: {}
[49.340266] (-) TimerEvent: {}
[49.440519] (-) TimerEvent: {}
[49.540755] (-) TimerEvent: {}
[49.625353] (warehouse_worlds) StdoutLine: {'line': b'-- Installing: /root/workspaces/ros2_ws/install/warehouse_worlds/share/warehouse_worlds//models/Depot/materials/textures/BOXSET_Albedo.png\n'}
[49.640844] (-) TimerEvent: {}
[49.741127] (-) TimerEvent: {}
[49.846891] (-) TimerEvent: {}
[49.936029] (ffw_swerve_drive_controller) StderrLine: {'line': b'In file included from \x1b[01m\x1b[K/opt/ros/jazzy/include/parameter_traits/parameter_traits/parameter_traits.hpp:37\x1b[m\x1b[K,\n'}
[49.936196] (ffw_swerve_drive_controller) StderrLine: {'line': b'                 from \x1b[01m\x1b[K/root/workspaces/ros2_ws/build/ffw_swerve_drive_controller/include/ffw_swerve_drive_controller/swerve_drive_controller_parameter.hpp:26\x1b[m\x1b[K,\n'}
[49.936259] (ffw_swerve_drive_controller) StderrLine: {'line': b'                 from \x1b[01m\x1b[K/root/workspaces/ros2_ws/src/ai-worker-sim/ffw_swerve_drive_controller/include/ffw_swerve_drive_controller/swerve_drive_controller.hpp:54\x1b[m\x1b[K,\n'}
[49.936312] (ffw_swerve_drive_controller) StderrLine: {'line': b'                 from \x1b[01m\x1b[K/root/workspaces/ros2_ws/src/ai-worker-sim/ffw_swerve_drive_controller/src/swerve_drive_controller.cpp:19\x1b[m\x1b[K:\n'}
[49.936364] (ffw_swerve_drive_controller) StderrLine: {'line': b'\x1b[01m\x1b[K/opt/ros/jazzy/include/tl_expected/expected.hpp:18:167:\x1b[m\x1b[K \x1b[01;36m\x1b[Knote: \x1b[m\x1b[K\xe2\x80\x98\x1b[01m\x1b[K#pragma message: tl_expected/expected.hpp is deprecated. Use <tl/expected.hpp> from libexpected-dev, or <rcpputils/tl_expected/expected.hpp> if the system header is not available.\x1b[m\x1b[K\xe2\x80\x99\n'}
[49.936415] (ffw_swerve_drive_controller) StderrLine: {'line': b'   18 |   "tl_expected/expected.hpp is deprecated. Use <tl/expected.hpp> from libexpected-dev, or <rcpputils/tl_expected/expected.hpp> if the system header is not available."\x1b[01;36m\x1b[K)\x1b[m\x1b[K // NOLINT\n'}
[49.936463] (ffw_swerve_drive_controller) StderrLine: {'line': b'      |                                                                                                                                                                       \x1b[01;36m\x1b[K^\x1b[m\x1b[K\n'}
[49.949747] (-) TimerEvent: {}
[50.004258] (warehouse_worlds) StdoutLine: {'line': b'-- Installing: /root/workspaces/ros2_ws/install/warehouse_worlds/share/warehouse_worlds//models/Depot/materials/textures/Crates_Crates_Normal.png\n'}
[50.012304] (library_world) JobEnded: {'identifier': 'library_world', 'rc': 0}
[50.094947] (-) TimerEvent: {}
[50.195480] (-) TimerEvent: {}
[50.295763] (-) TimerEvent: {}
[50.396351] (-) TimerEvent: {}
[50.499563] (-) TimerEvent: {}
[50.605757] (-) TimerEvent: {}
[50.706388] (-) TimerEvent: {}
[50.807060] (-) TimerEvent: {}
[50.911353] (-) TimerEvent: {}
[51.027992] (-) TimerEvent: {}
[51.128624] (-) TimerEvent: {}
[51.229796] (-) TimerEvent: {}
[51.330436] (-) TimerEvent: {}
[51.430741] (-) TimerEvent: {}
[51.531045] (-) TimerEvent: {}
[51.631352] (-) TimerEvent: {}
[51.731663] (-) TimerEvent: {}
[51.831991] (-) TimerEvent: {}
[51.934716] (-) TimerEvent: {}
[52.039033] (-) TimerEvent: {}
[52.112750] (warehouse_worlds) StdoutLine: {'line': b'-- Installing: /root/workspaces/ros2_ws/install/warehouse_worlds/share/warehouse_worlds//models/Depot/materials/textures/Forklift_Forklift_Metallic.png\n'}
[52.696974] (-) TimerEvent: {}
[52.704499] (warehouse_worlds) StdoutLine: {'line': b'-- Installing: /root/workspaces/ros2_ws/install/warehouse_worlds/share/warehouse_worlds//models/Depot/materials/textures/FireAlarmPole_Normal.png\n'}
[52.704651] (warehouse_worlds) StdoutLine: {'line': b'-- Installing: /root/workspaces/ros2_ws/install/warehouse_worlds/share/warehouse_worlds//models/Depot/materials/textures/FireAlarmPole_Metalness.png\n'}
[52.704715] (warehouse_worlds) StdoutLine: {'line': b'-- Installing: /root/workspaces/ros2_ws/install/warehouse_worlds/share/warehouse_worlds//models/Depot/materials/textures/Forklift_Forklift_Roughness.png\n'}
[52.704805] (warehouse_worlds) StdoutLine: {'line': b'-- Installing: /root/workspaces/ros2_ws/install/warehouse_worlds/share/warehouse_worlds//models/Depot/materials/textures/STAIRS_Normal.png\n'}
[52.797107] (-) TimerEvent: {}
[52.813240] (warehouse_worlds) StdoutLine: {'line': b'-- Installing: /root/workspaces/ros2_ws/install/warehouse_worlds/share/warehouse_worlds//models/Depot/materials/textures/ROOF_Normal.png\n'}
[52.897224] (-) TimerEvent: {}
[52.997523] (-) TimerEvent: {}
[53.024160] (warehouse_worlds) StdoutLine: {'line': b'-- Installing: /root/workspaces/ros2_ws/install/warehouse_worlds/share/warehouse_worlds//models/Depot/materials/textures/FANS_Albedo.png\n'}
[53.102895] (-) TimerEvent: {}
[53.214854] (-) TimerEvent: {}
[53.315194] (-) TimerEvent: {}
[53.316913] (warehouse_worlds) StdoutLine: {'line': b'-- Installing: /root/workspaces/ros2_ws/install/warehouse_worlds/share/warehouse_worlds//models/Depot/materials/textures/FireAlarm_Metalness.png\n'}
[53.407304] (warehouse_worlds) StdoutLine: {'line': b'-- Installing: /root/workspaces/ros2_ws/install/warehouse_worlds/share/warehouse_worlds//models/Depot/materials/textures/Pipes_Roughness.png\n'}
[53.415289] (-) TimerEvent: {}
[53.515541] (-) TimerEvent: {}
[53.533692] (warehouse_worlds) StdoutLine: {'line': b'-- Installing: /root/workspaces/ros2_ws/install/warehouse_worlds/share/warehouse_worlds//models/Depot/materials/textures/INTERCOM_Roughness.png\n'}
[53.624675] (-) TimerEvent: {}
[53.643881] (warehouse_worlds) StdoutLine: {'line': b'-- Installing: /root/workspaces/ros2_ws/install/warehouse_worlds/share/warehouse_worlds//models/Depot/materials/textures/WALLS_Metalness.png\n'}
[53.724918] (-) TimerEvent: {}
[53.730678] (warehouse_worlds) StdoutLine: {'line': b'-- Installing: /root/workspaces/ros2_ws/install/warehouse_worlds/share/warehouse_worlds//models/Depot/materials/textures/PILLERS_Metalness.png\n'}
[53.825024] (-) TimerEvent: {}
[53.847451] (warehouse_worlds) StdoutLine: {'line': b'-- Installing: /root/workspaces/ros2_ws/install/warehouse_worlds/share/warehouse_worlds//models/Depot/materials/textures/DepotLightmap.png\n'}
[53.926250] (-) TimerEvent: {}
[54.026673] (-) TimerEvent: {}
[54.126955] (-) TimerEvent: {}
[54.227267] (-) TimerEvent: {}
[54.327586] (-) TimerEvent: {}
[54.427869] (-) TimerEvent: {}
[54.528513] (-) TimerEvent: {}
[54.530832] (warehouse_worlds) StdoutLine: {'line': b'-- Installing: /root/workspaces/ros2_ws/install/warehouse_worlds/share/warehouse_worlds//models/Depot/materials/textures/BOXSET_Roughness.png\n'}
[54.628618] (-) TimerEvent: {}
[54.715425] (warehouse_worlds) StdoutLine: {'line': b'-- Installing: /root/workspaces/ros2_ws/install/warehouse_worlds/share/warehouse_worlds//models/Depot/materials/textures/ROOF_Emissive.png\n'}
[54.728822] (-) TimerEvent: {}
[54.803255] (warehouse_worlds) StdoutLine: {'line': b'-- Installing: /root/workspaces/ros2_ws/install/warehouse_worlds/share/warehouse_worlds//models/Depot/materials/textures/Forklift_Forklift_BaseColor.png\n'}
[54.828855] (-) TimerEvent: {}
[54.929203] (-) TimerEvent: {}
[55.029606] (-) TimerEvent: {}
[55.129938] (-) TimerEvent: {}
[55.210714] (warehouse_worlds) StdoutLine: {'line': b'-- Installing: /root/workspaces/ros2_ws/install/warehouse_worlds/share/warehouse_worlds//models/Depot/materials/textures/FLOOR_Normal.png\n'}
[55.230044] (-) TimerEvent: {}
[55.330338] (-) TimerEvent: {}
[55.412324] (warehouse_worlds) StdoutLine: {'line': b'-- Installing: /root/workspaces/ros2_ws/install/warehouse_worlds/share/warehouse_worlds//models/Depot/materials/textures/WALLS_Roughness.png\n'}
[55.430431] (-) TimerEvent: {}
[55.500667] (warehouse_worlds) StdoutLine: {'line': b'-- Installing: /root/workspaces/ros2_ws/install/warehouse_worlds/share/warehouse_worlds//models/Depot/materials/textures/FireAlarm_Roughness.png\n'}
[55.530558] (-) TimerEvent: {}
[55.615572] (warehouse_worlds) StdoutLine: {'line': b'-- Installing: /root/workspaces/ros2_ws/install/warehouse_worlds/share/warehouse_worlds//models/Depot/materials/textures/BOXSET_Metalness.png\n'}
[55.630658] (-) TimerEvent: {}
[55.733989] (-) TimerEvent: {}
[55.757197] (warehouse_worlds) StdoutLine: {'line': b'-- Installing: /root/workspaces/ros2_ws/install/warehouse_worlds/share/warehouse_worlds//models/Depot/materials/textures/FANS_Normal.png\n'}
[55.834110] (-) TimerEvent: {}
[55.921592] (warehouse_worlds) StdoutLine: {'line': b'-- Installing: /root/workspaces/ros2_ws/install/warehouse_worlds/share/warehouse_worlds//models/Depot/materials/textures/FireAlarmPole_Roughness.png\n'}
[55.934210] (-) TimerEvent: {}
[56.034601] (-) TimerEvent: {}
[56.048861] (warehouse_worlds) StdoutLine: {'line': b'-- Installing: /root/workspaces/ros2_ws/install/warehouse_worlds/share/warehouse_worlds//models/Depot/materials/textures/Crates_Crates_Roughness.png\n'}
[56.134701] (-) TimerEvent: {}
[56.209997] (warehouse_worlds) StdoutLine: {'line': b'-- Installing: /root/workspaces/ros2_ws/install/warehouse_worlds/share/warehouse_worlds//models/Depot/materials/textures/Window_WINDOW_BaseColor.png\n'}
[56.234811] (-) TimerEvent: {}
[56.335097] (-) TimerEvent: {}
[56.404427] (warehouse_worlds) StdoutLine: {'line': b'-- Installing: /root/workspaces/ros2_ws/install/warehouse_worlds/share/warehouse_worlds//models/Depot/materials/textures/PILLERS_Roughness.png\n'}
[56.435211] (-) TimerEvent: {}
[56.535502] (-) TimerEvent: {}
[56.610862] (warehouse_worlds) StdoutLine: {'line': b'-- Installing: /root/workspaces/ros2_ws/install/warehouse_worlds/share/warehouse_worlds//models/Depot/materials/textures/FLOOR_Albedo.png\n'}
[56.635607] (-) TimerEvent: {}
[56.735880] (-) TimerEvent: {}
[56.836474] (-) TimerEvent: {}
[56.913992] (warehouse_worlds) StdoutLine: {'line': b'-- Installing: /root/workspaces/ros2_ws/install/warehouse_worlds/share/warehouse_worlds//models/Depot/materials/textures/FanBack_FanBack_BaseColor.png\n'}
[56.936578] (-) TimerEvent: {}
[57.012596] (warehouse_worlds) StdoutLine: {'line': b'-- Installing: /root/workspaces/ros2_ws/install/warehouse_worlds/share/warehouse_worlds//models/Depot/materials/textures/ROOF_Albedo.png\n'}
[57.036734] (-) TimerEvent: {}
[57.137160] (-) TimerEvent: {}
[57.241319] (-) TimerEvent: {}
[57.310714] (warehouse_worlds) StdoutLine: {'line': b'-- Installing: /root/workspaces/ros2_ws/install/warehouse_worlds/share/warehouse_worlds//models/Depot/materials/textures/STAIRS_Albedo.png\n'}
[57.341429] (-) TimerEvent: {}
[57.442009] (-) TimerEvent: {}
[57.520530] (warehouse_worlds) StdoutLine: {'line': b'-- Installing: /root/workspaces/ros2_ws/install/warehouse_worlds/share/warehouse_worlds//models/Depot/materials/textures/INTERCOM_Metalness.png\n'}
[57.542116] (-) TimerEvent: {}
[57.603596] (warehouse_worlds) StdoutLine: {'line': b'-- Installing: /root/workspaces/ros2_ws/install/warehouse_worlds/share/warehouse_worlds//models/Depot/materials/textures/Window_WINDOW_Roughness.png\n'}
[57.642233] (-) TimerEvent: {}
[57.742811] (-) TimerEvent: {}
[57.803731] (warehouse_worlds) StdoutLine: {'line': b'-- Installing: /root/workspaces/ros2_ws/install/warehouse_worlds/share/warehouse_worlds//models/Depot/materials/textures/Crates_Crates_BaseColor.png\n'}
[57.842918] (-) TimerEvent: {}
[57.943768] (-) TimerEvent: {}
[58.044067] (-) TimerEvent: {}
[58.112254] (warehouse_worlds) StdoutLine: {'line': b'-- Installing: /root/workspaces/ros2_ws/install/warehouse_worlds/share/warehouse_worlds//models/Depot/materials/textures/Pipes_Metalness.png\n'}
[58.144176] (-) TimerEvent: {}
[58.203395] (warehouse_worlds) StdoutLine: {'line': b'-- Installing: /root/workspaces/ros2_ws/install/warehouse_worlds/share/warehouse_worlds//models/Depot/model.config\n'}
[58.244309] (-) TimerEvent: {}
[58.247763] (warehouse_worlds) StdoutLine: {'line': b'-- Installing: /root/workspaces/ros2_ws/install/warehouse_worlds/share/warehouse_worlds//models/Depot/meshes\n'}
[58.302319] (warehouse_worlds) StdoutLine: {'line': b'-- Installing: /root/workspaces/ros2_ws/install/warehouse_worlds/share/warehouse_worlds//models/Depot/meshes/Depot.dae\n'}
[58.344421] (-) TimerEvent: {}
[58.444680] (-) TimerEvent: {}
[58.544970] (-) TimerEvent: {}
[58.645255] (-) TimerEvent: {}
[58.745558] (-) TimerEvent: {}
[58.846149] (-) TimerEvent: {}
[58.946431] (-) TimerEvent: {}
[59.046834] (-) TimerEvent: {}
[59.147284] (-) TimerEvent: {}
[59.252049] (-) TimerEvent: {}
[59.352492] (-) TimerEvent: {}
[59.433719] (warehouse_worlds) StdoutLine: {'line': b'-- Installing: /root/workspaces/ros2_ws/install/warehouse_worlds/share/warehouse_worlds//models/Depot/meshes/Crates.dae\n'}
[59.452599] (-) TimerEvent: {}
[59.552919] (-) TimerEvent: {}
[59.630374] (warehouse_worlds) StdoutLine: {'line': b'-- Installing: /root/workspaces/ros2_ws/install/warehouse_worlds/share/warehouse_worlds//models/Depot/thumbnails\n'}
[59.648907] (warehouse_worlds) StdoutLine: {'line': b'-- Installing: /root/workspaces/ros2_ws/install/warehouse_worlds/share/warehouse_worlds//models/Depot/thumbnails/5.png\n'}
[59.695014] (-) TimerEvent: {}
[59.804535] (-) TimerEvent: {}
[59.812459] (warehouse_worlds) StdoutLine: {'line': b'-- Installing: /root/workspaces/ros2_ws/install/warehouse_worlds/share/warehouse_worlds//models/Depot/thumbnails/1.png\n'}
[59.904669] (-) TimerEvent: {}
[60.004972] (-) TimerEvent: {}
[60.014689] (warehouse_worlds) StdoutLine: {'line': b'-- Installing: /root/workspaces/ros2_ws/install/warehouse_worlds/share/warehouse_worlds//models/Depot/thumbnails/3.png\n'}
[60.106511] (-) TimerEvent: {}
[60.207269] (-) TimerEvent: {}
[60.212997] (warehouse_worlds) StdoutLine: {'line': b'-- Installing: /root/workspaces/ros2_ws/install/warehouse_worlds/share/warehouse_worlds//models/Depot/thumbnails/2.png\n'}
[60.307386] (-) TimerEvent: {}
[60.401015] (warehouse_worlds) StdoutLine: {'line': b'-- Installing: /root/workspaces/ros2_ws/install/warehouse_worlds/share/warehouse_worlds//models/Depot/thumbnails/0.png\n'}
[60.408231] (-) TimerEvent: {}
[60.510283] (-) TimerEvent: {}
[60.610908] (-) TimerEvent: {}
[60.618342] (warehouse_worlds) StdoutLine: {'line': b'-- Installing: /root/workspaces/ros2_ws/install/warehouse_worlds/share/warehouse_worlds//models/Depot/thumbnails/4.png\n'}
[60.711020] (-) TimerEvent: {}
[60.810978] (warehouse_worlds) StdoutLine: {'line': b'-- Installing: /root/workspaces/ros2_ws/install/warehouse_worlds/share/warehouse_worlds//models/shipping_container_short_ariac\n'}
[60.811184] (-) TimerEvent: {}
[60.829150] (warehouse_worlds) StdoutLine: {'line': b'-- Installing: /root/workspaces/ros2_ws/install/warehouse_worlds/share/warehouse_worlds//models/shipping_container_short_ariac/model.sdf\n'}
[60.911315] (-) TimerEvent: {}
[60.920233] (warehouse_worlds) StdoutLine: {'line': b'-- Installing: /root/workspaces/ros2_ws/install/warehouse_worlds/share/warehouse_worlds//models/shipping_container_short_ariac/materials\n'}
[60.936472] (warehouse_worlds) StdoutLine: {'line': b'-- Installing: /root/workspaces/ros2_ws/install/warehouse_worlds/share/warehouse_worlds//models/shipping_container_short_ariac/materials/textures\n'}
[60.996234] (warehouse_worlds) StdoutLine: {'line': b'-- Installing: /root/workspaces/ros2_ws/install/warehouse_worlds/share/warehouse_worlds//models/shipping_container_short_ariac/materials/textures/ShippingContainer.png\n'}
[61.011411] (-) TimerEvent: {}
[61.034887] (warehouse_worlds) StdoutLine: {'line': b'-- Installing: /root/workspaces/ros2_ws/install/warehouse_worlds/share/warehouse_worlds//models/shipping_container_short_ariac/model.config\n'}
[61.111533] (-) TimerEvent: {}
[61.120556] (warehouse_worlds) StdoutLine: {'line': b'-- Installing: /root/workspaces/ros2_ws/install/warehouse_worlds/share/warehouse_worlds//models/shipping_container_short_ariac/meshes\n'}
[61.140793] (warehouse_worlds) StdoutLine: {'line': b'-- Installing: /root/workspaces/ros2_ws/install/warehouse_worlds/share/warehouse_worlds//models/shipping_container_short_ariac/meshes/ShippingContainer_Textured.mtl\n'}
[61.211895] (-) TimerEvent: {}
[61.224349] (warehouse_worlds) StdoutLine: {'line': b'-- Installing: /root/workspaces/ros2_ws/install/warehouse_worlds/share/warehouse_worlds//models/shipping_container_short_ariac/meshes/ShippingContainer_Textured.obj\n'}
[61.312010] (-) TimerEvent: {}
[61.406640] (warehouse_worlds) StdoutLine: {'line': b'-- Installing: /root/workspaces/ros2_ws/install/warehouse_worlds/share/warehouse_worlds//models/part4_ariac\n'}
[61.412941] (-) TimerEvent: {}
[61.422354] (warehouse_worlds) StdoutLine: {'line': b'-- Installing: /root/workspaces/ros2_ws/install/warehouse_worlds/share/warehouse_worlds//models/part4_ariac/model.sdf\n'}
[61.513080] (-) TimerEvent: {}
[61.524746] (warehouse_worlds) StdoutLine: {'line': b'-- Installing: /root/workspaces/ros2_ws/install/warehouse_worlds/share/warehouse_worlds//models/part4_ariac/model.config\n'}
[61.613194] (-) TimerEvent: {}
[61.615354] (warehouse_worlds) StdoutLine: {'line': b'-- Installing: /root/workspaces/ros2_ws/install/warehouse_worlds/share/warehouse_worlds//models/kit_tray_ariac\n'}
[61.630916] (warehouse_worlds) StdoutLine: {'line': b'-- Installing: /root/workspaces/ros2_ws/install/warehouse_worlds/share/warehouse_worlds//models/kit_tray_ariac/model.sdf\n'}
[61.713728] (-) TimerEvent: {}
[61.714368] (warehouse_worlds) StdoutLine: {'line': b'-- Installing: /root/workspaces/ros2_ws/install/warehouse_worlds/share/warehouse_worlds//models/kit_tray_ariac/model.config\n'}
[61.810610] (warehouse_worlds) StdoutLine: {'line': b'-- Installing: /root/workspaces/ros2_ws/install/warehouse_worlds/share/warehouse_worlds//models/piston_rod_part_ariac\n'}
[61.813227] (warehouse_worlds) StdoutLine: {'line': b'-- Installing: /root/workspaces/ros2_ws/install/warehouse_worlds/share/warehouse_worlds//models/piston_rod_part_ariac/model.sdf\n'}
[61.830002] (-) TimerEvent: {}
[61.848654] (warehouse_worlds) StdoutLine: {'line': b'-- Installing: /root/workspaces/ros2_ws/install/warehouse_worlds/share/warehouse_worlds//models/piston_rod_part_ariac/model.config\n'}
[61.927623] (warehouse_worlds) StdoutLine: {'line': b'-- Installing: /root/workspaces/ros2_ws/install/warehouse_worlds/share/warehouse_worlds//models/piston_rod_part_ariac/meshes\n'}
[61.930078] (-) TimerEvent: {}
[61.949688] (warehouse_worlds) StdoutLine: {'line': b'-- Installing: /root/workspaces/ros2_ws/install/warehouse_worlds/share/warehouse_worlds//models/piston_rod_part_ariac/meshes/piston_rod.dae\n'}
[62.030199] (-) TimerEvent: {}
[62.033428] (warehouse_worlds) StdoutLine: {'line': b'-- Installing: /root/workspaces/ros2_ws/install/warehouse_worlds/share/warehouse_worlds//models/closed_box_ariac\n'}
[62.048700] (warehouse_worlds) StdoutLine: {'line': b'-- Installing: /root/workspaces/ros2_ws/install/warehouse_worlds/share/warehouse_worlds//models/closed_box_ariac/model.sdf\n'}
[62.130296] (warehouse_worlds) StdoutLine: {'line': b'-- Installing: /root/workspaces/ros2_ws/install/warehouse_worlds/share/warehouse_worlds//models/closed_box_ariac/materials\n'}
[62.130498] (-) TimerEvent: {}
[62.153375] (warehouse_worlds) StdoutLine: {'line': b'-- Installing: /root/workspaces/ros2_ws/install/warehouse_worlds/share/warehouse_worlds//models/closed_box_ariac/materials/textures\n'}
[62.211679] (warehouse_worlds) StdoutLine: {'line': b'-- Installing: /root/workspaces/ros2_ws/install/warehouse_worlds/share/warehouse_worlds//models/closed_box_ariac/materials/textures/closed_box.png\n'}
[62.230624] (-) TimerEvent: {}
[62.295397] (warehouse_worlds) StdoutLine: {'line': b'-- Installing: /root/workspaces/ros2_ws/install/warehouse_worlds/share/warehouse_worlds//models/closed_box_ariac/model.config\n'}
[62.331908] (-) TimerEvent: {}
[62.335041] (warehouse_worlds) StdoutLine: {'line': b'-- Installing: /root/workspaces/ros2_ws/install/warehouse_worlds/share/warehouse_worlds//models/closed_box_ariac/meshes\n'}
[62.350418] (warehouse_worlds) StdoutLine: {'line': b'-- Installing: /root/workspaces/ros2_ws/install/warehouse_worlds/share/warehouse_worlds//models/closed_box_ariac/meshes/closed_box.mtl\n'}
[62.432024] (-) TimerEvent: {}
[62.432323] (warehouse_worlds) StdoutLine: {'line': b'-- Installing: /root/workspaces/ros2_ws/install/warehouse_worlds/share/warehouse_worlds//models/closed_box_ariac/meshes/closed_box.obj\n'}
[62.513913] (warehouse_worlds) StdoutLine: {'line': b'-- Installing: /root/workspaces/ros2_ws/install/warehouse_worlds/share/warehouse_worlds//models/etgah_logo\n'}
[62.528986] (warehouse_worlds) StdoutLine: {'line': b'-- Installing: /root/workspaces/ros2_ws/install/warehouse_worlds/share/warehouse_worlds//models/etgah_logo/model.sdf\n'}
[62.548066] (-) TimerEvent: {}
[62.614716] (warehouse_worlds) StdoutLine: {'line': b'-- Installing: /root/workspaces/ros2_ws/install/warehouse_worlds/share/warehouse_worlds//models/etgah_logo/materials\n'}
[62.627404] (warehouse_worlds) StdoutLine: {'line': b'-- Installing: /root/workspaces/ros2_ws/install/warehouse_worlds/share/warehouse_worlds//models/etgah_logo/materials/textures\n'}
[62.645253] (warehouse_worlds) StdoutLine: {'line': b'-- Installing: /root/workspaces/ros2_ws/install/warehouse_worlds/share/warehouse_worlds//models/etgah_logo/materials/textures/logo.png\n'}
[62.662544] (-) TimerEvent: {}
[62.739386] (warehouse_worlds) StdoutLine: {'line': b'-- Installing: /root/workspaces/ros2_ws/install/warehouse_worlds/share/warehouse_worlds//models/etgah_logo/model.config\n'}
[62.795028] (-) TimerEvent: {}
[62.821873] (warehouse_worlds) StdoutLine: {'line': b'-- Installing: /root/workspaces/ros2_ws/install/warehouse_worlds/share/warehouse_worlds//models/open_box_ariac\n'}
[62.836318] (warehouse_worlds) StdoutLine: {'line': b'-- Installing: /root/workspaces/ros2_ws/install/warehouse_worlds/share/warehouse_worlds//models/open_box_ariac/model.sdf\n'}
[62.895268] (-) TimerEvent: {}
[62.916329] (warehouse_worlds) StdoutLine: {'line': b'-- Installing: /root/workspaces/ros2_ws/install/warehouse_worlds/share/warehouse_worlds//models/open_box_ariac/materials\n'}
[62.933317] (warehouse_worlds) StdoutLine: {'line': b'-- Installing: /root/workspaces/ros2_ws/install/warehouse_worlds/share/warehouse_worlds//models/open_box_ariac/materials/textures\n'}
[62.954972] (warehouse_worlds) StdoutLine: {'line': b'-- Installing: /root/workspaces/ros2_ws/install/warehouse_worlds/share/warehouse_worlds//models/open_box_ariac/materials/textures/open_box.png\n'}
[62.995887] (-) TimerEvent: {}
[63.029695] (warehouse_worlds) StdoutLine: {'line': b'-- Installing: /root/workspaces/ros2_ws/install/warehouse_worlds/share/warehouse_worlds//models/open_box_ariac/model.config\n'}
[63.096016] (-) TimerEvent: {}
[63.109321] (warehouse_worlds) StdoutLine: {'line': b'-- Installing: /root/workspaces/ros2_ws/install/warehouse_worlds/share/warehouse_worlds//models/open_box_ariac/meshes\n'}
[63.126001] (warehouse_worlds) StdoutLine: {'line': b'-- Installing: /root/workspaces/ros2_ws/install/warehouse_worlds/share/warehouse_worlds//models/open_box_ariac/meshes/open_box.mtl\n'}
[63.196113] (-) TimerEvent: {}
[63.211346] (warehouse_worlds) StdoutLine: {'line': b'-- Installing: /root/workspaces/ros2_ws/install/warehouse_worlds/share/warehouse_worlds//models/open_box_ariac/meshes/open_box.obj\n'}
[63.296367] (-) TimerEvent: {}
[63.311196] (warehouse_worlds) StdoutLine: {'line': b'-- Installing: /root/workspaces/ros2_ws/install/warehouse_worlds/share/warehouse_worlds//models/part3_ariac\n'}
[63.327432] (warehouse_worlds) StdoutLine: {'line': b'-- Installing: /root/workspaces/ros2_ws/install/warehouse_worlds/share/warehouse_worlds//models/part3_ariac/model.sdf\n'}
[63.396911] (-) TimerEvent: {}
[63.411848] (warehouse_worlds) StdoutLine: {'line': b'-- Installing: /root/workspaces/ros2_ws/install/warehouse_worlds/share/warehouse_worlds//models/part3_ariac/model.config\n'}
[63.450022] (warehouse_worlds) StdoutLine: {'line': b'-- Installing: /root/workspaces/ros2_ws/install/warehouse_worlds/share/warehouse_worlds//models/arm_part_ariac\n'}
[63.497006] (-) TimerEvent: {}
[63.513270] (warehouse_worlds) StdoutLine: {'line': b'-- Installing: /root/workspaces/ros2_ws/install/warehouse_worlds/share/warehouse_worlds//models/arm_part_ariac/model.sdf\n'}
[63.556028] (warehouse_worlds) StdoutLine: {'line': b'-- Installing: /root/workspaces/ros2_ws/install/warehouse_worlds/share/warehouse_worlds//models/arm_part_ariac/materials\n'}
[63.597103] (-) TimerEvent: {}
[63.612287] (warehouse_worlds) StdoutLine: {'line': b'-- Installing: /root/workspaces/ros2_ws/install/warehouse_worlds/share/warehouse_worlds//models/arm_part_ariac/materials/scripts\n'}
[63.631573] (warehouse_worlds) StdoutLine: {'line': b'-- Installing: /root/workspaces/ros2_ws/install/warehouse_worlds/share/warehouse_worlds//models/arm_part_ariac/materials/scripts/arm_part.material\n'}
[63.697208] (-) TimerEvent: {}
[63.706469] (warehouse_worlds) StdoutLine: {'line': b'-- Installing: /root/workspaces/ros2_ws/install/warehouse_worlds/share/warehouse_worlds//models/arm_part_ariac/materials/textures\n'}
[63.725146] (warehouse_worlds) StdoutLine: {'line': b'-- Installing: /root/workspaces/ros2_ws/install/warehouse_worlds/share/warehouse_worlds//models/arm_part_ariac/materials/textures/parts.png\n'}
[63.797335] (-) TimerEvent: {}
[63.897891] (-) TimerEvent: {}
[63.907856] (warehouse_worlds) StdoutLine: {'line': b'-- Installing: /root/workspaces/ros2_ws/install/warehouse_worlds/share/warehouse_worlds//models/arm_part_ariac/model.config\n'}
[63.945938] (warehouse_worlds) StdoutLine: {'line': b'-- Installing: /root/workspaces/ros2_ws/install/warehouse_worlds/share/warehouse_worlds//models/arm_part_ariac/meshes\n'}
[63.997993] (-) TimerEvent: {}
[63.999223] (warehouse_worlds) StdoutLine: {'line': b'-- Installing: /root/workspaces/ros2_ws/install/warehouse_worlds/share/warehouse_worlds//models/arm_part_ariac/meshes/arm.dae\n'}
[64.047793] (warehouse_worlds) StdoutLine: {'line': b'-- Installing: /root/workspaces/ros2_ws/install/warehouse_worlds/share/warehouse_worlds//models/shipping_container_ariac\n'}
[64.098417] (-) TimerEvent: {}
[64.102300] (warehouse_worlds) StdoutLine: {'line': b'-- Installing: /root/workspaces/ros2_ws/install/warehouse_worlds/share/warehouse_worlds//models/shipping_container_ariac/model.sdf\n'}
[64.143119] (warehouse_worlds) StdoutLine: {'line': b'-- Installing: /root/workspaces/ros2_ws/install/warehouse_worlds/share/warehouse_worlds//models/shipping_container_ariac/materials\n'}
[64.198468] (warehouse_worlds) StdoutLine: {'line': b'-- Installing: /root/workspaces/ros2_ws/install/warehouse_worlds/share/warehouse_worlds//models/shipping_container_ariac/materials/textures\n'}
[64.203372] (-) TimerEvent: {}
[64.216251] (warehouse_worlds) StdoutLine: {'line': b'-- Installing: /root/workspaces/ros2_ws/install/warehouse_worlds/share/warehouse_worlds//models/shipping_container_ariac/materials/textures/ShippingContainer.png\n'}
[64.298404] (warehouse_worlds) StdoutLine: {'line': b'-- Installing: /root/workspaces/ros2_ws/install/warehouse_worlds/share/warehouse_worlds//models/shipping_container_ariac/model.config\n'}
[64.304668] (-) TimerEvent: {}
[64.338428] (warehouse_worlds) StdoutLine: {'line': b'-- Installing: /root/workspaces/ros2_ws/install/warehouse_worlds/share/warehouse_worlds//models/shipping_container_ariac/meshes\n'}
[64.395581] (warehouse_worlds) StdoutLine: {'line': b'-- Installing: /root/workspaces/ros2_ws/install/warehouse_worlds/share/warehouse_worlds//models/shipping_container_ariac/meshes/ShippingContainer_Textured.mtl\n'}
[64.404745] (-) TimerEvent: {}
[64.448543] (warehouse_worlds) StdoutLine: {'line': b'-- Installing: /root/workspaces/ros2_ws/install/warehouse_worlds/share/warehouse_worlds//models/shipping_container_ariac/meshes/ShippingContainer_Textured.obj\n'}
[64.504854] (-) TimerEvent: {}
[64.605129] (-) TimerEvent: {}
[64.610205] (warehouse_worlds) StdoutLine: {'line': b'-- Installing: /root/workspaces/ros2_ws/install/warehouse_worlds/share/warehouse_worlds//models/workcell\n'}
[64.626069] (warehouse_worlds) StdoutLine: {'line': b'-- Installing: /root/workspaces/ros2_ws/install/warehouse_worlds/share/warehouse_worlds//models/workcell/model.sdf\n'}
[64.705320] (-) TimerEvent: {}
[64.707036] (warehouse_worlds) StdoutLine: {'line': b'-- Installing: /root/workspaces/ros2_ws/install/warehouse_worlds/share/warehouse_worlds//models/workcell/materials\n'}
[64.724185] (warehouse_worlds) StdoutLine: {'line': b'-- Installing: /root/workspaces/ros2_ws/install/warehouse_worlds/share/warehouse_worlds//models/workcell/materials/textures\n'}
[64.742701] (warehouse_worlds) StdoutLine: {'line': b'-- Installing: /root/workspaces/ros2_ws/install/warehouse_worlds/share/warehouse_worlds//models/workcell/materials/textures/Mesh.png\n'}
[64.805454] (-) TimerEvent: {}
[64.834138] (warehouse_worlds) StdoutLine: {'line': b'-- Installing: /root/workspaces/ros2_ws/install/warehouse_worlds/share/warehouse_worlds//models/workcell/materials/textures/Conveyor.png\n'}
[64.905543] (-) TimerEvent: {}
[65.006383] (-) TimerEvent: {}
[65.010091] (warehouse_worlds) StdoutLine: {'line': b'-- Installing: /root/workspaces/ros2_ws/install/warehouse_worlds/share/warehouse_worlds//models/workcell/materials/textures/ControlPanel.png\n'}
[65.106498] (-) TimerEvent: {}
[65.111999] (warehouse_worlds) StdoutLine: {'line': b'-- Installing: /root/workspaces/ros2_ws/install/warehouse_worlds/share/warehouse_worlds//models/workcell/materials/textures/Bin.png\n'}
[65.206650] (-) TimerEvent: {}
[65.211026] (warehouse_worlds) StdoutLine: {'line': b'-- Installing: /root/workspaces/ros2_ws/install/warehouse_worlds/share/warehouse_worlds//models/workcell/materials/textures/Wall_Corrugated.png\n'}
[65.306759] (-) TimerEvent: {}
[65.312540] (warehouse_worlds) StdoutLine: {'line': b'-- Installing: /root/workspaces/ros2_ws/install/warehouse_worlds/share/warehouse_worlds//models/workcell/materials/textures/CardboardBoxes.png\n'}
[65.408649] (-) TimerEvent: {}
[65.410217] (warehouse_worlds) StdoutLine: {'line': b'-- Installing: /root/workspaces/ros2_ws/install/warehouse_worlds/share/warehouse_worlds//models/workcell/materials/textures/Door_Window.png\n'}
[65.508761] (-) TimerEvent: {}
[65.511768] (warehouse_worlds) StdoutLine: {'line': b'-- Installing: /root/workspaces/ros2_ws/install/warehouse_worlds/share/warehouse_worlds//models/workcell/materials/textures/Plywood.png\n'}
[65.608882] (-) TimerEvent: {}
[65.611818] (warehouse_worlds) StdoutLine: {'line': b'-- Installing: /root/workspaces/ros2_ws/install/warehouse_worlds/share/warehouse_worlds//models/workcell/materials/textures/Stairs.png\n'}
[65.709004] (-) TimerEvent: {}
[65.741753] (warehouse_worlds) StdoutLine: {'line': b'-- Installing: /root/workspaces/ros2_ws/install/warehouse_worlds/share/warehouse_worlds//models/workcell/materials/textures/RollupDoor.png\n'}
[65.809118] (-) TimerEvent: {}
[65.909433] (-) TimerEvent: {}
[65.917784] (warehouse_worlds) StdoutLine: {'line': b'-- Installing: /root/workspaces/ros2_ws/install/warehouse_worlds/share/warehouse_worlds//models/workcell/materials/textures/Floor.png\n'}
[66.009546] (-) TimerEvent: {}
[66.014757] (warehouse_worlds) StdoutLine: {'line': b'-- Installing: /root/workspaces/ros2_ws/install/warehouse_worlds/share/warehouse_worlds//models/workcell/materials/textures/Pallet.png\n'}
[66.109664] (-) TimerEvent: {}
[66.114692] (warehouse_worlds) StdoutLine: {'line': b'-- Installing: /root/workspaces/ros2_ws/install/warehouse_worlds/share/warehouse_worlds//models/workcell/materials/textures/WorkCell_Render.png\n'}
[66.209779] (-) TimerEvent: {}
[66.310339] (-) TimerEvent: {}
[66.320238] (warehouse_worlds) StdoutLine: {'line': b'-- Installing: /root/workspaces/ros2_ws/install/warehouse_worlds/share/warehouse_worlds//models/workcell/materials/textures/Wall_Concrete.png\n'}
[66.410449] (-) TimerEvent: {}
[66.412724] (warehouse_worlds) StdoutLine: {'line': b'-- Installing: /root/workspaces/ros2_ws/install/warehouse_worlds/share/warehouse_worlds//models/workcell/materials/textures/Shelves.png\n'}
[66.510568] (-) TimerEvent: {}
[66.513202] (warehouse_worlds) StdoutLine: {'line': b'-- Installing: /root/workspaces/ros2_ws/install/warehouse_worlds/share/warehouse_worlds//models/workcell/materials/textures/Pillar.png\n'}
[66.610681] (-) TimerEvent: {}
[66.704118] (warehouse_worlds) StdoutLine: {'line': b'-- Installing: /root/workspaces/ros2_ws/install/warehouse_worlds/share/warehouse_worlds//models/workcell/materials/textures/RubberMat.png\n'}
[66.710781] (-) TimerEvent: {}
[66.812333] (warehouse_worlds) StdoutLine: {'line': b'-- Installing: /root/workspaces/ros2_ws/install/warehouse_worlds/share/warehouse_worlds//models/workcell/materials/textures/Yellow.png\n'}
[66.812531] (-) TimerEvent: {}
[66.903046] (warehouse_worlds) StdoutLine: {'line': b'-- Installing: /root/workspaces/ros2_ws/install/warehouse_worlds/share/warehouse_worlds//models/workcell/materials/textures/PalletWrap.png\n'}
[66.912640] (-) TimerEvent: {}
[67.011568] (warehouse_worlds) StdoutLine: {'line': b'-- Installing: /root/workspaces/ros2_ws/install/warehouse_worlds/share/warehouse_worlds//models/workcell/model.config\n'}
[67.012699] (-) TimerEvent: {}
[67.050588] (warehouse_worlds) StdoutLine: {'line': b'-- Installing: /root/workspaces/ros2_ws/install/warehouse_worlds/share/warehouse_worlds//models/workcell/meshes\n'}
[67.102370] (warehouse_worlds) StdoutLine: {'line': b'-- Installing: /root/workspaces/ros2_ws/install/warehouse_worlds/share/warehouse_worlds//models/workcell/meshes/mesh.dae\n'}
[67.112784] (-) TimerEvent: {}
[67.215996] (-) TimerEvent: {}
[67.312337] (warehouse_worlds) StdoutLine: {'line': b'-- Installing: /root/workspaces/ros2_ws/install/warehouse_worlds/share/warehouse_worlds//models/shipping_container_conveyor_tall_ariac\n'}
[67.316769] (-) TimerEvent: {}
[67.327606] (warehouse_worlds) StdoutLine: {'line': b'-- Installing: /root/workspaces/ros2_ws/install/warehouse_worlds/share/warehouse_worlds//models/shipping_container_conveyor_tall_ariac/model.sdf\n'}
[67.408967] (warehouse_worlds) StdoutLine: {'line': b'-- Installing: /root/workspaces/ros2_ws/install/warehouse_worlds/share/warehouse_worlds//models/shipping_container_conveyor_tall_ariac/materials\n'}
[67.420710] (-) TimerEvent: {}
[67.429969] (warehouse_worlds) StdoutLine: {'line': b'-- Installing: /root/workspaces/ros2_ws/install/warehouse_worlds/share/warehouse_worlds//models/shipping_container_conveyor_tall_ariac/materials/textures\n'}
[67.447865] (warehouse_worlds) StdoutLine: {'line': b'-- Installing: /root/workspaces/ros2_ws/install/warehouse_worlds/share/warehouse_worlds//models/shipping_container_conveyor_tall_ariac/materials/textures/ShippingContainer.png\n'}
[67.523526] (-) TimerEvent: {}
[67.527202] (warehouse_worlds) StdoutLine: {'line': b'-- Installing: /root/workspaces/ros2_ws/install/warehouse_worlds/share/warehouse_worlds//models/shipping_container_conveyor_tall_ariac/model.config\n'}
[67.606486] (warehouse_worlds) StdoutLine: {'line': b'-- Installing: /root/workspaces/ros2_ws/install/warehouse_worlds/share/warehouse_worlds//models/shipping_container_conveyor_tall_ariac/meshes\n'}
[67.623608] (-) TimerEvent: {}
[67.634459] (warehouse_worlds) StdoutLine: {'line': b'-- Installing: /root/workspaces/ros2_ws/install/warehouse_worlds/share/warehouse_worlds//models/shipping_container_conveyor_tall_ariac/meshes/ShippingContainer_Textured.mtl\n'}
[67.704724] (warehouse_worlds) StdoutLine: {'line': b'-- Installing: /root/workspaces/ros2_ws/install/warehouse_worlds/share/warehouse_worlds//models/shipping_container_conveyor_tall_ariac/meshes/ShippingContainer_Textured.obj\n'}
[67.723700] (-) TimerEvent: {}
[67.818427] (warehouse_worlds) StdoutLine: {'line': b'-- Installing: /root/workspaces/ros2_ws/install/warehouse_worlds/share/warehouse_worlds//models/yellow_bin_ariac\n'}
[67.823730] (-) TimerEvent: {}
[67.832801] (warehouse_worlds) StdoutLine: {'line': b'-- Installing: /root/workspaces/ros2_ws/install/warehouse_worlds/share/warehouse_worlds//models/yellow_bin_ariac/model.sdf\n'}
[67.917207] (warehouse_worlds) StdoutLine: {'line': b'-- Installing: /root/workspaces/ros2_ws/install/warehouse_worlds/share/warehouse_worlds//models/yellow_bin_ariac/materials\n'}
[67.923813] (-) TimerEvent: {}
[67.935185] (warehouse_worlds) StdoutLine: {'line': b'-- Installing: /root/workspaces/ros2_ws/install/warehouse_worlds/share/warehouse_worlds//models/yellow_bin_ariac/materials/textures\n'}
[67.954977] (warehouse_worlds) StdoutLine: {'line': b'-- Installing: /root/workspaces/ros2_ws/install/warehouse_worlds/share/warehouse_worlds//models/yellow_bin_ariac/materials/textures/yellow_bin.png\n'}
[68.023911] (-) TimerEvent: {}
[68.029694] (warehouse_worlds) StdoutLine: {'line': b'-- Installing: /root/workspaces/ros2_ws/install/warehouse_worlds/share/warehouse_worlds//models/yellow_bin_ariac/model.config\n'}
[68.112403] (warehouse_worlds) StdoutLine: {'line': b'-- Installing: /root/workspaces/ros2_ws/install/warehouse_worlds/share/warehouse_worlds//models/yellow_bin_ariac/meshes\n'}
[68.124006] (-) TimerEvent: {}
[68.129910] (warehouse_worlds) StdoutLine: {'line': b'-- Installing: /root/workspaces/ros2_ws/install/warehouse_worlds/share/warehouse_worlds//models/yellow_bin_ariac/meshes/yellow_bin.obj\n'}
[68.212630] (warehouse_worlds) StdoutLine: {'line': b'-- Installing: /root/workspaces/ros2_ws/install/warehouse_worlds/share/warehouse_worlds//models/yellow_bin_ariac/meshes/yellow_bin.mtl\n'}
[68.224285] (-) TimerEvent: {}
[68.253006] (warehouse_worlds) StdoutLine: {'line': b'-- Installing: /root/workspaces/ros2_ws/install/warehouse_worlds/share/warehouse_worlds//models/workcell_bin\n'}
[68.298743] (warehouse_worlds) StdoutLine: {'line': b'-- Installing: /root/workspaces/ros2_ws/install/warehouse_worlds/share/warehouse_worlds//models/workcell_bin/model.sdf\n'}
[68.324389] (-) TimerEvent: {}
[68.340003] (warehouse_worlds) StdoutLine: {'line': b'-- Installing: /root/workspaces/ros2_ws/install/warehouse_worlds/share/warehouse_worlds//models/workcell_bin/materials\n'}
[68.399468] (warehouse_worlds) StdoutLine: {'line': b'-- Installing: /root/workspaces/ros2_ws/install/warehouse_worlds/share/warehouse_worlds//models/workcell_bin/materials/textures\n'}
[68.416926] (warehouse_worlds) StdoutLine: {'line': b'-- Installing: /root/workspaces/ros2_ws/install/warehouse_worlds/share/warehouse_worlds//models/workcell_bin/materials/textures/bin.png\n'}
[68.424481] (-) TimerEvent: {}
[68.511852] (warehouse_worlds) StdoutLine: {'line': b'-- Installing: /root/workspaces/ros2_ws/install/warehouse_worlds/share/warehouse_worlds//models/workcell_bin/model.config\n'}
[68.524582] (-) TimerEvent: {}
[68.596982] (warehouse_worlds) StdoutLine: {'line': b'-- Installing: /root/workspaces/ros2_ws/install/warehouse_worlds/share/warehouse_worlds//models/workcell_bin/meshes\n'}
[68.614700] (warehouse_worlds) StdoutLine: {'line': b'-- Installing: /root/workspaces/ros2_ws/install/warehouse_worlds/share/warehouse_worlds//models/workcell_bin/meshes/bin.dae\n'}
[68.624671] (-) TimerEvent: {}
[68.712481] (warehouse_worlds) StdoutLine: {'line': b'-- Installing: /root/workspaces/ros2_ws/install/warehouse_worlds/share/warehouse_worlds//models/shipping_container_conveyor_ariac\n'}
[68.730027] (-) TimerEvent: {}
[68.734818] (warehouse_worlds) StdoutLine: {'line': b'-- Installing: /root/workspaces/ros2_ws/install/warehouse_worlds/share/warehouse_worlds//models/shipping_container_conveyor_ariac/model.sdf\n'}
[68.798814] (warehouse_worlds) StdoutLine: {'line': b'-- Installing: /root/workspaces/ros2_ws/install/warehouse_worlds/share/warehouse_worlds//models/shipping_container_conveyor_ariac/materials\n'}
[68.815494] (warehouse_worlds) StdoutLine: {'line': b'-- Installing: /root/workspaces/ros2_ws/install/warehouse_worlds/share/warehouse_worlds//models/shipping_container_conveyor_ariac/materials/textures\n'}
[68.830130] (-) TimerEvent: {}
[68.844670] (warehouse_worlds) StdoutLine: {'line': b'-- Installing: /root/workspaces/ros2_ws/install/warehouse_worlds/share/warehouse_worlds//models/shipping_container_conveyor_ariac/materials/textures/ShippingContainer.png\n'}
[68.922516] (warehouse_worlds) StdoutLine: {'line': b'-- Installing: /root/workspaces/ros2_ws/install/warehouse_worlds/share/warehouse_worlds//models/shipping_container_conveyor_ariac/model.config\n'}
[68.930198] (-) TimerEvent: {}
[68.996170] (warehouse_worlds) StdoutLine: {'line': b'-- Installing: /root/workspaces/ros2_ws/install/warehouse_worlds/share/warehouse_worlds//models/shipping_container_conveyor_ariac/meshes\n'}
[69.012123] (warehouse_worlds) StdoutLine: {'line': b'-- Installing: /root/workspaces/ros2_ws/install/warehouse_worlds/share/warehouse_worlds//models/shipping_container_conveyor_ariac/meshes/ShippingContainer_Textured.mtl\n'}
[69.030288] (-) TimerEvent: {}
[69.051870] (warehouse_worlds) StdoutLine: {'line': b'-- Installing: /root/workspaces/ros2_ws/install/warehouse_worlds/share/warehouse_worlds//models/shipping_container_conveyor_ariac/meshes/ShippingContainer_Textured.obj\n'}
[69.113281] (ffw_swerve_drive_controller) StdoutLine: {'line': b'[ 57%] \x1b[32mBuilding CXX object CMakeFiles/ffw_swerve_drive_controller.dir/src/speed_limiter.cpp.o\x1b[0m\n'}
[69.130391] (-) TimerEvent: {}
[69.230792] (-) TimerEvent: {}
[69.331499] (-) TimerEvent: {}
[69.432049] (-) TimerEvent: {}
[69.532623] (-) TimerEvent: {}
[69.633284] (-) TimerEvent: {}
[69.721580] (warehouse_worlds) StdoutLine: {'line': b'-- Installing: /root/workspaces/ros2_ws/install/warehouse_worlds/share/warehouse_worlds//models/warehouse_robot_ariac\n'}
[69.732255] (warehouse_worlds) StdoutLine: {'line': b'-- Installing: /root/workspaces/ros2_ws/install/warehouse_worlds/share/warehouse_worlds//models/warehouse_robot_ariac/model.sdf\n'}
[69.740830] (-) TimerEvent: {}
[69.809551] (warehouse_worlds) StdoutLine: {'line': b'-- Installing: /root/workspaces/ros2_ws/install/warehouse_worlds/share/warehouse_worlds//models/warehouse_robot_ariac/materials\n'}
[69.826200] (warehouse_worlds) StdoutLine: {'line': b'-- Installing: /root/workspaces/ros2_ws/install/warehouse_worlds/share/warehouse_worlds//models/warehouse_robot_ariac/materials/textures\n'}
[69.840941] (-) TimerEvent: {}
[69.844846] (warehouse_worlds) StdoutLine: {'line': b'-- Installing: /root/workspaces/ros2_ws/install/warehouse_worlds/share/warehouse_worlds//models/warehouse_robot_ariac/materials/textures/robot.png\n'}
[69.941071] (-) TimerEvent: {}
[70.005869] (warehouse_worlds) StdoutLine: {'line': b'-- Installing: /root/workspaces/ros2_ws/install/warehouse_worlds/share/warehouse_worlds//models/warehouse_robot_ariac/model.config\n'}
[70.041196] (-) TimerEvent: {}
[70.048363] (warehouse_worlds) StdoutLine: {'line': b'-- Installing: /root/workspaces/ros2_ws/install/warehouse_worlds/share/warehouse_worlds//models/warehouse_robot_ariac/meshes\n'}
[70.102922] (warehouse_worlds) StdoutLine: {'line': b'-- Installing: /root/workspaces/ros2_ws/install/warehouse_worlds/share/warehouse_worlds//models/warehouse_robot_ariac/meshes/robot.dae\n'}
[70.141316] (-) TimerEvent: {}
[70.154978] (warehouse_worlds) StdoutLine: {'line': b'-- Installing: /root/workspaces/ros2_ws/install/warehouse_worlds/share/warehouse_worlds//models/part1_ariac\n'}
[70.210609] (warehouse_worlds) StdoutLine: {'line': b'-- Installing: /root/workspaces/ros2_ws/install/warehouse_worlds/share/warehouse_worlds//models/part1_ariac/model.sdf\n'}
[70.221745] (ffw_swerve_drive_controller) StdoutLine: {'line': b'[ 71%] \x1b[32mBuilding CXX object CMakeFiles/ffw_swerve_drive_controller.dir/src/marker_visualize.cpp.o\x1b[0m\n'}
[70.241800] (-) TimerEvent: {}
[70.303817] (warehouse_worlds) StdoutLine: {'line': b'-- Installing: /root/workspaces/ros2_ws/install/warehouse_worlds/share/warehouse_worlds//models/part1_ariac/model.config\n'}
[70.341912] (-) TimerEvent: {}
[70.408428] (warehouse_worlds) StdoutLine: {'line': b'-- Installing: /root/workspaces/ros2_ws/install/warehouse_worlds/share/ament_index/resource_index/package_run_dependencies/warehouse_worlds\n'}
[70.442026] (-) TimerEvent: {}
[70.494763] (warehouse_worlds) StdoutLine: {'line': b'-- Installing: /root/workspaces/ros2_ws/install/warehouse_worlds/share/ament_index/resource_index/parent_prefix_path/warehouse_worlds\n'}
[70.536119] (warehouse_worlds) StdoutLine: {'line': b'-- Installing: /root/workspaces/ros2_ws/install/warehouse_worlds/share/warehouse_worlds/environment/ament_prefix_path.sh\n'}
[70.542094] (-) TimerEvent: {}
[70.614643] (warehouse_worlds) StdoutLine: {'line': b'-- Installing: /root/workspaces/ros2_ws/install/warehouse_worlds/share/warehouse_worlds/environment/ament_prefix_path.dsv\n'}
[70.642211] (-) TimerEvent: {}
[70.694998] (warehouse_worlds) StdoutLine: {'line': b'-- Installing: /root/workspaces/ros2_ws/install/warehouse_worlds/share/warehouse_worlds/environment/path.sh\n'}
[70.736935] (warehouse_worlds) StdoutLine: {'line': b'-- Installing: /root/workspaces/ros2_ws/install/warehouse_worlds/share/warehouse_worlds/environment/path.dsv\n'}
[70.742304] (-) TimerEvent: {}
[70.824552] (warehouse_worlds) StdoutLine: {'line': b'-- Installing: /root/workspaces/ros2_ws/install/warehouse_worlds/share/warehouse_worlds/local_setup.bash\n'}
[70.844714] (-) TimerEvent: {}
[70.905633] (warehouse_worlds) StdoutLine: {'line': b'-- Installing: /root/workspaces/ros2_ws/install/warehouse_worlds/share/warehouse_worlds/local_setup.sh\n'}
[70.944821] (-) TimerEvent: {}
[70.994803] (warehouse_worlds) StdoutLine: {'line': b'-- Installing: /root/workspaces/ros2_ws/install/warehouse_worlds/share/warehouse_worlds/local_setup.zsh\n'}
[71.034936] (warehouse_worlds) StdoutLine: {'line': b'-- Installing: /root/workspaces/ros2_ws/install/warehouse_worlds/share/warehouse_worlds/local_setup.dsv\n'}
[71.044904] (-) TimerEvent: {}
[71.109756] (warehouse_worlds) StdoutLine: {'line': b'-- Installing: /root/workspaces/ros2_ws/install/warehouse_worlds/share/warehouse_worlds/package.dsv\n'}
[71.145023] (-) TimerEvent: {}
[71.156483] (warehouse_worlds) StdoutLine: {'line': b'-- Installing: /root/workspaces/ros2_ws/install/warehouse_worlds/share/ament_index/resource_index/packages/warehouse_worlds\n'}
[71.231931] (warehouse_worlds) StdoutLine: {'line': b'-- Installing: /root/workspaces/ros2_ws/install/warehouse_worlds/share/warehouse_worlds/cmake/warehouse_worldsConfig.cmake\n'}
[71.245123] (-) TimerEvent: {}
[71.318988] (warehouse_worlds) StdoutLine: {'line': b'-- Installing: /root/workspaces/ros2_ws/install/warehouse_worlds/share/warehouse_worlds/cmake/warehouse_worldsConfig-version.cmake\n'}
[71.345225] (-) TimerEvent: {}
[71.355202] (warehouse_worlds) StdoutLine: {'line': b'-- Installing: /root/workspaces/ros2_ws/install/warehouse_worlds/share/warehouse_worlds/package.xml\n'}
[71.449274] (-) TimerEvent: {}
[71.450709] (warehouse_worlds) CommandEnded: {'returncode': 0}
[71.549377] (-) TimerEvent: {}
[71.649639] (-) TimerEvent: {}
[71.749879] (-) TimerEvent: {}
[71.850209] (-) TimerEvent: {}
[71.950626] (-) TimerEvent: {}
[72.050930] (-) TimerEvent: {}
[72.137941] (warehouse_worlds) JobEnded: {'identifier': 'warehouse_worlds', 'rc': 0}
[72.151879] (-) TimerEvent: {}
[72.294695] (-) TimerEvent: {}
[72.395402] (-) TimerEvent: {}
[72.505047] (-) TimerEvent: {}
[72.605723] (-) TimerEvent: {}
[72.711163] (-) TimerEvent: {}
[72.811852] (-) TimerEvent: {}
[72.912497] (-) TimerEvent: {}
[73.012791] (-) TimerEvent: {}
[73.113065] (-) TimerEvent: {}
[73.213535] (-) TimerEvent: {}
[73.313805] (-) TimerEvent: {}
[73.414079] (-) TimerEvent: {}
[73.514745] (-) TimerEvent: {}
[73.615822] (-) TimerEvent: {}
[73.716533] (-) TimerEvent: {}
[73.817156] (-) TimerEvent: {}
[73.917857] (-) TimerEvent: {}
[74.018376] (-) TimerEvent: {}
[74.118881] (-) TimerEvent: {}
[74.219474] (-) TimerEvent: {}
[74.319971] (-) TimerEvent: {}
[74.420593] (-) TimerEvent: {}
[74.521286] (-) TimerEvent: {}
[74.621922] (-) TimerEvent: {}
[74.722506] (-) TimerEvent: {}
[74.822802] (-) TimerEvent: {}
[74.923368] (-) TimerEvent: {}
[75.026234] (-) TimerEvent: {}
[75.126934] (-) TimerEvent: {}
[75.227236] (-) TimerEvent: {}
[75.327646] (-) TimerEvent: {}
[75.430468] (-) TimerEvent: {}
[75.531074] (-) TimerEvent: {}
[75.631666] (-) TimerEvent: {}
[75.732454] (-) TimerEvent: {}
[75.833428] (-) TimerEvent: {}
[75.934533] (-) TimerEvent: {}
[76.035162] (-) TimerEvent: {}
[76.135871] (-) TimerEvent: {}
[76.236575] (-) TimerEvent: {}
[76.337290] (-) TimerEvent: {}
[76.437944] (-) TimerEvent: {}
[76.538573] (-) TimerEvent: {}
[76.639174] (-) TimerEvent: {}
[76.739816] (-) TimerEvent: {}
[76.841759] (-) TimerEvent: {}
[76.944968] (-) TimerEvent: {}
[77.045269] (-) TimerEvent: {}
[77.145631] (-) TimerEvent: {}
[77.245982] (-) TimerEvent: {}
[77.346566] (-) TimerEvent: {}
[77.447302] (-) TimerEvent: {}
[77.548358] (-) TimerEvent: {}
[77.649538] (-) TimerEvent: {}
[77.750188] (-) TimerEvent: {}
[77.850837] (-) TimerEvent: {}
[77.951587] (-) TimerEvent: {}
[78.052333] (-) TimerEvent: {}
[78.152887] (-) TimerEvent: {}
[78.253683] (-) TimerEvent: {}
[78.354354] (-) TimerEvent: {}
[78.494716] (-) TimerEvent: {}
[78.604680] (-) TimerEvent: {}
[78.705418] (-) TimerEvent: {}
[78.805934] (-) TimerEvent: {}
[78.906406] (-) TimerEvent: {}
[79.007410] (-) TimerEvent: {}
[79.107772] (-) TimerEvent: {}
[79.208187] (-) TimerEvent: {}
[79.308635] (-) TimerEvent: {}
[79.409044] (-) TimerEvent: {}
[79.509587] (-) TimerEvent: {}
[79.610026] (-) TimerEvent: {}
[79.710525] (-) TimerEvent: {}
[79.811790] (-) TimerEvent: {}
[79.912283] (-) TimerEvent: {}
[80.012659] (-) TimerEvent: {}
[80.114542] (-) TimerEvent: {}
[80.217178] (-) TimerEvent: {}
[80.317515] (-) TimerEvent: {}
[80.420752] (-) TimerEvent: {}
[80.425561] (ffw_swerve_drive_controller) StdoutLine: {'line': b'[ 85%] \x1b[32mBuilding CXX object CMakeFiles/ffw_swerve_drive_controller.dir/src/odometry.cpp.o\x1b[0m\n'}
[80.520859] (-) TimerEvent: {}
[80.623990] (-) TimerEvent: {}
[80.724470] (-) TimerEvent: {}
[80.828585] (-) TimerEvent: {}
[80.929090] (-) TimerEvent: {}
[81.029673] (-) TimerEvent: {}
[81.130152] (-) TimerEvent: {}
[81.230717] (-) TimerEvent: {}
[81.331284] (-) TimerEvent: {}
[81.431861] (-) TimerEvent: {}
[81.532429] (-) TimerEvent: {}
[81.633023] (-) TimerEvent: {}
[81.733628] (-) TimerEvent: {}
[81.834155] (-) TimerEvent: {}
[81.934693] (-) TimerEvent: {}
[82.035232] (-) TimerEvent: {}
[82.135788] (-) TimerEvent: {}
[82.236338] (-) TimerEvent: {}
[82.336780] (-) TimerEvent: {}
[82.437242] (-) TimerEvent: {}
[82.537756] (-) TimerEvent: {}
[82.638168] (-) TimerEvent: {}
[82.738744] (-) TimerEvent: {}
[82.839380] (-) TimerEvent: {}
[82.940047] (-) TimerEvent: {}
[83.040686] (-) TimerEvent: {}
[83.141314] (-) TimerEvent: {}
[83.244954] (-) TimerEvent: {}
[83.345927] (-) TimerEvent: {}
[83.446697] (-) TimerEvent: {}
[83.547983] (-) TimerEvent: {}
[83.694685] (-) TimerEvent: {}
[83.796668] (-) TimerEvent: {}
[83.896962] (-) TimerEvent: {}
[83.997546] (-) TimerEvent: {}
[84.098144] (-) TimerEvent: {}
[84.198568] (-) TimerEvent: {}
[84.299122] (-) TimerEvent: {}
[84.399809] (-) TimerEvent: {}
[84.500109] (-) TimerEvent: {}
[84.600585] (-) TimerEvent: {}
[84.701079] (-) TimerEvent: {}
[84.801589] (-) TimerEvent: {}
[84.902207] (-) TimerEvent: {}
[85.002901] (-) TimerEvent: {}
[85.103519] (-) TimerEvent: {}
[85.204145] (-) TimerEvent: {}
[85.304762] (-) TimerEvent: {}
[85.405235] (-) TimerEvent: {}
[85.505786] (-) TimerEvent: {}
[85.606303] (-) TimerEvent: {}
[85.706940] (-) TimerEvent: {}
[85.807650] (-) TimerEvent: {}
[85.908349] (-) TimerEvent: {}
[86.008963] (-) TimerEvent: {}
[86.109656] (-) TimerEvent: {}
[86.210374] (-) TimerEvent: {}
[86.310893] (-) TimerEvent: {}
[86.411425] (-) TimerEvent: {}
[86.518425] (-) TimerEvent: {}
[86.619268] (-) TimerEvent: {}
[86.719956] (-) TimerEvent: {}
[86.820532] (-) TimerEvent: {}
[86.921093] (-) TimerEvent: {}
[87.021783] (-) TimerEvent: {}
[87.122495] (-) TimerEvent: {}
[87.223207] (-) TimerEvent: {}
[87.323487] (-) TimerEvent: {}
[87.424173] (-) TimerEvent: {}
[87.525005] (-) TimerEvent: {}
[87.626465] (-) TimerEvent: {}
[87.727190] (-) TimerEvent: {}
[87.827776] (-) TimerEvent: {}
[87.928379] (-) TimerEvent: {}
[88.028982] (-) TimerEvent: {}
[88.129534] (-) TimerEvent: {}
[88.232298] (-) TimerEvent: {}
[88.332817] (-) TimerEvent: {}
[88.433511] (-) TimerEvent: {}
[88.534246] (-) TimerEvent: {}
[88.635257] (-) TimerEvent: {}
[88.735836] (-) TimerEvent: {}
[88.836430] (-) TimerEvent: {}
[88.937044] (-) TimerEvent: {}
[89.037963] (-) TimerEvent: {}
[89.138451] (-) TimerEvent: {}
[89.239023] (-) TimerEvent: {}
[89.339745] (-) TimerEvent: {}
[89.440288] (-) TimerEvent: {}
[89.540869] (-) TimerEvent: {}
[89.708690] (-) TimerEvent: {}
[89.811740] (-) TimerEvent: {}
[89.912331] (-) TimerEvent: {}
[90.012884] (-) TimerEvent: {}
[90.113180] (-) TimerEvent: {}
[90.214204] (-) TimerEvent: {}
[90.314919] (-) TimerEvent: {}
[90.415453] (-) TimerEvent: {}
[90.516034] (-) TimerEvent: {}
[90.616598] (-) TimerEvent: {}
[90.717158] (-) TimerEvent: {}
[90.817725] (-) TimerEvent: {}
[90.918259] (-) TimerEvent: {}
[91.018712] (-) TimerEvent: {}
[91.119136] (-) TimerEvent: {}
[91.219415] (-) TimerEvent: {}
[91.319759] (-) TimerEvent: {}
[91.427550] (-) TimerEvent: {}
[91.534445] (-) TimerEvent: {}
[91.635228] (-) TimerEvent: {}
[91.735897] (-) TimerEvent: {}
[91.836532] (-) TimerEvent: {}
[91.937196] (-) TimerEvent: {}
[92.041537] (-) TimerEvent: {}
[92.142118] (-) TimerEvent: {}
[92.242569] (-) TimerEvent: {}
[92.342994] (-) TimerEvent: {}
[92.443450] (-) TimerEvent: {}
[92.544082] (-) TimerEvent: {}
[92.644513] (-) TimerEvent: {}
[92.794690] (-) TimerEvent: {}
[92.896424] (-) TimerEvent: {}
[92.997090] (-) TimerEvent: {}
[93.097519] (-) TimerEvent: {}
[93.198069] (-) TimerEvent: {}
[93.300419] (-) TimerEvent: {}
[93.400756] (-) TimerEvent: {}
[93.501452] (-) TimerEvent: {}
[93.601854] (-) TimerEvent: {}
[93.702767] (-) TimerEvent: {}
[93.803522] (-) TimerEvent: {}
[93.903969] (-) TimerEvent: {}
[94.004447] (-) TimerEvent: {}
[94.104971] (-) TimerEvent: {}
[94.205563] (-) TimerEvent: {}
[94.306117] (-) TimerEvent: {}
[94.406661] (-) TimerEvent: {}
[94.507229] (-) TimerEvent: {}
[94.607790] (-) TimerEvent: {}
[94.708391] (-) TimerEvent: {}
[94.808957] (-) TimerEvent: {}
[94.909638] (-) TimerEvent: {}
[95.010365] (-) TimerEvent: {}
[95.111069] (-) TimerEvent: {}
[95.212201] (-) TimerEvent: {}
[95.312884] (-) TimerEvent: {}
[95.413549] (-) TimerEvent: {}
[95.514304] (-) TimerEvent: {}
[95.615092] (-) TimerEvent: {}
[95.715783] (-) TimerEvent: {}
[95.816512] (-) TimerEvent: {}
[95.917225] (-) TimerEvent: {}
[96.017947] (-) TimerEvent: {}
[96.118691] (-) TimerEvent: {}
[96.219423] (-) TimerEvent: {}
[96.320171] (-) TimerEvent: {}
[96.420846] (-) TimerEvent: {}
[96.530104] (-) TimerEvent: {}
[96.630807] (-) TimerEvent: {}
[96.731613] (-) TimerEvent: {}
[96.832297] (-) TimerEvent: {}
[96.933017] (-) TimerEvent: {}
[97.033687] (-) TimerEvent: {}
[97.134387] (-) TimerEvent: {}
[97.235082] (-) TimerEvent: {}
[97.335838] (-) TimerEvent: {}
[97.436418] (-) TimerEvent: {}
[97.537101] (-) TimerEvent: {}
[97.637701] (-) TimerEvent: {}
[97.738271] (-) TimerEvent: {}
[97.838836] (-) TimerEvent: {}
[97.939554] (-) TimerEvent: {}
[98.040380] (-) TimerEvent: {}
[98.140868] (-) TimerEvent: {}
[98.241317] (-) TimerEvent: {}
[98.343107] (-) TimerEvent: {}
[98.443831] (-) TimerEvent: {}
[98.544435] (-) TimerEvent: {}
[98.644923] (-) TimerEvent: {}
[98.745326] (-) TimerEvent: {}
[98.845627] (-) TimerEvent: {}
[98.948484] (-) TimerEvent: {}
[99.049124] (-) TimerEvent: {}
[99.149837] (-) TimerEvent: {}
[99.250407] (-) TimerEvent: {}
[99.350710] (-) TimerEvent: {}
[99.494693] (-) TimerEvent: {}
[99.604494] (-) TimerEvent: {}
[99.705037] (-) TimerEvent: {}
[99.805776] (-) TimerEvent: {}
[99.906051] (-) TimerEvent: {}
[100.006538] (-) TimerEvent: {}
[100.107112] (-) TimerEvent: {}
[100.207699] (-) TimerEvent: {}
[100.308278] (-) TimerEvent: {}
[100.408910] (-) TimerEvent: {}
[100.509521] (-) TimerEvent: {}
[100.610119] (-) TimerEvent: {}
[100.710547] (-) TimerEvent: {}
[100.811115] (-) TimerEvent: {}
[100.911689] (-) TimerEvent: {}
[101.012256] (-) TimerEvent: {}
[101.114701] (-) TimerEvent: {}
[101.215264] (-) TimerEvent: {}
[101.315890] (-) TimerEvent: {}
[101.416473] (-) TimerEvent: {}
[101.517073] (-) TimerEvent: {}
[101.617616] (-) TimerEvent: {}
[101.718266] (-) TimerEvent: {}
[101.818741] (-) TimerEvent: {}
[101.919316] (-) TimerEvent: {}
[102.019904] (-) TimerEvent: {}
[102.120394] (-) TimerEvent: {}
[102.221030] (-) TimerEvent: {}
[102.321663] (-) TimerEvent: {}
[102.422136] (-) TimerEvent: {}
[102.522519] (-) TimerEvent: {}
[102.622944] (-) TimerEvent: {}
[102.723329] (-) TimerEvent: {}
[102.823824] (-) TimerEvent: {}
[102.924358] (-) TimerEvent: {}
[103.024822] (-) TimerEvent: {}
[103.125305] (-) TimerEvent: {}
[103.225611] (-) TimerEvent: {}
[103.326080] (-) TimerEvent: {}
[103.426565] (-) TimerEvent: {}
[103.526880] (-) TimerEvent: {}
[103.627183] (-) TimerEvent: {}
[103.727483] (-) TimerEvent: {}
[103.827795] (-) TimerEvent: {}
[103.928196] (-) TimerEvent: {}
[104.028603] (-) TimerEvent: {}
[104.133336] (-) TimerEvent: {}
[104.233816] (-) TimerEvent: {}
[104.334381] (-) TimerEvent: {}
[104.434964] (-) TimerEvent: {}
[104.550191] (-) TimerEvent: {}
[104.650508] (-) TimerEvent: {}
[104.795400] (-) TimerEvent: {}
[104.895705] (-) TimerEvent: {}
[104.996020] (-) TimerEvent: {}
[105.096547] (-) TimerEvent: {}
[105.197121] (-) TimerEvent: {}
[105.297515] (-) TimerEvent: {}
[105.398047] (-) TimerEvent: {}
[105.498575] (-) TimerEvent: {}
[105.598932] (-) TimerEvent: {}
[105.699248] (-) TimerEvent: {}
[105.799770] (-) TimerEvent: {}
[105.900268] (-) TimerEvent: {}
[106.000738] (-) TimerEvent: {}
[106.101147] (-) TimerEvent: {}
[106.201516] (-) TimerEvent: {}
[106.301846] (-) TimerEvent: {}
[106.404098] (-) TimerEvent: {}
[106.504446] (-) TimerEvent: {}
[106.604962] (-) TimerEvent: {}
[106.705377] (-) TimerEvent: {}
[106.805856] (-) TimerEvent: {}
[106.906258] (-) TimerEvent: {}
[107.006660] (-) TimerEvent: {}
[107.107191] (-) TimerEvent: {}
[107.207537] (-) TimerEvent: {}
[107.307829] (-) TimerEvent: {}
[107.408292] (-) TimerEvent: {}
[107.509014] (-) TimerEvent: {}
[107.609610] (-) TimerEvent: {}
[107.710062] (-) TimerEvent: {}
[107.810348] (-) TimerEvent: {}
[107.910722] (-) TimerEvent: {}
[108.011095] (-) TimerEvent: {}
[108.111650] (-) TimerEvent: {}
[108.212252] (-) TimerEvent: {}
[108.313031] (-) TimerEvent: {}
[108.414041] (-) TimerEvent: {}
[108.515799] (-) TimerEvent: {}
[108.616485] (-) TimerEvent: {}
[108.717224] (-) TimerEvent: {}
[108.817741] (-) TimerEvent: {}
[108.918313] (-) TimerEvent: {}
[109.018968] (-) TimerEvent: {}
[109.119497] (-) TimerEvent: {}
[109.221967] (-) TimerEvent: {}
[109.323706] (-) TimerEvent: {}
[109.424249] (-) TimerEvent: {}
[109.524784] (-) TimerEvent: {}
[109.625363] (-) TimerEvent: {}
[109.725886] (-) TimerEvent: {}
[109.826395] (-) TimerEvent: {}
[109.926938] (-) TimerEvent: {}
[110.027436] (-) TimerEvent: {}
[110.127931] (-) TimerEvent: {}
[110.228446] (-) TimerEvent: {}
[110.328970] (-) TimerEvent: {}
[110.429451] (-) TimerEvent: {}
[110.529764] (-) TimerEvent: {}
[110.630086] (-) TimerEvent: {}
[110.730418] (-) TimerEvent: {}
[110.830724] (-) TimerEvent: {}
[110.931270] (-) TimerEvent: {}
[111.031570] (-) TimerEvent: {}
[111.132039] (-) TimerEvent: {}
[111.232524] (-) TimerEvent: {}
[111.332999] (-) TimerEvent: {}
[111.433718] (-) TimerEvent: {}
[111.534009] (-) TimerEvent: {}
[111.634391] (-) TimerEvent: {}
[111.734755] (-) TimerEvent: {}
[111.835077] (-) TimerEvent: {}
[111.935351] (-) TimerEvent: {}
[112.035669] (-) TimerEvent: {}
[112.136060] (-) TimerEvent: {}
[112.236437] (-) TimerEvent: {}
[112.336768] (-) TimerEvent: {}
[112.437162] (-) TimerEvent: {}
[112.537597] (-) TimerEvent: {}
[112.637990] (-) TimerEvent: {}
[112.738357] (-) TimerEvent: {}
[113.395470] (-) TimerEvent: {}
[113.495870] (-) TimerEvent: {}
[113.596163] (-) TimerEvent: {}
[113.696454] (-) TimerEvent: {}
[113.796769] (-) TimerEvent: {}
[113.897349] (-) TimerEvent: {}
[113.997843] (-) TimerEvent: {}
[114.098585] (-) TimerEvent: {}
[114.199132] (-) TimerEvent: {}
[114.299677] (-) TimerEvent: {}
[114.400255] (-) TimerEvent: {}
[114.500762] (-) TimerEvent: {}
[114.601267] (-) TimerEvent: {}
[114.701824] (-) TimerEvent: {}
[114.802144] (-) TimerEvent: {}
[114.902454] (-) TimerEvent: {}
[115.002750] (-) TimerEvent: {}
[115.103288] (-) TimerEvent: {}
[115.203852] (-) TimerEvent: {}
[115.304452] (-) TimerEvent: {}
[115.405022] (-) TimerEvent: {}
[115.505576] (-) TimerEvent: {}
[115.606109] (-) TimerEvent: {}
[115.706434] (-) TimerEvent: {}
[115.806801] (-) TimerEvent: {}
[115.908603] (-) TimerEvent: {}
[116.009541] (-) TimerEvent: {}
[116.110233] (-) TimerEvent: {}
[116.213229] (-) TimerEvent: {}
[116.313947] (-) TimerEvent: {}
[116.414683] (-) TimerEvent: {}
[116.515446] (-) TimerEvent: {}
[116.615750] (-) TimerEvent: {}
[116.716438] (-) TimerEvent: {}
[116.817025] (-) TimerEvent: {}
[116.917473] (-) TimerEvent: {}
[117.017838] (-) TimerEvent: {}
[117.118147] (-) TimerEvent: {}
[117.218491] (-) TimerEvent: {}
[117.318785] (-) TimerEvent: {}
[117.419153] (-) TimerEvent: {}
[117.520031] (-) TimerEvent: {}
[117.620343] (-) TimerEvent: {}
[117.720658] (-) TimerEvent: {}
[117.823144] (-) TimerEvent: {}
[117.924254] (-) TimerEvent: {}
[118.024671] (-) TimerEvent: {}
[118.124978] (-) TimerEvent: {}
[118.225397] (-) TimerEvent: {}
[118.326338] (-) TimerEvent: {}
[118.426645] (-) TimerEvent: {}
[118.526956] (-) TimerEvent: {}
[118.627518] (-) TimerEvent: {}
[118.728219] (-) TimerEvent: {}
[118.828724] (-) TimerEvent: {}
[118.929383] (-) TimerEvent: {}
[119.030008] (-) TimerEvent: {}
[119.130541] (-) TimerEvent: {}
[119.231282] (-) TimerEvent: {}
[119.339089] (-) TimerEvent: {}
[119.439620] (-) TimerEvent: {}
[119.544707] (-) TimerEvent: {}
[119.645019] (-) TimerEvent: {}
[119.745945] (-) TimerEvent: {}
[119.847194] (-) TimerEvent: {}
[119.947509] (-) TimerEvent: {}
[120.036970] (ffw_swerve_drive_controller) StdoutLine: {'line': b'[100%] \x1b[32m\x1b[1mLinking CXX shared library libffw_swerve_drive_controller.so\x1b[0m\n'}
[120.048153] (-) TimerEvent: {}
[120.148552] (-) TimerEvent: {}
[120.249167] (-) TimerEvent: {}
[120.349656] (-) TimerEvent: {}
[120.450078] (-) TimerEvent: {}
[120.550524] (-) TimerEvent: {}
[120.650833] (-) TimerEvent: {}
[120.751249] (-) TimerEvent: {}
[120.894789] (-) TimerEvent: {}
[120.995118] (-) TimerEvent: {}
[121.095554] (-) TimerEvent: {}
[121.195846] (-) TimerEvent: {}
[121.296305] (-) TimerEvent: {}
[121.396593] (-) TimerEvent: {}
[121.504846] (-) TimerEvent: {}
[121.605343] (-) TimerEvent: {}
[121.705636] (-) TimerEvent: {}
[121.805905] (-) TimerEvent: {}
[121.907579] (-) TimerEvent: {}
[122.007876] (-) TimerEvent: {}
[122.108397] (-) TimerEvent: {}
[122.208816] (-) TimerEvent: {}
[122.316417] (-) TimerEvent: {}
[122.416849] (-) TimerEvent: {}
[122.517305] (-) TimerEvent: {}
[122.617765] (-) TimerEvent: {}
[122.718175] (-) TimerEvent: {}
[122.818468] (-) TimerEvent: {}
[122.921677] (-) TimerEvent: {}
[123.021992] (-) TimerEvent: {}
[123.122371] (-) TimerEvent: {}
[123.222711] (-) TimerEvent: {}
[123.322991] (-) TimerEvent: {}
[123.423353] (-) TimerEvent: {}
[123.523756] (-) TimerEvent: {}
[123.624052] (-) TimerEvent: {}
[123.724755] (-) TimerEvent: {}
[123.827568] (-) TimerEvent: {}
[123.931874] (-) TimerEvent: {}
[124.032176] (-) TimerEvent: {}
[124.132504] (-) TimerEvent: {}
[124.234018] (-) TimerEvent: {}
[124.334316] (-) TimerEvent: {}
[124.442143] (-) TimerEvent: {}
[124.542726] (-) TimerEvent: {}
[124.643066] (-) TimerEvent: {}
[124.743391] (-) TimerEvent: {}
[124.847430] (-) TimerEvent: {}
[124.952543] (-) TimerEvent: {}
[125.052837] (-) TimerEvent: {}
[125.194705] (-) TimerEvent: {}
[125.295118] (-) TimerEvent: {}
[125.395496] (-) TimerEvent: {}
[125.495785] (-) TimerEvent: {}
[125.604707] (-) TimerEvent: {}
[125.717903] (-) TimerEvent: {}
[125.818212] (-) TimerEvent: {}
[125.918540] (-) TimerEvent: {}
[126.018823] (-) TimerEvent: {}
[126.119188] (-) TimerEvent: {}
[126.219507] (-) TimerEvent: {}
[126.325949] (-) TimerEvent: {}
[126.426225] (-) TimerEvent: {}
[126.526660] (-) TimerEvent: {}
[126.626952] (-) TimerEvent: {}
[126.727245] (-) TimerEvent: {}
[126.827525] (-) TimerEvent: {}
[126.927803] (-) TimerEvent: {}
[127.028098] (-) TimerEvent: {}
[127.128369] (-) TimerEvent: {}
[127.228657] (-) TimerEvent: {}
[127.328939] (-) TimerEvent: {}
[127.432393] (-) TimerEvent: {}
[127.532671] (-) TimerEvent: {}
[127.632944] (-) TimerEvent: {}
[127.733403] (-) TimerEvent: {}
[127.833839] (-) TimerEvent: {}
[127.934133] (-) TimerEvent: {}
[128.034423] (-) TimerEvent: {}
[128.134686] (-) TimerEvent: {}
[128.234959] (-) TimerEvent: {}
[128.338576] (-) TimerEvent: {}
[128.438872] (-) TimerEvent: {}
[128.539171] (-) TimerEvent: {}
[128.639713] (-) TimerEvent: {}
[128.740247] (-) TimerEvent: {}
[128.840531] (-) TimerEvent: {}
[128.941000] (-) TimerEvent: {}
[129.041438] (-) TimerEvent: {}
[129.141722] (-) TimerEvent: {}
[129.242008] (-) TimerEvent: {}
[129.342447] (-) TimerEvent: {}
[129.442734] (-) TimerEvent: {}
[129.543019] (-) TimerEvent: {}
[129.643321] (-) TimerEvent: {}
[129.743931] (-) TimerEvent: {}
[129.844557] (-) TimerEvent: {}
[129.909124] (ffw_swerve_drive_controller) StdoutLine: {'line': b'[100%] Built target ffw_swerve_drive_controller\n'}
[129.944683] (-) TimerEvent: {}
[130.015553] (ffw_swerve_drive_controller) CommandEnded: {'returncode': 0}
[130.036223] (ffw_swerve_drive_controller) JobProgress: {'identifier': 'ffw_swerve_drive_controller', 'progress': 'install'}
[130.038474] (ffw_swerve_drive_controller) Command: {'cmd': ['/usr/bin/cmake', '--install', '/root/workspaces/ros2_ws/build/ffw_swerve_drive_controller'], 'cwd': '/root/workspaces/ros2_ws/build/ffw_swerve_drive_controller', 'env': OrderedDict({'LESSOPEN': '| /usr/bin/lesspipe %s', 'ACTIVE_WS_PATH': '/root/workspaces/ros2_ws', 'GZ_SIM_RESOURCE_PATH': '/opt/ros/jazzy/share', 'SUPERVISOR_GROUP_NAME': 'ttyd', 'GZ_CONFIG_PATH': '/opt/ros/jazzy/opt/gz_sim_vendor/share/gz:/opt/ros/jazzy/opt/sdformat_vendor/share/gz:/opt/ros/jazzy/opt/gz_gui_vendor/share/gz:/opt/ros/jazzy/opt/gz_transport_vendor/share/gz:/opt/ros/jazzy/opt/gz_rendering_vendor/share/gz:/opt/ros/jazzy/opt/gz_plugin_vendor/share/gz:/opt/ros/jazzy/opt/gz_fuel_tools_vendor/share/gz:/opt/ros/jazzy/opt/gz_msgs_vendor/share/gz:/opt/ros/jazzy/opt/gz_common_vendor/share/gz', 'HOSTNAME': 'ip-172-31-7-13.eu-central-1.compute.internal', 'SHLVL': '1', 'LD_LIBRARY_PATH': '/root/workspaces/ros2_ws/install/ffw_swerve_drive_controller/lib:/root/workspaces/ros2_ws/install/ffw_navigation/lib:/opt/ros/jazzy/opt/gz_sim_vendor/lib:/opt/ros/jazzy/opt/gz_sensors_vendor/lib:/opt/ros/jazzy/opt/gz_physics_vendor/lib:/opt/ros/jazzy/opt/sdformat_vendor/lib:/opt/ros/jazzy/opt/rviz_ogre_vendor/lib:/opt/ros/jazzy/lib/x86_64-linux-gnu:/opt/ros/jazzy/opt/gz_gui_vendor/lib:/opt/ros/jazzy/opt/gz_transport_vendor/lib:/opt/ros/jazzy/opt/gz_rendering_vendor/lib:/opt/ros/jazzy/opt/gz_plugin_vendor/lib:/opt/ros/jazzy/opt/gz_fuel_tools_vendor/lib:/opt/ros/jazzy/opt/gz_msgs_vendor/lib:/opt/ros/jazzy/opt/gz_common_vendor/lib:/opt/ros/jazzy/opt/gz_math_vendor/lib:/opt/ros/jazzy/opt/gz_utils_vendor/lib:/opt/ros/jazzy/opt/gz_tools_vendor/lib:/opt/ros/jazzy/opt/gz_ogre_next_vendor/lib:/opt/ros/jazzy/opt/gz_dartsim_vendor/lib:/opt/ros/jazzy/opt/gz_cmake_vendor/lib:/opt/ros/jazzy/lib', 'HOME': '/root', 'EFS_PATH': '/workspaces/113baa83-0a52-42aa-9f6b-d5b552759739', 'OLDPWD': '/root/workspaces', 'ROS_PYTHON_VERSION': '3', 'AWS_CONTAINER_CREDENTIALS_RELATIVE_URI': '/v2/credentials/48044743-5268-4c30-9320-0b4a8b853c8f', 'AWS_EXECUTION_ENV': 'AWS_ECS_FARGATE', 'COLCON_PREFIX_PATH': '/root/workspaces/ros2_ws/install:/root/workspaces/turtlebot_ws/install', 'ECS_AGENT_URI': 'http://169.254.170.2/api/4afcdff0aca74170b17e4081b528c4c3-1842134484', 'ROS_DISTRO': 'jazzy', 'AWS_DEFAULT_REGION': 'eu-central-1', '_': '/usr/bin/colcon', 'ROS_VERSION': '2', 'ECS_CONTAINER_METADATA_URI_V4': 'http://169.254.170.2/v4/4afcdff0aca74170b17e4081b528c4c3-1842134484', 'TERM': 'xterm-256color', 'ECS_CONTAINER_METADATA_URI': 'http://169.254.170.2/v3/4afcdff0aca74170b17e4081b528c4c3-1842134484', 'SESSION_UUID': '113baa83-0a52-42aa-9f6b-d5b552759739', 'PATH': '/opt/ros/jazzy/opt/gz_msgs_vendor/bin:/opt/ros/jazzy/opt/gz_tools_vendor/bin:/opt/ros/jazzy/opt/gz_ogre_next_vendor/bin:/opt/ros/jazzy/bin:/usr/local/sbin:/usr/local/bin:/usr/sbin:/usr/bin:/sbin:/bin', 'XDG_RUNTIME_DIR': '/tmp/runtime-root', 'DISPLAY': ':1', 'LANG': 'en_US.UTF-8', 'LS_COLORS': 'rs=0:di=01;34:ln=01;36:mh=00:pi=40;33:so=01;35:do=01;35:bd=40;33;01:cd=40;33;01:or=40;31;01:mi=00:su=37;41:sg=30;43:ca=00:tw=30;42:ow=34;42:st=37;44:ex=01;32:*.tar=01;31:*.tgz=01;31:*.arc=01;31:*.arj=01;31:*.taz=01;31:*.lha=01;31:*.lz4=01;31:*.lzh=01;31:*.lzma=01;31:*.tlz=01;31:*.txz=01;31:*.tzo=01;31:*.t7z=01;31:*.zip=01;31:*.z=01;31:*.dz=01;31:*.gz=01;31:*.lrz=01;31:*.lz=01;31:*.lzo=01;31:*.xz=01;31:*.zst=01;31:*.tzst=01;31:*.bz2=01;31:*.bz=01;31:*.tbz=01;31:*.tbz2=01;31:*.tz=01;31:*.deb=01;31:*.rpm=01;31:*.jar=01;31:*.war=01;31:*.ear=01;31:*.sar=01;31:*.rar=01;31:*.alz=01;31:*.ace=01;31:*.zoo=01;31:*.cpio=01;31:*.7z=01;31:*.rz=01;31:*.cab=01;31:*.wim=01;31:*.swm=01;31:*.dwm=01;31:*.esd=01;31:*.avif=01;35:*.jpg=01;35:*.jpeg=01;35:*.mjpg=01;35:*.mjpeg=01;35:*.gif=01;35:*.bmp=01;35:*.pbm=01;35:*.pgm=01;35:*.ppm=01;35:*.tga=01;35:*.xbm=01;35:*.xpm=01;35:*.tif=01;35:*.tiff=01;35:*.png=01;35:*.svg=01;35:*.svgz=01;35:*.mng=01;35:*.pcx=01;35:*.mov=01;35:*.mpg=01;35:*.mpeg=01;35:*.m2v=01;35:*.mkv=01;35:*.webm=01;35:*.webp=01;35:*.ogm=01;35:*.mp4=01;35:*.m4v=01;35:*.mp4v=01;35:*.vob=01;35:*.qt=01;35:*.nuv=01;35:*.wmv=01;35:*.asf=01;35:*.rm=01;35:*.rmvb=01;35:*.flc=01;35:*.avi=01;35:*.fli=01;35:*.flv=01;35:*.gl=01;35:*.dl=01;35:*.xcf=01;35:*.xwd=01;35:*.yuv=01;35:*.cgm=01;35:*.emf=01;35:*.ogv=01;35:*.ogx=01;35:*.aac=00;36:*.au=00;36:*.flac=00;36:*.m4a=00;36:*.mid=00;36:*.midi=00;36:*.mka=00;36:*.mp3=00;36:*.mpc=00;36:*.ogg=00;36:*.ra=00;36:*.wav=00;36:*.oga=00;36:*.opus=00;36:*.spx=00;36:*.xspf=00;36:*~=00;90:*#=00;90:*.bak=00;90:*.crdownload=00;90:*.dpkg-dist=00;90:*.dpkg-new=00;90:*.dpkg-old=00;90:*.dpkg-tmp=00;90:*.old=00;90:*.orig=00;90:*.part=00;90:*.rej=00;90:*.rpmnew=00;90:*.rpmorig=00;90:*.rpmsave=00;90:*.swp=00;90:*.tmp=00;90:*.ucf-dist=00;90:*.ucf-new=00;90:*.ucf-old=00;90:', 'SUPERVISOR_ENABLED': '1', 'ROS_DOMAIN_ID': '30', 'AMENT_PREFIX_PATH': '/root/workspaces/ros2_ws/install/warehouse_worlds:/root/workspaces/ros2_ws/install/library_world:/root/workspaces/ros2_ws/install/human_detector:/root/workspaces/ros2_ws/install/ffw_teleop:/root/workspaces/ros2_ws/install/ffw_swerve_drive_controller:/root/workspaces/ros2_ws/install/ffw_navigation:/root/workspaces/ros2_ws/install/ffw_moveit_config:/root/workspaces/ros2_ws/install/ffw_bringup:/root/workspaces/ros2_ws/install/ffw_description:/root/workspaces/turtlebot_ws/install/turtlebot3_simulations:/root/workspaces/turtlebot_ws/install/turtlebot3_gazebo:/root/workspaces/turtlebot_ws/install/turtlebot3_fake_node:/opt/ros/jazzy', 'DEBIAN_FRONTEND': 'noninteractive', 'ACTIVE_WS_NAME': 'ros2_ws', 'AWS_REGION': 'eu-central-1', 'LESSCLOSE': '/usr/bin/lesspipe %s %s', 'SUPERVISOR_SERVER_URL': 'unix:///var/run/supervisor.sock', 'ROS_AUTOMATIC_DISCOVERY_RANGE': 'SUBNET', 'SUPERVISOR_PROCESS_NAME': 'ttyd', 'PWD': '/root/workspaces/ros2_ws/build/ffw_swerve_drive_controller', 'TURTLEBOT3_MODEL': 'burger', 'LC_ALL': 'en_US.UTF-8', 'PYTHONPATH': '/root/workspaces/ros2_ws/install/human_detector/lib/python3.12/site-packages:/root/workspaces/ros2_ws/install/ffw_teleop/lib/python3.12/site-packages:/root/workspaces/ros2_ws/install/ffw_bringup/lib/python3.12/site-packages:/opt/ros/jazzy/lib/python3.12/site-packages', 'COLCON': '1', 'CMAKE_PREFIX_PATH': '/root/workspaces/ros2_ws/install/warehouse_worlds:/root/workspaces/ros2_ws/install/library_world:/root/workspaces/ros2_ws/install/ffw_swerve_drive_controller:/root/workspaces/ros2_ws/install/ffw_navigation:/root/workspaces/ros2_ws/install/ffw_moveit_config:/root/workspaces/ros2_ws/install/ffw_description:/root/workspaces/turtlebot_ws/install/turtlebot3_simulations:/root/workspaces/turtlebot_ws/install/turtlebot3_gazebo:/root/workspaces/turtlebot_ws/install/turtlebot3_fake_node:/opt/ros/jazzy/opt/gz_sim_vendor:/opt/ros/jazzy/opt/gz_sensors_vendor:/opt/ros/jazzy/opt/gz_physics_vendor:/opt/ros/jazzy/opt/sdformat_vendor:/opt/ros/jazzy/opt/gz_gui_vendor:/opt/ros/jazzy/opt/gz_transport_vendor:/opt/ros/jazzy/opt/gz_rendering_vendor:/opt/ros/jazzy/opt/gz_plugin_vendor:/opt/ros/jazzy/opt/gz_fuel_tools_vendor:/opt/ros/jazzy/opt/gz_msgs_vendor:/opt/ros/jazzy/opt/gz_common_vendor:/opt/ros/jazzy/opt/gz_math_vendor:/opt/ros/jazzy/opt/gz_utils_vendor:/opt/ros/jazzy/opt/gz_tools_vendor:/opt/ros/jazzy/opt/gz_ogre_next_vendor:/opt/ros/jazzy/opt/gz_dartsim_vendor:/opt/ros/jazzy/opt/gz_cmake_vendor:/root/workspaces/ros2_ws/install/human_detector:/root/workspaces/ros2_ws/install/ffw_teleop:/root/workspaces/ros2_ws/install/ffw_bringup:/opt/ros/jazzy'}), 'shell': False}
[130.046307] (-) TimerEvent: {}
[130.125719] (ffw_swerve_drive_controller) StdoutLine: {'line': b'-- Install configuration: ""\n'}
[130.134660] (ffw_swerve_drive_controller) StdoutLine: {'line': b'-- Installing: /root/workspaces/ros2_ws/install/ffw_swerve_drive_controller/include/ffw_swerve_drive_controller\n'}
[130.146395] (-) TimerEvent: {}
[130.199416] (ffw_swerve_drive_controller) StdoutLine: {'line': b'-- Installing: /root/workspaces/ros2_ws/install/ffw_swerve_drive_controller/include/ffw_swerve_drive_controller/swerve_drive_controller_parameter.hpp\n'}
[130.246616] (-) TimerEvent: {}
[130.315332] (ffw_swerve_drive_controller) StdoutLine: {'line': b'-- Installing: /root/workspaces/ros2_ws/install/ffw_swerve_drive_controller/share/ffw_swerve_drive_controller/ffw_swerve_drive_controller.xml\n'}
[130.346713] (-) TimerEvent: {}
[130.395638] (ffw_swerve_drive_controller) StdoutLine: {'line': b'-- Up-to-date: /root/workspaces/ros2_ws/install/ffw_swerve_drive_controller/include\n'}
[130.402726] (ffw_swerve_drive_controller) StdoutLine: {'line': b'-- Up-to-date: /root/workspaces/ros2_ws/install/ffw_swerve_drive_controller/include/ffw_swerve_drive_controller\n'}
[130.424455] (ffw_swerve_drive_controller) StdoutLine: {'line': b'-- Installing: /root/workspaces/ros2_ws/install/ffw_swerve_drive_controller/include/ffw_swerve_drive_controller/speed_limiter.hpp\n'}
[130.446818] (-) TimerEvent: {}
[130.496677] (ffw_swerve_drive_controller) StdoutLine: {'line': b'-- Installing: /root/workspaces/ros2_ws/install/ffw_swerve_drive_controller/include/ffw_swerve_drive_controller/swerve_drive_controller.hpp\n'}
[130.539957] (ffw_swerve_drive_controller) StdoutLine: {'line': b'-- Installing: /root/workspaces/ros2_ws/install/ffw_swerve_drive_controller/include/ffw_swerve_drive_controller/odometry.hpp\n'}
[130.546913] (-) TimerEvent: {}
[130.631538] (ffw_swerve_drive_controller) StdoutLine: {'line': b'-- Installing: /root/workspaces/ros2_ws/install/ffw_swerve_drive_controller/include/ffw_swerve_drive_controller/marker_visualize.hpp\n'}
[130.647013] (-) TimerEvent: {}
[130.727472] (ffw_swerve_drive_controller) StdoutLine: {'line': b'-- Installing: /root/workspaces/ros2_ws/install/ffw_swerve_drive_controller/lib/libffw_swerve_drive_controller.so\n'}
[130.747106] (-) TimerEvent: {}
[130.847365] (-) TimerEvent: {}
[130.947642] (-) TimerEvent: {}
[131.047916] (-) TimerEvent: {}
[131.148194] (-) TimerEvent: {}
[131.294692] (-) TimerEvent: {}
[131.394981] (-) TimerEvent: {}
[131.495465] (-) TimerEvent: {}
[131.595702] (ffw_swerve_drive_controller) StdoutLine: {'line': b'-- Set non-toolchain portion of runtime path of "/root/workspaces/ros2_ws/install/ffw_swerve_drive_controller/lib/libffw_swerve_drive_controller.so" to ""\n'}
[131.595895] (-) TimerEvent: {}
[131.599947] (ffw_swerve_drive_controller) StdoutLine: {'line': b'-- Up-to-date: /root/workspaces/ros2_ws/install/ffw_swerve_drive_controller/share/ffw_swerve_drive_controller/ffw_swerve_drive_controller.xml\n'}
[131.628135] (ffw_swerve_drive_controller) StdoutLine: {'line': b'-- Installing: /root/workspaces/ros2_ws/install/ffw_swerve_drive_controller/share/ffw_swerve_drive_controller/environment/library_path.sh\n'}
[131.696040] (-) TimerEvent: {}
[131.702471] (ffw_swerve_drive_controller) StdoutLine: {'line': b'-- Installing: /root/workspaces/ros2_ws/install/ffw_swerve_drive_controller/share/ffw_swerve_drive_controller/environment/library_path.dsv\n'}
[131.796153] (-) TimerEvent: {}
[131.817068] (ffw_swerve_drive_controller) StdoutLine: {'line': b'-- Installing: /root/workspaces/ros2_ws/install/ffw_swerve_drive_controller/share/ament_index/resource_index/package_run_dependencies/ffw_swerve_drive_controller\n'}
[131.896267] (-) TimerEvent: {}
[131.921593] (ffw_swerve_drive_controller) StdoutLine: {'line': b'-- Installing: /root/workspaces/ros2_ws/install/ffw_swerve_drive_controller/share/ament_index/resource_index/parent_prefix_path/ffw_swerve_drive_controller\n'}
[131.996365] (-) TimerEvent: {}
[132.004357] (ffw_swerve_drive_controller) StdoutLine: {'line': b'-- Installing: /root/workspaces/ros2_ws/install/ffw_swerve_drive_controller/share/ffw_swerve_drive_controller/environment/ament_prefix_path.sh\n'}
[132.041634] (ffw_swerve_drive_controller) StdoutLine: {'line': b'-- Installing: /root/workspaces/ros2_ws/install/ffw_swerve_drive_controller/share/ffw_swerve_drive_controller/environment/ament_prefix_path.dsv\n'}
[132.096493] (-) TimerEvent: {}
[132.113821] (ffw_swerve_drive_controller) StdoutLine: {'line': b'-- Installing: /root/workspaces/ros2_ws/install/ffw_swerve_drive_controller/share/ffw_swerve_drive_controller/environment/path.sh\n'}
[132.155806] (ffw_swerve_drive_controller) StdoutLine: {'line': b'-- Installing: /root/workspaces/ros2_ws/install/ffw_swerve_drive_controller/share/ffw_swerve_drive_controller/environment/path.dsv\n'}
[132.197752] (-) TimerEvent: {}
[132.224950] (ffw_swerve_drive_controller) StdoutLine: {'line': b'-- Installing: /root/workspaces/ros2_ws/install/ffw_swerve_drive_controller/share/ffw_swerve_drive_controller/local_setup.bash\n'}
[132.299130] (ffw_swerve_drive_controller) StdoutLine: {'line': b'-- Installing: /root/workspaces/ros2_ws/install/ffw_swerve_drive_controller/share/ffw_swerve_drive_controller/local_setup.sh\n'}
[132.299327] (-) TimerEvent: {}
[132.336805] (ffw_swerve_drive_controller) StdoutLine: {'line': b'-- Installing: /root/workspaces/ros2_ws/install/ffw_swerve_drive_controller/share/ffw_swerve_drive_controller/local_setup.zsh\n'}
[132.399447] (-) TimerEvent: {}
[132.414407] (ffw_swerve_drive_controller) StdoutLine: {'line': b'-- Installing: /root/workspaces/ros2_ws/install/ffw_swerve_drive_controller/share/ffw_swerve_drive_controller/local_setup.dsv\n'}
[132.450418] (ffw_swerve_drive_controller) StdoutLine: {'line': b'-- Installing: /root/workspaces/ros2_ws/install/ffw_swerve_drive_controller/share/ffw_swerve_drive_controller/package.dsv\n'}
[132.504752] (-) TimerEvent: {}
[132.541863] (ffw_swerve_drive_controller) StdoutLine: {'line': b'-- Installing: /root/workspaces/ros2_ws/install/ffw_swerve_drive_controller/share/ament_index/resource_index/packages/ffw_swerve_drive_controller\n'}
[132.604865] (-) TimerEvent: {}
[132.620260] (ffw_swerve_drive_controller) StdoutLine: {'line': b'-- Installing: /root/workspaces/ros2_ws/install/ffw_swerve_drive_controller/share/ament_index/resource_index/controller_interface__pluginlib__plugin/ffw_swerve_drive_controller\n'}
[132.704973] (-) TimerEvent: {}
[132.708155] (ffw_swerve_drive_controller) StdoutLine: {'line': b'-- Installing: /root/workspaces/ros2_ws/install/ffw_swerve_drive_controller/share/ffw_swerve_drive_controller/cmake/export_ffw_swerve_drive_controllerExport.cmake\n'}
[132.797781] (ffw_swerve_drive_controller) StdoutLine: {'line': b'-- Installing: /root/workspaces/ros2_ws/install/ffw_swerve_drive_controller/share/ffw_swerve_drive_controller/cmake/export_ffw_swerve_drive_controllerExport-noconfig.cmake\n'}
[132.805137] (-) TimerEvent: {}
[132.845332] (ffw_swerve_drive_controller) StdoutLine: {'line': b'-- Installing: /root/workspaces/ros2_ws/install/ffw_swerve_drive_controller/share/ffw_swerve_drive_controller/cmake/ament_cmake_export_dependencies-extras.cmake\n'}
[132.905250] (-) TimerEvent: {}
[132.921541] (ffw_swerve_drive_controller) StdoutLine: {'line': b'-- Installing: /root/workspaces/ros2_ws/install/ffw_swerve_drive_controller/share/ffw_swerve_drive_controller/cmake/ament_cmake_export_include_directories-extras.cmake\n'}
[132.998544] (ffw_swerve_drive_controller) StdoutLine: {'line': b'-- Installing: /root/workspaces/ros2_ws/install/ffw_swerve_drive_controller/share/ffw_swerve_drive_controller/cmake/ament_cmake_export_libraries-extras.cmake\n'}
[133.005340] (-) TimerEvent: {}
[133.039730] (ffw_swerve_drive_controller) StdoutLine: {'line': b'-- Installing: /root/workspaces/ros2_ws/install/ffw_swerve_drive_controller/share/ffw_swerve_drive_controller/cmake/ament_cmake_export_targets-extras.cmake\n'}
[133.105444] (-) TimerEvent: {}
[133.117894] (ffw_swerve_drive_controller) StdoutLine: {'line': b'-- Installing: /root/workspaces/ros2_ws/install/ffw_swerve_drive_controller/share/ffw_swerve_drive_controller/cmake/ffw_swerve_drive_controllerConfig.cmake\n'}
[133.159640] (ffw_swerve_drive_controller) StdoutLine: {'line': b'-- Installing: /root/workspaces/ros2_ws/install/ffw_swerve_drive_controller/share/ffw_swerve_drive_controller/cmake/ffw_swerve_drive_controllerConfig-version.cmake\n'}
[133.205538] (-) TimerEvent: {}
[133.224519] (ffw_swerve_drive_controller) StdoutLine: {'line': b'-- Installing: /root/workspaces/ros2_ws/install/ffw_swerve_drive_controller/share/ffw_swerve_drive_controller/package.xml\n'}
[133.305836] (-) TimerEvent: {}
[133.310319] (ffw_swerve_drive_controller) CommandEnded: {'returncode': 0}
[133.405928] (-) TimerEvent: {}
[133.506180] (-) TimerEvent: {}
[133.606554] (-) TimerEvent: {}
[133.706788] (-) TimerEvent: {}
[133.806983] (-) TimerEvent: {}
[133.907221] (-) TimerEvent: {}
[134.007457] (-) TimerEvent: {}
[134.013330] (ffw_swerve_drive_controller) JobEnded: {'identifier': 'ffw_swerve_drive_controller', 'rc': 0}
[134.029388] (-) EventReactorShutdown: {}
