[0.210s] DEBUG:colcon:Command line arguments: ['/usr/bin/colcon', 'build']
[0.210s] DEBUG:colcon:Parsed command line arguments: Namespace(log_base=None, log_level=None, verb_name='build', build_base='build', install_base='install', merge_install=False, symlink_install=False, test_result_base=None, continue_on_error=False, executor='parallel', parallel_workers=4, event_handlers=None, ignore_user_meta=False, metas=['./colcon.meta'], base_paths=['.'], packages_ignore=None, packages_ignore_regex=None, paths=None, packages_up_to=None, packages_up_to_regex=None, packages_above=None, packages_above_and_dependencies=None, packages_above_depth=None, packages_select_by_dep=None, packages_skip_by_dep=None, packages_skip_up_to=None, packages_select_build_failed=False, packages_skip_build_finished=False, packages_select_test_failures=False, packages_skip_test_passed=False, packages_select=None, packages_skip=None, packages_select_regex=None, packages_skip_regex=None, packages_start=None, packages_end=None, allow_overriding=[], cmake_args=None, cmake_target=None, cmake_target_skip_unavailable=False, cmake_clean_cache=False, cmake_clean_first=False, cmake_force_configure=False, ament_cmake_args=None, catkin_cmake_args=None, catkin_skip_building_tests=False, verb_parser=<colcon_defaults.argument_parser.defaults.DefaultArgumentsDecorator object at 0x7feba4425a60>, verb_extension=<colcon_core.verb.build.BuildVerb object at 0x7feba4425ac0>, main=<bound method BuildVerb.main of <colcon_core.verb.build.BuildVerb object at 0x7feba4425ac0>>)
[0.357s] Level 1:colcon.colcon_core.package_discovery:discover_packages(colcon_meta) check parameters
[0.357s] Level 1:colcon.colcon_core.package_discovery:discover_packages(recursive) check parameters
[0.361s] Level 1:colcon.colcon_core.package_discovery:discover_packages(ignore) check parameters
[0.365s] Level 1:colcon.colcon_core.package_discovery:discover_packages(path) check parameters
[0.368s] Level 1:colcon.colcon_core.package_discovery:discover_packages(colcon_meta) discover
[0.368s] Level 1:colcon.colcon_core.package_discovery:discover_packages(recursive) discover
[0.368s] INFO:colcon.colcon_core.package_discovery:Crawling recursively for packages in '/root/workspaces/ros2_ws'
[0.372s] Level 1:colcon.colcon_core.package_identification:_identify(.) by extensions ['ignore', 'ignore_ament_install']
[0.372s] Level 1:colcon.colcon_core.package_identification:_identify(.) by extension 'ignore'
[0.372s] Level 1:colcon.colcon_core.package_identification:_identify(.) by extension 'ignore_ament_install'
[0.372s] Level 1:colcon.colcon_core.package_identification:_identify(.) by extensions ['colcon_pkg']
[0.372s] Level 1:colcon.colcon_core.package_identification:_identify(.) by extension 'colcon_pkg'
[0.372s] Level 1:colcon.colcon_core.package_identification:_identify(.) by extensions ['colcon_meta']
[0.372s] Level 1:colcon.colcon_core.package_identification:_identify(.) by extension 'colcon_meta'
[0.372s] Level 1:colcon.colcon_core.package_identification:_identify(.) by extensions ['ros']
[0.372s] Level 1:colcon.colcon_core.package_identification:_identify(.) by extension 'ros'
[0.443s] Level 1:colcon.colcon_core.package_identification:_identify(.) by extensions ['cmake', 'python']
[0.443s] Level 1:colcon.colcon_core.package_identification:_identify(.) by extension 'cmake'
[0.451s] Level 1:colcon.colcon_core.package_identification:_identify(.) by extension 'python'
[0.458s] Level 1:colcon.colcon_core.package_identification:_identify(.) by extensions ['python_setup_py']
[0.462s] Level 1:colcon.colcon_core.package_identification:_identify(.) by extension 'python_setup_py'
[0.468s] Level 1:colcon.colcon_core.package_identification:_identify(build) by extensions ['ignore', 'ignore_ament_install']
[0.470s] Level 1:colcon.colcon_core.package_identification:_identify(build) by extension 'ignore'
[0.471s] Level 1:colcon.colcon_core.package_identification:_identify(build) ignored
[0.474s] Level 1:colcon.colcon_core.package_identification:_identify(install) by extensions ['ignore', 'ignore_ament_install']
[0.475s] Level 1:colcon.colcon_core.package_identification:_identify(install) by extension 'ignore'
[0.475s] Level 1:colcon.colcon_core.package_identification:_identify(install) ignored
[0.478s] Level 1:colcon.colcon_core.package_identification:_identify(log) by extensions ['ignore', 'ignore_ament_install']
[0.480s] Level 1:colcon.colcon_core.package_identification:_identify(log) by extension 'ignore'
[0.480s] Level 1:colcon.colcon_core.package_identification:_identify(log) ignored
[0.481s] Level 1:colcon.colcon_core.package_identification:_identify(src) by extensions ['ignore', 'ignore_ament_install']
[0.484s] Level 1:colcon.colcon_core.package_identification:_identify(src) by extension 'ignore'
[0.484s] Level 1:colcon.colcon_core.package_identification:_identify(src) by extension 'ignore_ament_install'
[0.484s] Level 1:colcon.colcon_core.package_identification:_identify(src) by extensions ['colcon_pkg']
[0.484s] Level 1:colcon.colcon_core.package_identification:_identify(src) by extension 'colcon_pkg'
[0.484s] Level 1:colcon.colcon_core.package_identification:_identify(src) by extensions ['colcon_meta']
[0.484s] Level 1:colcon.colcon_core.package_identification:_identify(src) by extension 'colcon_meta'
[0.484s] Level 1:colcon.colcon_core.package_identification:_identify(src) by extensions ['ros']
[0.484s] Level 1:colcon.colcon_core.package_identification:_identify(src) by extension 'ros'
[0.484s] Level 1:colcon.colcon_core.package_identification:_identify(src) by extensions ['cmake', 'python']
[0.484s] Level 1:colcon.colcon_core.package_identification:_identify(src) by extension 'cmake'
[0.484s] Level 1:colcon.colcon_core.package_identification:_identify(src) by extension 'python'
[0.484s] Level 1:colcon.colcon_core.package_identification:_identify(src) by extensions ['python_setup_py']
[0.484s] Level 1:colcon.colcon_core.package_identification:_identify(src) by extension 'python_setup_py'
[0.485s] Level 1:colcon.colcon_core.package_identification:_identify(src/Gazebo_worlds) by extensions ['ignore', 'ignore_ament_install']
[0.488s] Level 1:colcon.colcon_core.package_identification:_identify(src/Gazebo_worlds) by extension 'ignore'
[0.488s] Level 1:colcon.colcon_core.package_identification:_identify(src/Gazebo_worlds) by extension 'ignore_ament_install'
[0.488s] Level 1:colcon.colcon_core.package_identification:_identify(src/Gazebo_worlds) by extensions ['colcon_pkg']
[0.488s] Level 1:colcon.colcon_core.package_identification:_identify(src/Gazebo_worlds) by extension 'colcon_pkg'
[0.488s] Level 1:colcon.colcon_core.package_identification:_identify(src/Gazebo_worlds) by extensions ['colcon_meta']
[0.488s] Level 1:colcon.colcon_core.package_identification:_identify(src/Gazebo_worlds) by extension 'colcon_meta'
[0.488s] Level 1:colcon.colcon_core.package_identification:_identify(src/Gazebo_worlds) by extensions ['ros']
[0.488s] Level 1:colcon.colcon_core.package_identification:_identify(src/Gazebo_worlds) by extension 'ros'
[0.488s] Level 1:colcon.colcon_core.package_identification:_identify(src/Gazebo_worlds) by extensions ['cmake', 'python']
[0.488s] Level 1:colcon.colcon_core.package_identification:_identify(src/Gazebo_worlds) by extension 'cmake'
[0.488s] Level 1:colcon.colcon_core.package_identification:_identify(src/Gazebo_worlds) by extension 'python'
[0.488s] Level 1:colcon.colcon_core.package_identification:_identify(src/Gazebo_worlds) by extensions ['python_setup_py']
[0.488s] Level 1:colcon.colcon_core.package_identification:_identify(src/Gazebo_worlds) by extension 'python_setup_py'
[0.489s] Level 1:colcon.colcon_core.package_identification:_identify(src/Gazebo_worlds/images) by extensions ['ignore', 'ignore_ament_install']
[0.492s] Level 1:colcon.colcon_core.package_identification:_identify(src/Gazebo_worlds/images) by extension 'ignore'
[0.492s] Level 1:colcon.colcon_core.package_identification:_identify(src/Gazebo_worlds/images) by extension 'ignore_ament_install'
[0.492s] Level 1:colcon.colcon_core.package_identification:_identify(src/Gazebo_worlds/images) by extensions ['colcon_pkg']
[0.492s] Level 1:colcon.colcon_core.package_identification:_identify(src/Gazebo_worlds/images) by extension 'colcon_pkg'
[0.492s] Level 1:colcon.colcon_core.package_identification:_identify(src/Gazebo_worlds/images) by extensions ['colcon_meta']
[0.493s] Level 1:colcon.colcon_core.package_identification:_identify(src/Gazebo_worlds/images) by extension 'colcon_meta'
[0.493s] Level 1:colcon.colcon_core.package_identification:_identify(src/Gazebo_worlds/images) by extensions ['ros']
[0.493s] Level 1:colcon.colcon_core.package_identification:_identify(src/Gazebo_worlds/images) by extension 'ros'
[0.493s] Level 1:colcon.colcon_core.package_identification:_identify(src/Gazebo_worlds/images) by extensions ['cmake', 'python']
[0.493s] Level 1:colcon.colcon_core.package_identification:_identify(src/Gazebo_worlds/images) by extension 'cmake'
[0.493s] Level 1:colcon.colcon_core.package_identification:_identify(src/Gazebo_worlds/images) by extension 'python'
[0.493s] Level 1:colcon.colcon_core.package_identification:_identify(src/Gazebo_worlds/images) by extensions ['python_setup_py']
[0.493s] Level 1:colcon.colcon_core.package_identification:_identify(src/Gazebo_worlds/images) by extension 'python_setup_py'
[0.493s] Level 1:colcon.colcon_core.package_identification:_identify(src/Gazebo_worlds/warehouse_worlds) by extensions ['ignore', 'ignore_ament_install']
[0.536s] Level 1:colcon.colcon_core.package_identification:_identify(src/Gazebo_worlds/warehouse_worlds) by extension 'ignore'
[0.537s] Level 1:colcon.colcon_core.package_identification:_identify(src/Gazebo_worlds/warehouse_worlds) by extension 'ignore_ament_install'
[0.537s] Level 1:colcon.colcon_core.package_identification:_identify(src/Gazebo_worlds/warehouse_worlds) by extensions ['colcon_pkg']
[0.537s] Level 1:colcon.colcon_core.package_identification:_identify(src/Gazebo_worlds/warehouse_worlds) by extension 'colcon_pkg'
[0.537s] Level 1:colcon.colcon_core.package_identification:_identify(src/Gazebo_worlds/warehouse_worlds) by extensions ['colcon_meta']
[0.537s] Level 1:colcon.colcon_core.package_identification:_identify(src/Gazebo_worlds/warehouse_worlds) by extension 'colcon_meta'
[0.537s] Level 1:colcon.colcon_core.package_identification:_identify(src/Gazebo_worlds/warehouse_worlds) by extensions ['ros']
[0.537s] Level 1:colcon.colcon_core.package_identification:_identify(src/Gazebo_worlds/warehouse_worlds) by extension 'ros'
[0.541s] DEBUG:colcon.colcon_core.package_identification:Package 'src/Gazebo_worlds/warehouse_worlds' with type 'ros.ament_cmake' and name 'warehouse_worlds'
[0.542s] Level 1:colcon.colcon_core.package_identification:_identify(src/ai-worker-sim) by extensions ['ignore', 'ignore_ament_install']
[0.546s] Level 1:colcon.colcon_core.package_identification:_identify(src/ai-worker-sim) by extension 'ignore'
[0.546s] Level 1:colcon.colcon_core.package_identification:_identify(src/ai-worker-sim) by extension 'ignore_ament_install'
[0.546s] Level 1:colcon.colcon_core.package_identification:_identify(src/ai-worker-sim) by extensions ['colcon_pkg']
[0.546s] Level 1:colcon.colcon_core.package_identification:_identify(src/ai-worker-sim) by extension 'colcon_pkg'
[0.546s] Level 1:colcon.colcon_core.package_identification:_identify(src/ai-worker-sim) by extensions ['colcon_meta']
[0.546s] Level 1:colcon.colcon_core.package_identification:_identify(src/ai-worker-sim) by extension 'colcon_meta'
[0.546s] Level 1:colcon.colcon_core.package_identification:_identify(src/ai-worker-sim) by extensions ['ros']
[0.546s] Level 1:colcon.colcon_core.package_identification:_identify(src/ai-worker-sim) by extension 'ros'
[0.546s] Level 1:colcon.colcon_core.package_identification:_identify(src/ai-worker-sim) by extensions ['cmake', 'python']
[0.546s] Level 1:colcon.colcon_core.package_identification:_identify(src/ai-worker-sim) by extension 'cmake'
[0.546s] Level 1:colcon.colcon_core.package_identification:_identify(src/ai-worker-sim) by extension 'python'
[0.546s] Level 1:colcon.colcon_core.package_identification:_identify(src/ai-worker-sim) by extensions ['python_setup_py']
[0.546s] Level 1:colcon.colcon_core.package_identification:_identify(src/ai-worker-sim) by extension 'python_setup_py'
[0.547s] Level 1:colcon.colcon_core.package_identification:_identify(src/ai-worker-sim/ffw_bringup) by extensions ['ignore', 'ignore_ament_install']
[0.553s] Level 1:colcon.colcon_core.package_identification:_identify(src/ai-worker-sim/ffw_bringup) by extension 'ignore'
[0.553s] Level 1:colcon.colcon_core.package_identification:_identify(src/ai-worker-sim/ffw_bringup) by extension 'ignore_ament_install'
[0.553s] Level 1:colcon.colcon_core.package_identification:_identify(src/ai-worker-sim/ffw_bringup) by extensions ['colcon_pkg']
[0.553s] Level 1:colcon.colcon_core.package_identification:_identify(src/ai-worker-sim/ffw_bringup) by extension 'colcon_pkg'
[0.553s] Level 1:colcon.colcon_core.package_identification:_identify(src/ai-worker-sim/ffw_bringup) by extensions ['colcon_meta']
[0.553s] Level 1:colcon.colcon_core.package_identification:_identify(src/ai-worker-sim/ffw_bringup) by extension 'colcon_meta'
[0.553s] Level 1:colcon.colcon_core.package_identification:_identify(src/ai-worker-sim/ffw_bringup) by extensions ['ros']
[0.553s] Level 1:colcon.colcon_core.package_identification:_identify(src/ai-worker-sim/ffw_bringup) by extension 'ros'
[0.555s] DEBUG:colcon.colcon_core.package_identification:Package 'src/ai-worker-sim/ffw_bringup' with type 'ros.ament_python' and name 'ffw_bringup'
[0.557s] Level 1:colcon.colcon_core.package_identification:_identify(src/ai-worker-sim/ffw_description) by extensions ['ignore', 'ignore_ament_install']
[0.560s] Level 1:colcon.colcon_core.package_identification:_identify(src/ai-worker-sim/ffw_description) by extension 'ignore'
[0.560s] Level 1:colcon.colcon_core.package_identification:_identify(src/ai-worker-sim/ffw_description) by extension 'ignore_ament_install'
[0.560s] Level 1:colcon.colcon_core.package_identification:_identify(src/ai-worker-sim/ffw_description) by extensions ['colcon_pkg']
[0.560s] Level 1:colcon.colcon_core.package_identification:_identify(src/ai-worker-sim/ffw_description) by extension 'colcon_pkg'
[0.560s] Level 1:colcon.colcon_core.package_identification:_identify(src/ai-worker-sim/ffw_description) by extensions ['colcon_meta']
[0.560s] Level 1:colcon.colcon_core.package_identification:_identify(src/ai-worker-sim/ffw_description) by extension 'colcon_meta'
[0.560s] Level 1:colcon.colcon_core.package_identification:_identify(src/ai-worker-sim/ffw_description) by extensions ['ros']
[0.560s] Level 1:colcon.colcon_core.package_identification:_identify(src/ai-worker-sim/ffw_description) by extension 'ros'
[0.562s] DEBUG:colcon.colcon_core.package_identification:Package 'src/ai-worker-sim/ffw_description' with type 'ros.ament_cmake' and name 'ffw_description'
[0.566s] Level 1:colcon.colcon_core.package_identification:_identify(src/ai-worker-sim/ffw_moveit_config) by extensions ['ignore', 'ignore_ament_install']
[0.569s] Level 1:colcon.colcon_core.package_identification:_identify(src/ai-worker-sim/ffw_moveit_config) by extension 'ignore'
[0.570s] Level 1:colcon.colcon_core.package_identification:_identify(src/ai-worker-sim/ffw_moveit_config) by extension 'ignore_ament_install'
[0.570s] Level 1:colcon.colcon_core.package_identification:_identify(src/ai-worker-sim/ffw_moveit_config) by extensions ['colcon_pkg']
[0.570s] Level 1:colcon.colcon_core.package_identification:_identify(src/ai-worker-sim/ffw_moveit_config) by extension 'colcon_pkg'
[0.570s] Level 1:colcon.colcon_core.package_identification:_identify(src/ai-worker-sim/ffw_moveit_config) by extensions ['colcon_meta']
[0.570s] Level 1:colcon.colcon_core.package_identification:_identify(src/ai-worker-sim/ffw_moveit_config) by extension 'colcon_meta'
[0.570s] Level 1:colcon.colcon_core.package_identification:_identify(src/ai-worker-sim/ffw_moveit_config) by extensions ['ros']
[0.570s] Level 1:colcon.colcon_core.package_identification:_identify(src/ai-worker-sim/ffw_moveit_config) by extension 'ros'
[0.572s] DEBUG:colcon.colcon_core.package_identification:Package 'src/ai-worker-sim/ffw_moveit_config' with type 'ros.ament_cmake' and name 'ffw_moveit_config'
[0.574s] Level 1:colcon.colcon_core.package_identification:_identify(src/ai-worker-sim/ffw_navigation) by extensions ['ignore', 'ignore_ament_install']
[0.584s] Level 1:colcon.colcon_core.package_identification:_identify(src/ai-worker-sim/ffw_navigation) by extension 'ignore'
[0.584s] Level 1:colcon.colcon_core.package_identification:_identify(src/ai-worker-sim/ffw_navigation) by extension 'ignore_ament_install'
[0.584s] Level 1:colcon.colcon_core.package_identification:_identify(src/ai-worker-sim/ffw_navigation) by extensions ['colcon_pkg']
[0.584s] Level 1:colcon.colcon_core.package_identification:_identify(src/ai-worker-sim/ffw_navigation) by extension 'colcon_pkg'
[0.584s] Level 1:colcon.colcon_core.package_identification:_identify(src/ai-worker-sim/ffw_navigation) by extensions ['colcon_meta']
[0.584s] Level 1:colcon.colcon_core.package_identification:_identify(src/ai-worker-sim/ffw_navigation) by extension 'colcon_meta'
[0.584s] Level 1:colcon.colcon_core.package_identification:_identify(src/ai-worker-sim/ffw_navigation) by extensions ['ros']
[0.585s] Level 1:colcon.colcon_core.package_identification:_identify(src/ai-worker-sim/ffw_navigation) by extension 'ros'
[0.586s] DEBUG:colcon.colcon_core.package_identification:Package 'src/ai-worker-sim/ffw_navigation' with type 'ros.ament_cmake' and name 'ffw_navigation'
[0.589s] Level 1:colcon.colcon_core.package_identification:_identify(src/ai-worker-sim/ffw_swerve_drive_controller) by extensions ['ignore', 'ignore_ament_install']
[0.592s] Level 1:colcon.colcon_core.package_identification:_identify(src/ai-worker-sim/ffw_swerve_drive_controller) by extension 'ignore'
[0.592s] Level 1:colcon.colcon_core.package_identification:_identify(src/ai-worker-sim/ffw_swerve_drive_controller) by extension 'ignore_ament_install'
[0.592s] Level 1:colcon.colcon_core.package_identification:_identify(src/ai-worker-sim/ffw_swerve_drive_controller) by extensions ['colcon_pkg']
[0.592s] Level 1:colcon.colcon_core.package_identification:_identify(src/ai-worker-sim/ffw_swerve_drive_controller) by extension 'colcon_pkg'
[0.592s] Level 1:colcon.colcon_core.package_identification:_identify(src/ai-worker-sim/ffw_swerve_drive_controller) by extensions ['colcon_meta']
[0.593s] Level 1:colcon.colcon_core.package_identification:_identify(src/ai-worker-sim/ffw_swerve_drive_controller) by extension 'colcon_meta'
[0.593s] Level 1:colcon.colcon_core.package_identification:_identify(src/ai-worker-sim/ffw_swerve_drive_controller) by extensions ['ros']
[0.593s] Level 1:colcon.colcon_core.package_identification:_identify(src/ai-worker-sim/ffw_swerve_drive_controller) by extension 'ros'
[0.595s] DEBUG:colcon.colcon_core.package_identification:Package 'src/ai-worker-sim/ffw_swerve_drive_controller' with type 'ros.ament_cmake' and name 'ffw_swerve_drive_controller'
[0.641s] Level 1:colcon.colcon_core.package_identification:_identify(src/ai-worker-sim/ffw_teleop) by extensions ['ignore', 'ignore_ament_install']
[0.645s] Level 1:colcon.colcon_core.package_identification:_identify(src/ai-worker-sim/ffw_teleop) by extension 'ignore'
[0.649s] Level 1:colcon.colcon_core.package_identification:_identify(src/ai-worker-sim/ffw_teleop) by extension 'ignore_ament_install'
[0.649s] Level 1:colcon.colcon_core.package_identification:_identify(src/ai-worker-sim/ffw_teleop) by extensions ['colcon_pkg']
[0.649s] Level 1:colcon.colcon_core.package_identification:_identify(src/ai-worker-sim/ffw_teleop) by extension 'colcon_pkg'
[0.649s] Level 1:colcon.colcon_core.package_identification:_identify(src/ai-worker-sim/ffw_teleop) by extensions ['colcon_meta']
[0.649s] Level 1:colcon.colcon_core.package_identification:_identify(src/ai-worker-sim/ffw_teleop) by extension 'colcon_meta'
[0.649s] Level 1:colcon.colcon_core.package_identification:_identify(src/ai-worker-sim/ffw_teleop) by extensions ['ros']
[0.649s] Level 1:colcon.colcon_core.package_identification:_identify(src/ai-worker-sim/ffw_teleop) by extension 'ros'
[0.651s] DEBUG:colcon.colcon_core.package_identification:Package 'src/ai-worker-sim/ffw_teleop' with type 'ros.ament_python' and name 'ffw_teleop'
[0.654s] Level 1:colcon.colcon_core.package_identification:_identify(src/ai-worker-sim/human_detector) by extensions ['ignore', 'ignore_ament_install']
[0.658s] Level 1:colcon.colcon_core.package_identification:_identify(src/ai-worker-sim/human_detector) by extension 'ignore'
[0.658s] Level 1:colcon.colcon_core.package_identification:_identify(src/ai-worker-sim/human_detector) by extension 'ignore_ament_install'
[0.658s] Level 1:colcon.colcon_core.package_identification:_identify(src/ai-worker-sim/human_detector) by extensions ['colcon_pkg']
[0.658s] Level 1:colcon.colcon_core.package_identification:_identify(src/ai-worker-sim/human_detector) by extension 'colcon_pkg'
[0.658s] Level 1:colcon.colcon_core.package_identification:_identify(src/ai-worker-sim/human_detector) by extensions ['colcon_meta']
[0.659s] Level 1:colcon.colcon_core.package_identification:_identify(src/ai-worker-sim/human_detector) by extension 'colcon_meta'
[0.659s] Level 1:colcon.colcon_core.package_identification:_identify(src/ai-worker-sim/human_detector) by extensions ['ros']
[0.659s] Level 1:colcon.colcon_core.package_identification:_identify(src/ai-worker-sim/human_detector) by extension 'ros'
[0.660s] DEBUG:colcon.colcon_core.package_identification:Package 'src/ai-worker-sim/human_detector' with type 'ros.ament_python' and name 'human_detector'
[0.663s] Level 1:colcon.colcon_core.package_identification:_identify(src/ai-worker-sim/library_world) by extensions ['ignore', 'ignore_ament_install']
[0.667s] Level 1:colcon.colcon_core.package_identification:_identify(src/ai-worker-sim/library_world) by extension 'ignore'
[0.667s] Level 1:colcon.colcon_core.package_identification:_identify(src/ai-worker-sim/library_world) by extension 'ignore_ament_install'
[0.667s] Level 1:colcon.colcon_core.package_identification:_identify(src/ai-worker-sim/library_world) by extensions ['colcon_pkg']
[0.667s] Level 1:colcon.colcon_core.package_identification:_identify(src/ai-worker-sim/library_world) by extension 'colcon_pkg'
[0.667s] Level 1:colcon.colcon_core.package_identification:_identify(src/ai-worker-sim/library_world) by extensions ['colcon_meta']
[0.667s] Level 1:colcon.colcon_core.package_identification:_identify(src/ai-worker-sim/library_world) by extension 'colcon_meta'
[0.667s] Level 1:colcon.colcon_core.package_identification:_identify(src/ai-worker-sim/library_world) by extensions ['ros']
[0.667s] Level 1:colcon.colcon_core.package_identification:_identify(src/ai-worker-sim/library_world) by extension 'ros'
[0.669s] DEBUG:colcon.colcon_core.package_identification:Package 'src/ai-worker-sim/library_world' with type 'ros.ament_cmake' and name 'library_world'
[0.672s] Level 1:colcon.colcon_core.package_discovery:discover_packages(recursive) using defaults
[0.672s] Level 1:colcon.colcon_core.package_discovery:discover_packages(ignore) discover
[0.672s] Level 1:colcon.colcon_core.package_discovery:discover_packages(ignore) using defaults
[0.672s] Level 1:colcon.colcon_core.package_discovery:discover_packages(path) discover
[0.672s] Level 1:colcon.colcon_core.package_discovery:discover_packages(path) using defaults
[0.741s] Level 1:colcon.colcon_core.package_discovery:discover_packages(prefix_path) check parameters
[0.741s] Level 1:colcon.colcon_core.package_discovery:discover_packages(prefix_path) discover
[0.747s] WARNING:colcon.colcon_ros.prefix_path.ament:The path '/root/workspaces/ros2_ws/install/warehouse_worlds' in the environment variable AMENT_PREFIX_PATH doesn't exist
[0.750s] WARNING:colcon.colcon_ros.prefix_path.ament:The path '/root/workspaces/ros2_ws/install/library_world' in the environment variable AMENT_PREFIX_PATH doesn't exist
[0.754s] WARNING:colcon.colcon_ros.prefix_path.ament:The path '/root/workspaces/ros2_ws/install/human_detector' in the environment variable AMENT_PREFIX_PATH doesn't exist
[0.758s] WARNING:colcon.colcon_ros.prefix_path.ament:The path '/root/workspaces/ros2_ws/install/ffw_teleop' in the environment variable AMENT_PREFIX_PATH doesn't exist
[0.764s] WARNING:colcon.colcon_ros.prefix_path.ament:The path '/root/workspaces/ros2_ws/install/ffw_navigation' in the environment variable AMENT_PREFIX_PATH doesn't exist
[0.765s] WARNING:colcon.colcon_ros.prefix_path.ament:The path '/root/workspaces/ros2_ws/install/ffw_moveit_config' in the environment variable AMENT_PREFIX_PATH doesn't exist
[0.769s] WARNING:colcon.colcon_ros.prefix_path.ament:The path '/root/workspaces/ros2_ws/install/ffw_bringup' in the environment variable AMENT_PREFIX_PATH doesn't exist
[0.774s] WARNING:colcon.colcon_ros.prefix_path.ament:The path '/root/workspaces/ros2_ws/install/ffw_description' in the environment variable AMENT_PREFIX_PATH doesn't exist
[0.787s] WARNING:colcon.colcon_ros.prefix_path.catkin:The path '/root/workspaces/ros2_ws/install/warehouse_worlds' in the environment variable CMAKE_PREFIX_PATH doesn't exist
[0.787s] WARNING:colcon.colcon_ros.prefix_path.catkin:The path '/root/workspaces/ros2_ws/install/library_world' in the environment variable CMAKE_PREFIX_PATH doesn't exist
[0.792s] WARNING:colcon.colcon_ros.prefix_path.catkin:The path '/root/workspaces/ros2_ws/install/ffw_navigation' in the environment variable CMAKE_PREFIX_PATH doesn't exist
[0.796s] WARNING:colcon.colcon_ros.prefix_path.catkin:The path '/root/workspaces/ros2_ws/install/ffw_moveit_config' in the environment variable CMAKE_PREFIX_PATH doesn't exist
[0.837s] WARNING:colcon.colcon_ros.prefix_path.catkin:The path '/root/workspaces/ros2_ws/install/ffw_description' in the environment variable CMAKE_PREFIX_PATH doesn't exist
[0.846s] DEBUG:colcon.colcon_installed_package_information.package_discovery:Found 0 installed packages in /root/workspaces/ros2_ws/install
[0.857s] DEBUG:colcon.colcon_installed_package_information.package_discovery:Found 3 installed packages in /root/workspaces/turtlebot_ws/install
[0.861s] DEBUG:colcon.colcon_installed_package_information.package_discovery:Found 453 installed packages in /opt/ros/jazzy
[0.863s] Level 1:colcon.colcon_core.package_discovery:discover_packages(prefix_path) using defaults
[0.986s] Level 5:colcon.colcon_core.verb:set package 'ffw_description' build argument 'cmake_args' from command line to 'None'
[0.987s] Level 5:colcon.colcon_core.verb:set package 'ffw_description' build argument 'cmake_target' from command line to 'None'
[0.990s] Level 5:colcon.colcon_core.verb:set package 'ffw_description' build argument 'cmake_target_skip_unavailable' from command line to 'False'
[0.994s] Level 5:colcon.colcon_core.verb:set package 'ffw_description' build argument 'cmake_clean_cache' from command line to 'False'
[1.036s] Level 5:colcon.colcon_core.verb:set package 'ffw_description' build argument 'cmake_clean_first' from command line to 'False'
[1.041s] Level 5:colcon.colcon_core.verb:set package 'ffw_description' build argument 'cmake_force_configure' from command line to 'False'
[1.044s] Level 5:colcon.colcon_core.verb:set package 'ffw_description' build argument 'ament_cmake_args' from command line to 'None'
[1.050s] Level 5:colcon.colcon_core.verb:set package 'ffw_description' build argument 'catkin_cmake_args' from command line to 'None'
[1.050s] Level 5:colcon.colcon_core.verb:set package 'ffw_description' build argument 'catkin_skip_building_tests' from command line to 'False'
[1.050s] DEBUG:colcon.colcon_core.verb:Building package 'ffw_description' with the following arguments: {'ament_cmake_args': None, 'build_base': '/root/workspaces/ros2_ws/build/ffw_description', 'catkin_cmake_args': None, 'catkin_skip_building_tests': False, 'cmake_args': None, 'cmake_clean_cache': False, 'cmake_clean_first': False, 'cmake_force_configure': False, 'cmake_target': None, 'cmake_target_skip_unavailable': False, 'install_base': '/root/workspaces/ros2_ws/install/ffw_description', 'merge_install': False, 'path': '/root/workspaces/ros2_ws/src/ai-worker-sim/ffw_description', 'symlink_install': False, 'test_result_base': None}
[1.050s] Level 5:colcon.colcon_core.verb:set package 'ffw_moveit_config' build argument 'cmake_args' from command line to 'None'
[1.050s] Level 5:colcon.colcon_core.verb:set package 'ffw_moveit_config' build argument 'cmake_target' from command line to 'None'
[1.050s] Level 5:colcon.colcon_core.verb:set package 'ffw_moveit_config' build argument 'cmake_target_skip_unavailable' from command line to 'False'
[1.050s] Level 5:colcon.colcon_core.verb:set package 'ffw_moveit_config' build argument 'cmake_clean_cache' from command line to 'False'
[1.050s] Level 5:colcon.colcon_core.verb:set package 'ffw_moveit_config' build argument 'cmake_clean_first' from command line to 'False'
[1.050s] Level 5:colcon.colcon_core.verb:set package 'ffw_moveit_config' build argument 'cmake_force_configure' from command line to 'False'
[1.051s] Level 5:colcon.colcon_core.verb:set package 'ffw_moveit_config' build argument 'ament_cmake_args' from command line to 'None'
[1.051s] Level 5:colcon.colcon_core.verb:set package 'ffw_moveit_config' build argument 'catkin_cmake_args' from command line to 'None'
[1.051s] Level 5:colcon.colcon_core.verb:set package 'ffw_moveit_config' build argument 'catkin_skip_building_tests' from command line to 'False'
[1.051s] DEBUG:colcon.colcon_core.verb:Building package 'ffw_moveit_config' with the following arguments: {'ament_cmake_args': None, 'build_base': '/root/workspaces/ros2_ws/build/ffw_moveit_config', 'catkin_cmake_args': None, 'catkin_skip_building_tests': False, 'cmake_args': None, 'cmake_clean_cache': False, 'cmake_clean_first': False, 'cmake_force_configure': False, 'cmake_target': None, 'cmake_target_skip_unavailable': False, 'install_base': '/root/workspaces/ros2_ws/install/ffw_moveit_config', 'merge_install': False, 'path': '/root/workspaces/ros2_ws/src/ai-worker-sim/ffw_moveit_config', 'symlink_install': False, 'test_result_base': None}
[1.051s] Level 5:colcon.colcon_core.verb:set package 'ffw_navigation' build argument 'cmake_args' from command line to 'None'
[1.055s] Level 5:colcon.colcon_core.verb:set package 'ffw_navigation' build argument 'cmake_target' from command line to 'None'
[1.055s] Level 5:colcon.colcon_core.verb:set package 'ffw_navigation' build argument 'cmake_target_skip_unavailable' from command line to 'False'
[1.055s] Level 5:colcon.colcon_core.verb:set package 'ffw_navigation' build argument 'cmake_clean_cache' from command line to 'False'
[1.055s] Level 5:colcon.colcon_core.verb:set package 'ffw_navigation' build argument 'cmake_clean_first' from command line to 'False'
[1.055s] Level 5:colcon.colcon_core.verb:set package 'ffw_navigation' build argument 'cmake_force_configure' from command line to 'False'
[1.055s] Level 5:colcon.colcon_core.verb:set package 'ffw_navigation' build argument 'ament_cmake_args' from command line to 'None'
[1.055s] Level 5:colcon.colcon_core.verb:set package 'ffw_navigation' build argument 'catkin_cmake_args' from command line to 'None'
[1.055s] Level 5:colcon.colcon_core.verb:set package 'ffw_navigation' build argument 'catkin_skip_building_tests' from command line to 'False'
[1.055s] DEBUG:colcon.colcon_core.verb:Building package 'ffw_navigation' with the following arguments: {'ament_cmake_args': None, 'build_base': '/root/workspaces/ros2_ws/build/ffw_navigation', 'catkin_cmake_args': None, 'catkin_skip_building_tests': False, 'cmake_args': None, 'cmake_clean_cache': False, 'cmake_clean_first': False, 'cmake_force_configure': False, 'cmake_target': None, 'cmake_target_skip_unavailable': False, 'install_base': '/root/workspaces/ros2_ws/install/ffw_navigation', 'merge_install': False, 'path': '/root/workspaces/ros2_ws/src/ai-worker-sim/ffw_navigation', 'symlink_install': False, 'test_result_base': None}
[1.055s] Level 5:colcon.colcon_core.verb:set package 'ffw_swerve_drive_controller' build argument 'cmake_args' from command line to 'None'
[1.059s] Level 5:colcon.colcon_core.verb:set package 'ffw_swerve_drive_controller' build argument 'cmake_target' from command line to 'None'
[1.063s] Level 5:colcon.colcon_core.verb:set package 'ffw_swerve_drive_controller' build argument 'cmake_target_skip_unavailable' from command line to 'False'
[1.068s] Level 5:colcon.colcon_core.verb:set package 'ffw_swerve_drive_controller' build argument 'cmake_clean_cache' from command line to 'False'
[1.078s] Level 5:colcon.colcon_core.verb:set package 'ffw_swerve_drive_controller' build argument 'cmake_clean_first' from command line to 'False'
[1.084s] Level 5:colcon.colcon_core.verb:set package 'ffw_swerve_drive_controller' build argument 'cmake_force_configure' from command line to 'False'
[1.087s] Level 5:colcon.colcon_core.verb:set package 'ffw_swerve_drive_controller' build argument 'ament_cmake_args' from command line to 'None'
[1.096s] Level 5:colcon.colcon_core.verb:set package 'ffw_swerve_drive_controller' build argument 'catkin_cmake_args' from command line to 'None'
[1.096s] Level 5:colcon.colcon_core.verb:set package 'ffw_swerve_drive_controller' build argument 'catkin_skip_building_tests' from command line to 'False'
[1.096s] DEBUG:colcon.colcon_core.verb:Building package 'ffw_swerve_drive_controller' with the following arguments: {'ament_cmake_args': None, 'build_base': '/root/workspaces/ros2_ws/build/ffw_swerve_drive_controller', 'catkin_cmake_args': None, 'catkin_skip_building_tests': False, 'cmake_args': None, 'cmake_clean_cache': False, 'cmake_clean_first': False, 'cmake_force_configure': False, 'cmake_target': None, 'cmake_target_skip_unavailable': False, 'install_base': '/root/workspaces/ros2_ws/install/ffw_swerve_drive_controller', 'merge_install': False, 'path': '/root/workspaces/ros2_ws/src/ai-worker-sim/ffw_swerve_drive_controller', 'symlink_install': False, 'test_result_base': None}
[1.096s] Level 5:colcon.colcon_core.verb:set package 'ffw_teleop' build argument 'cmake_args' from command line to 'None'
[1.096s] Level 5:colcon.colcon_core.verb:set package 'ffw_teleop' build argument 'cmake_target' from command line to 'None'
[1.096s] Level 5:colcon.colcon_core.verb:set package 'ffw_teleop' build argument 'cmake_target_skip_unavailable' from command line to 'False'
[1.096s] Level 5:colcon.colcon_core.verb:set package 'ffw_teleop' build argument 'cmake_clean_cache' from command line to 'False'
[1.096s] Level 5:colcon.colcon_core.verb:set package 'ffw_teleop' build argument 'cmake_clean_first' from command line to 'False'
[1.096s] Level 5:colcon.colcon_core.verb:set package 'ffw_teleop' build argument 'cmake_force_configure' from command line to 'False'
[1.096s] Level 5:colcon.colcon_core.verb:set package 'ffw_teleop' build argument 'ament_cmake_args' from command line to 'None'
[1.096s] Level 5:colcon.colcon_core.verb:set package 'ffw_teleop' build argument 'catkin_cmake_args' from command line to 'None'
[1.096s] Level 5:colcon.colcon_core.verb:set package 'ffw_teleop' build argument 'catkin_skip_building_tests' from command line to 'False'
[1.096s] DEBUG:colcon.colcon_core.verb:Building package 'ffw_teleop' with the following arguments: {'ament_cmake_args': None, 'build_base': '/root/workspaces/ros2_ws/build/ffw_teleop', 'catkin_cmake_args': None, 'catkin_skip_building_tests': False, 'cmake_args': None, 'cmake_clean_cache': False, 'cmake_clean_first': False, 'cmake_force_configure': False, 'cmake_target': None, 'cmake_target_skip_unavailable': False, 'install_base': '/root/workspaces/ros2_ws/install/ffw_teleop', 'merge_install': False, 'path': '/root/workspaces/ros2_ws/src/ai-worker-sim/ffw_teleop', 'symlink_install': False, 'test_result_base': None}
[1.096s] Level 5:colcon.colcon_core.verb:set package 'human_detector' build argument 'cmake_args' from command line to 'None'
[1.136s] Level 5:colcon.colcon_core.verb:set package 'human_detector' build argument 'cmake_target' from command line to 'None'
[1.141s] Level 5:colcon.colcon_core.verb:set package 'human_detector' build argument 'cmake_target_skip_unavailable' from command line to 'False'
[1.145s] Level 5:colcon.colcon_core.verb:set package 'human_detector' build argument 'cmake_clean_cache' from command line to 'False'
[1.149s] Level 5:colcon.colcon_core.verb:set package 'human_detector' build argument 'cmake_clean_first' from command line to 'False'
[1.149s] Level 5:colcon.colcon_core.verb:set package 'human_detector' build argument 'cmake_force_configure' from command line to 'False'
[1.153s] Level 5:colcon.colcon_core.verb:set package 'human_detector' build argument 'ament_cmake_args' from command line to 'None'
[1.153s] Level 5:colcon.colcon_core.verb:set package 'human_detector' build argument 'catkin_cmake_args' from command line to 'None'
[1.153s] Level 5:colcon.colcon_core.verb:set package 'human_detector' build argument 'catkin_skip_building_tests' from command line to 'False'
[1.153s] DEBUG:colcon.colcon_core.verb:Building package 'human_detector' with the following arguments: {'ament_cmake_args': None, 'build_base': '/root/workspaces/ros2_ws/build/human_detector', 'catkin_cmake_args': None, 'catkin_skip_building_tests': False, 'cmake_args': None, 'cmake_clean_cache': False, 'cmake_clean_first': False, 'cmake_force_configure': False, 'cmake_target': None, 'cmake_target_skip_unavailable': False, 'install_base': '/root/workspaces/ros2_ws/install/human_detector', 'merge_install': False, 'path': '/root/workspaces/ros2_ws/src/ai-worker-sim/human_detector', 'symlink_install': False, 'test_result_base': None}
[1.154s] Level 5:colcon.colcon_core.verb:set package 'library_world' build argument 'cmake_args' from command line to 'None'
[1.154s] Level 5:colcon.colcon_core.verb:set package 'library_world' build argument 'cmake_target' from command line to 'None'
[1.154s] Level 5:colcon.colcon_core.verb:set package 'library_world' build argument 'cmake_target_skip_unavailable' from command line to 'False'
[1.154s] Level 5:colcon.colcon_core.verb:set package 'library_world' build argument 'cmake_clean_cache' from command line to 'False'
[1.154s] Level 5:colcon.colcon_core.verb:set package 'library_world' build argument 'cmake_clean_first' from command line to 'False'
[1.154s] Level 5:colcon.colcon_core.verb:set package 'library_world' build argument 'cmake_force_configure' from command line to 'False'
[1.154s] Level 5:colcon.colcon_core.verb:set package 'library_world' build argument 'ament_cmake_args' from command line to 'None'
[1.154s] Level 5:colcon.colcon_core.verb:set package 'library_world' build argument 'catkin_cmake_args' from command line to 'None'
[1.154s] Level 5:colcon.colcon_core.verb:set package 'library_world' build argument 'catkin_skip_building_tests' from command line to 'False'
[1.154s] DEBUG:colcon.colcon_core.verb:Building package 'library_world' with the following arguments: {'ament_cmake_args': None, 'build_base': '/root/workspaces/ros2_ws/build/library_world', 'catkin_cmake_args': None, 'catkin_skip_building_tests': False, 'cmake_args': None, 'cmake_clean_cache': False, 'cmake_clean_first': False, 'cmake_force_configure': False, 'cmake_target': None, 'cmake_target_skip_unavailable': False, 'install_base': '/root/workspaces/ros2_ws/install/library_world', 'merge_install': False, 'path': '/root/workspaces/ros2_ws/src/ai-worker-sim/library_world', 'symlink_install': False, 'test_result_base': None}
[1.158s] Level 5:colcon.colcon_core.verb:set package 'warehouse_worlds' build argument 'cmake_args' from command line to 'None'
[1.162s] Level 5:colcon.colcon_core.verb:set package 'warehouse_worlds' build argument 'cmake_target' from command line to 'None'
[1.166s] Level 5:colcon.colcon_core.verb:set package 'warehouse_worlds' build argument 'cmake_target_skip_unavailable' from command line to 'False'
[1.170s] Level 5:colcon.colcon_core.verb:set package 'warehouse_worlds' build argument 'cmake_clean_cache' from command line to 'False'
[1.176s] Level 5:colcon.colcon_core.verb:set package 'warehouse_worlds' build argument 'cmake_clean_first' from command line to 'False'
[1.176s] Level 5:colcon.colcon_core.verb:set package 'warehouse_worlds' build argument 'cmake_force_configure' from command line to 'False'
[1.177s] Level 5:colcon.colcon_core.verb:set package 'warehouse_worlds' build argument 'ament_cmake_args' from command line to 'None'
[1.177s] Level 5:colcon.colcon_core.verb:set package 'warehouse_worlds' build argument 'catkin_cmake_args' from command line to 'None'
[1.177s] Level 5:colcon.colcon_core.verb:set package 'warehouse_worlds' build argument 'catkin_skip_building_tests' from command line to 'False'
[1.177s] DEBUG:colcon.colcon_core.verb:Building package 'warehouse_worlds' with the following arguments: {'ament_cmake_args': None, 'build_base': '/root/workspaces/ros2_ws/build/warehouse_worlds', 'catkin_cmake_args': None, 'catkin_skip_building_tests': False, 'cmake_args': None, 'cmake_clean_cache': False, 'cmake_clean_first': False, 'cmake_force_configure': False, 'cmake_target': None, 'cmake_target_skip_unavailable': False, 'install_base': '/root/workspaces/ros2_ws/install/warehouse_worlds', 'merge_install': False, 'path': '/root/workspaces/ros2_ws/src/Gazebo_worlds/warehouse_worlds', 'symlink_install': False, 'test_result_base': None}
[1.182s] Level 5:colcon.colcon_core.verb:set package 'ffw_bringup' build argument 'cmake_args' from command line to 'None'
[1.185s] Level 5:colcon.colcon_core.verb:set package 'ffw_bringup' build argument 'cmake_target' from command line to 'None'
[1.185s] Level 5:colcon.colcon_core.verb:set package 'ffw_bringup' build argument 'cmake_target_skip_unavailable' from command line to 'False'
[1.186s] Level 5:colcon.colcon_core.verb:set package 'ffw_bringup' build argument 'cmake_clean_cache' from command line to 'False'
[1.186s] Level 5:colcon.colcon_core.verb:set package 'ffw_bringup' build argument 'cmake_clean_first' from command line to 'False'
[1.186s] Level 5:colcon.colcon_core.verb:set package 'ffw_bringup' build argument 'cmake_force_configure' from command line to 'False'
[1.186s] Level 5:colcon.colcon_core.verb:set package 'ffw_bringup' build argument 'ament_cmake_args' from command line to 'None'
[1.186s] Level 5:colcon.colcon_core.verb:set package 'ffw_bringup' build argument 'catkin_cmake_args' from command line to 'None'
[1.186s] Level 5:colcon.colcon_core.verb:set package 'ffw_bringup' build argument 'catkin_skip_building_tests' from command line to 'False'
[1.186s] DEBUG:colcon.colcon_core.verb:Building package 'ffw_bringup' with the following arguments: {'ament_cmake_args': None, 'build_base': '/root/workspaces/ros2_ws/build/ffw_bringup', 'catkin_cmake_args': None, 'catkin_skip_building_tests': False, 'cmake_args': None, 'cmake_clean_cache': False, 'cmake_clean_first': False, 'cmake_force_configure': False, 'cmake_target': None, 'cmake_target_skip_unavailable': False, 'install_base': '/root/workspaces/ros2_ws/install/ffw_bringup', 'merge_install': False, 'path': '/root/workspaces/ros2_ws/src/ai-worker-sim/ffw_bringup', 'symlink_install': False, 'test_result_base': None}
[1.186s] INFO:colcon.colcon_core.executor:Executing jobs using 'parallel' executor
[1.237s] DEBUG:colcon.colcon_parallel_executor.executor.parallel:run_until_complete
[1.237s] INFO:colcon.colcon_ros.task.ament_cmake.build:Building ROS package in '/root/workspaces/ros2_ws/src/ai-worker-sim/ffw_description' with build type 'ament_cmake'
[1.241s] INFO:colcon.colcon_cmake.task.cmake.build:Building CMake package in '/root/workspaces/ros2_ws/src/ai-worker-sim/ffw_description'
[1.248s] INFO:colcon.colcon_core.plugin_system:Skipping extension 'colcon_core.shell.bat': Not used on non-Windows systems
[1.248s] INFO:colcon.colcon_core.shell:Skip shell extension 'powershell' for command environment: Not usable outside of PowerShell
[1.248s] DEBUG:colcon.colcon_core.shell:Skip shell extension 'dsv' for command environment
[1.295s] INFO:colcon.colcon_ros.task.ament_cmake.build:Building ROS package in '/root/workspaces/ros2_ws/src/ai-worker-sim/ffw_moveit_config' with build type 'ament_cmake'
[1.296s] INFO:colcon.colcon_cmake.task.cmake.build:Building CMake package in '/root/workspaces/ros2_ws/src/ai-worker-sim/ffw_moveit_config'
[1.337s] INFO:colcon.colcon_core.shell:Skip shell extension 'powershell' for command environment: Not usable outside of PowerShell
[1.337s] DEBUG:colcon.colcon_core.shell:Skip shell extension 'dsv' for command environment
[1.394s] INFO:colcon.colcon_ros.task.ament_cmake.build:Building ROS package in '/root/workspaces/ros2_ws/src/ai-worker-sim/ffw_navigation' with build type 'ament_cmake'
[1.437s] INFO:colcon.colcon_cmake.task.cmake.build:Building CMake package in '/root/workspaces/ros2_ws/src/ai-worker-sim/ffw_navigation'
[1.437s] INFO:colcon.colcon_core.shell:Skip shell extension 'powershell' for command environment: Not usable outside of PowerShell
[1.437s] DEBUG:colcon.colcon_core.shell:Skip shell extension 'dsv' for command environment
[1.537s] INFO:colcon.colcon_ros.task.ament_cmake.build:Building ROS package in '/root/workspaces/ros2_ws/src/ai-worker-sim/ffw_swerve_drive_controller' with build type 'ament_cmake'
[1.537s] INFO:colcon.colcon_cmake.task.cmake.build:Building CMake package in '/root/workspaces/ros2_ws/src/ai-worker-sim/ffw_swerve_drive_controller'
[1.541s] INFO:colcon.colcon_core.shell:Skip shell extension 'powershell' for command environment: Not usable outside of PowerShell
[1.541s] DEBUG:colcon.colcon_core.shell:Skip shell extension 'dsv' for command environment
[1.701s] DEBUG:colcon.colcon_core.event_handler.log_command:Invoking command in '/root/workspaces/ros2_ws/build/ffw_description': CMAKE_PREFIX_PATH=${CMAKE_PREFIX_PATH}:/root/workspaces/ros2_ws/install/human_detector:/root/workspaces/ros2_ws/install/ffw_teleop:/root/workspaces/ros2_ws/install/ffw_bringup:/opt/ros/jazzy /usr/bin/cmake /root/workspaces/ros2_ws/src/ai-worker-sim/ffw_description -DCMAKE_INSTALL_PREFIX=/root/workspaces/ros2_ws/install/ffw_description
[1.798s] DEBUG:colcon.colcon_core.event_handler.log_command:Invoking command in '/root/workspaces/ros2_ws/build/ffw_moveit_config': CMAKE_PREFIX_PATH=${CMAKE_PREFIX_PATH}:/root/workspaces/ros2_ws/install/human_detector:/root/workspaces/ros2_ws/install/ffw_teleop:/root/workspaces/ros2_ws/install/ffw_bringup:/opt/ros/jazzy /usr/bin/cmake /root/workspaces/ros2_ws/src/ai-worker-sim/ffw_moveit_config -DCMAKE_INSTALL_PREFIX=/root/workspaces/ros2_ws/install/ffw_moveit_config
[1.892s] DEBUG:colcon.colcon_core.event_handler.log_command:Invoking command in '/root/workspaces/ros2_ws/build/ffw_navigation': CMAKE_PREFIX_PATH=${CMAKE_PREFIX_PATH}:/root/workspaces/ros2_ws/install/human_detector:/root/workspaces/ros2_ws/install/ffw_teleop:/root/workspaces/ros2_ws/install/ffw_bringup:/opt/ros/jazzy /usr/bin/cmake /root/workspaces/ros2_ws/src/ai-worker-sim/ffw_navigation -DCMAKE_INSTALL_PREFIX=/root/workspaces/ros2_ws/install/ffw_navigation
[2.066s] DEBUG:colcon.colcon_core.event_handler.log_command:Invoking command in '/root/workspaces/ros2_ws/build/ffw_swerve_drive_controller': CMAKE_PREFIX_PATH=${CMAKE_PREFIX_PATH}:/root/workspaces/ros2_ws/install/human_detector:/root/workspaces/ros2_ws/install/ffw_teleop:/root/workspaces/ros2_ws/install/ffw_bringup:/opt/ros/jazzy /usr/bin/cmake /root/workspaces/ros2_ws/src/ai-worker-sim/ffw_swerve_drive_controller -DCMAKE_INSTALL_PREFIX=/root/workspaces/ros2_ws/install/ffw_swerve_drive_controller
[12.344s] DEBUG:colcon.colcon_core.event_handler.log_command:Invoked command in '/root/workspaces/ros2_ws/build/ffw_moveit_config' returned '0': CMAKE_PREFIX_PATH=${CMAKE_PREFIX_PATH}:/root/workspaces/ros2_ws/install/human_detector:/root/workspaces/ros2_ws/install/ffw_teleop:/root/workspaces/ros2_ws/install/ffw_bringup:/opt/ros/jazzy /usr/bin/cmake /root/workspaces/ros2_ws/src/ai-worker-sim/ffw_moveit_config -DCMAKE_INSTALL_PREFIX=/root/workspaces/ros2_ws/install/ffw_moveit_config
[12.352s] DEBUG:colcon.colcon_core.event_handler.log_command:Invoking command in '/root/workspaces/ros2_ws/build/ffw_moveit_config': CMAKE_PREFIX_PATH=${CMAKE_PREFIX_PATH}:/root/workspaces/ros2_ws/install/human_detector:/root/workspaces/ros2_ws/install/ffw_teleop:/root/workspaces/ros2_ws/install/ffw_bringup:/opt/ros/jazzy /usr/bin/cmake --build /root/workspaces/ros2_ws/build/ffw_moveit_config -- -j4 -l4
[12.437s] DEBUG:colcon.colcon_core.event_handler.log_command:Invoked command in '/root/workspaces/ros2_ws/build/ffw_description' returned '0': CMAKE_PREFIX_PATH=${CMAKE_PREFIX_PATH}:/root/workspaces/ros2_ws/install/human_detector:/root/workspaces/ros2_ws/install/ffw_teleop:/root/workspaces/ros2_ws/install/ffw_bringup:/opt/ros/jazzy /usr/bin/cmake /root/workspaces/ros2_ws/src/ai-worker-sim/ffw_description -DCMAKE_INSTALL_PREFIX=/root/workspaces/ros2_ws/install/ffw_description
[12.457s] DEBUG:colcon.colcon_core.event_handler.log_command:Invoking command in '/root/workspaces/ros2_ws/build/ffw_description': CMAKE_PREFIX_PATH=${CMAKE_PREFIX_PATH}:/root/workspaces/ros2_ws/install/human_detector:/root/workspaces/ros2_ws/install/ffw_teleop:/root/workspaces/ros2_ws/install/ffw_bringup:/opt/ros/jazzy /usr/bin/cmake --build /root/workspaces/ros2_ws/build/ffw_description -- -j4 -l4
[12.582s] DEBUG:colcon.colcon_core.event_handler.log_command:Invoked command in '/root/workspaces/ros2_ws/build/ffw_moveit_config' returned '0': CMAKE_PREFIX_PATH=${CMAKE_PREFIX_PATH}:/root/workspaces/ros2_ws/install/human_detector:/root/workspaces/ros2_ws/install/ffw_teleop:/root/workspaces/ros2_ws/install/ffw_bringup:/opt/ros/jazzy /usr/bin/cmake --build /root/workspaces/ros2_ws/build/ffw_moveit_config -- -j4 -l4
[12.651s] DEBUG:colcon.colcon_core.event_handler.log_command:Invoking command in '/root/workspaces/ros2_ws/build/ffw_moveit_config': CMAKE_PREFIX_PATH=${CMAKE_PREFIX_PATH}:/root/workspaces/ros2_ws/install/human_detector:/root/workspaces/ros2_ws/install/ffw_teleop:/root/workspaces/ros2_ws/install/ffw_bringup:/opt/ros/jazzy /usr/bin/cmake --install /root/workspaces/ros2_ws/build/ffw_moveit_config
[12.886s] DEBUG:colcon.colcon_core.event_handler.log_command:Invoked command in '/root/workspaces/ros2_ws/build/ffw_description' returned '0': CMAKE_PREFIX_PATH=${CMAKE_PREFIX_PATH}:/root/workspaces/ros2_ws/install/human_detector:/root/workspaces/ros2_ws/install/ffw_teleop:/root/workspaces/ros2_ws/install/ffw_bringup:/opt/ros/jazzy /usr/bin/cmake --build /root/workspaces/ros2_ws/build/ffw_description -- -j4 -l4
[12.941s] DEBUG:colcon.colcon_core.event_handler.log_command:Invoking command in '/root/workspaces/ros2_ws/build/ffw_description': CMAKE_PREFIX_PATH=${CMAKE_PREFIX_PATH}:/root/workspaces/ros2_ws/install/human_detector:/root/workspaces/ros2_ws/install/ffw_teleop:/root/workspaces/ros2_ws/install/ffw_bringup:/opt/ros/jazzy /usr/bin/cmake --install /root/workspaces/ros2_ws/build/ffw_description
[14.767s] Level 1:colcon.colcon_core.environment:create_environment_scripts_only(ffw_moveit_config)
[14.769s] Level 1:colcon.colcon_core.environment:checking '/root/workspaces/ros2_ws/install/ffw_moveit_config' for CMake module files
[14.770s] DEBUG:colcon.colcon_core.event_handler.log_command:Invoked command in '/root/workspaces/ros2_ws/build/ffw_moveit_config' returned '0': CMAKE_PREFIX_PATH=${CMAKE_PREFIX_PATH}:/root/workspaces/ros2_ws/install/human_detector:/root/workspaces/ros2_ws/install/ffw_teleop:/root/workspaces/ros2_ws/install/ffw_bringup:/opt/ros/jazzy /usr/bin/cmake --install /root/workspaces/ros2_ws/build/ffw_moveit_config
[14.780s] Level 1:colcon.colcon_core.environment:checking '/root/workspaces/ros2_ws/install/ffw_moveit_config' for CMake config files
[14.793s] Level 1:colcon.colcon_core.shell:create_environment_hook('ffw_moveit_config', 'cmake_prefix_path')
[14.794s] INFO:colcon.colcon_core.shell:Creating environment hook '/root/workspaces/ros2_ws/install/ffw_moveit_config/share/ffw_moveit_config/hook/cmake_prefix_path.ps1'
[14.848s] INFO:colcon.colcon_core.shell:Creating environment descriptor '/root/workspaces/ros2_ws/install/ffw_moveit_config/share/ffw_moveit_config/hook/cmake_prefix_path.dsv'
[14.859s] INFO:colcon.colcon_core.shell:Creating environment hook '/root/workspaces/ros2_ws/install/ffw_moveit_config/share/ffw_moveit_config/hook/cmake_prefix_path.sh'
[14.872s] Level 1:colcon.colcon_core.environment:checking '/root/workspaces/ros2_ws/install/ffw_moveit_config/bin'
[14.873s] Level 1:colcon.colcon_core.environment:checking '/root/workspaces/ros2_ws/install/ffw_moveit_config/lib/pkgconfig/ffw_moveit_config.pc'
[14.878s] Level 1:colcon.colcon_core.environment:checking '/root/workspaces/ros2_ws/install/ffw_moveit_config/lib/python3.12/site-packages'
[14.879s] Level 1:colcon.colcon_core.environment:checking '/root/workspaces/ros2_ws/install/ffw_moveit_config/bin'
[14.879s] INFO:colcon.colcon_core.shell:Creating package script '/root/workspaces/ros2_ws/install/ffw_moveit_config/share/ffw_moveit_config/package.ps1'
[14.891s] INFO:colcon.colcon_core.shell:Creating package descriptor '/root/workspaces/ros2_ws/install/ffw_moveit_config/share/ffw_moveit_config/package.dsv'
[14.903s] INFO:colcon.colcon_core.shell:Creating package script '/root/workspaces/ros2_ws/install/ffw_moveit_config/share/ffw_moveit_config/package.sh'
[14.946s] INFO:colcon.colcon_core.shell:Creating package script '/root/workspaces/ros2_ws/install/ffw_moveit_config/share/ffw_moveit_config/package.bash'
[14.958s] INFO:colcon.colcon_core.shell:Creating package script '/root/workspaces/ros2_ws/install/ffw_moveit_config/share/ffw_moveit_config/package.zsh'
[14.970s] Level 1:colcon.colcon_core.environment:create_file_with_runtime_dependencies(/root/workspaces/ros2_ws/install/ffw_moveit_config/share/colcon-core/packages/ffw_moveit_config)
[14.993s] Level 1:colcon.colcon_core.environment:create_environment_scripts_only(ffw_moveit_config)
[14.994s] Level 1:colcon.colcon_core.environment:checking '/root/workspaces/ros2_ws/install/ffw_moveit_config' for CMake module files
[14.998s] Level 1:colcon.colcon_core.environment:checking '/root/workspaces/ros2_ws/install/ffw_moveit_config' for CMake config files
[15.051s] Level 1:colcon.colcon_core.shell:create_environment_hook('ffw_moveit_config', 'cmake_prefix_path')
[15.051s] INFO:colcon.colcon_core.shell:Creating environment hook '/root/workspaces/ros2_ws/install/ffw_moveit_config/share/ffw_moveit_config/hook/cmake_prefix_path.ps1'
[15.074s] INFO:colcon.colcon_core.shell:Creating environment descriptor '/root/workspaces/ros2_ws/install/ffw_moveit_config/share/ffw_moveit_config/hook/cmake_prefix_path.dsv'
[15.092s] INFO:colcon.colcon_core.shell:Creating environment hook '/root/workspaces/ros2_ws/install/ffw_moveit_config/share/ffw_moveit_config/hook/cmake_prefix_path.sh'
[15.149s] Level 1:colcon.colcon_core.environment:checking '/root/workspaces/ros2_ws/install/ffw_moveit_config/bin'
[15.149s] Level 1:colcon.colcon_core.environment:checking '/root/workspaces/ros2_ws/install/ffw_moveit_config/lib/pkgconfig/ffw_moveit_config.pc'
[15.150s] Level 1:colcon.colcon_core.environment:checking '/root/workspaces/ros2_ws/install/ffw_moveit_config/lib/python3.12/site-packages'
[15.153s] Level 1:colcon.colcon_core.environment:checking '/root/workspaces/ros2_ws/install/ffw_moveit_config/bin'
[15.157s] INFO:colcon.colcon_core.shell:Creating package script '/root/workspaces/ros2_ws/install/ffw_moveit_config/share/ffw_moveit_config/package.ps1'
[15.175s] INFO:colcon.colcon_core.shell:Creating package descriptor '/root/workspaces/ros2_ws/install/ffw_moveit_config/share/ffw_moveit_config/package.dsv'
[15.187s] INFO:colcon.colcon_core.shell:Creating package script '/root/workspaces/ros2_ws/install/ffw_moveit_config/share/ffw_moveit_config/package.sh'
[15.200s] INFO:colcon.colcon_core.shell:Creating package script '/root/workspaces/ros2_ws/install/ffw_moveit_config/share/ffw_moveit_config/package.bash'
[15.241s] INFO:colcon.colcon_core.shell:Creating package script '/root/workspaces/ros2_ws/install/ffw_moveit_config/share/ffw_moveit_config/package.zsh'
[15.255s] Level 1:colcon.colcon_core.environment:create_file_with_runtime_dependencies(/root/workspaces/ros2_ws/install/ffw_moveit_config/share/colcon-core/packages/ffw_moveit_config)
[15.270s] INFO:colcon.colcon_ros.task.ament_python.build:Building ROS package in '/root/workspaces/ros2_ws/src/ai-worker-sim/ffw_teleop' with build type 'ament_python'
[15.270s] Level 1:colcon.colcon_core.shell:create_environment_hook('ffw_teleop', 'ament_prefix_path')
[15.270s] INFO:colcon.colcon_core.shell:Creating environment hook '/root/workspaces/ros2_ws/install/ffw_teleop/share/ffw_teleop/hook/ament_prefix_path.ps1'
[15.342s] INFO:colcon.colcon_core.shell:Creating environment descriptor '/root/workspaces/ros2_ws/install/ffw_teleop/share/ffw_teleop/hook/ament_prefix_path.dsv'
[15.357s] INFO:colcon.colcon_core.shell:Creating environment hook '/root/workspaces/ros2_ws/install/ffw_teleop/share/ffw_teleop/hook/ament_prefix_path.sh'
[15.368s] INFO:colcon.colcon_core.shell:Skip shell extension 'powershell' for command environment: Not usable outside of PowerShell
[15.368s] DEBUG:colcon.colcon_core.shell:Skip shell extension 'dsv' for command environment
[16.178s] INFO:colcon.colcon_core.task.python.build:Building Python package in '/root/workspaces/ros2_ws/src/ai-worker-sim/ffw_teleop'
[16.179s] INFO:colcon.colcon_core.shell:Skip shell extension 'powershell' for command environment: Not usable outside of PowerShell
[16.179s] DEBUG:colcon.colcon_core.shell:Skip shell extension 'dsv' for command environment
[18.977s] DEBUG:colcon.colcon_core.task.python.build:Available setuptools commands: install_data, install_headers, bdist_wheel, bdist_egg, install, extract_messages, symlink_data, register, upload_docs, alias, build_py, build_clib, setopt, rotate, clean, update_catalog, dist_info, install_lib, build, bdist, egg_info, test, init_catalog, sdist, editable_wheel, check, install_egg_info, easy_install, bdist_rpm, saveopts, build_ext, install_scripts, upload, build_scripts, develop, compile_catalog, bdist_dumb
[19.051s] DEBUG:colcon.colcon_core.event_handler.log_command:Invoking command in '/root/workspaces/ros2_ws/src/ai-worker-sim/ffw_teleop': PYTHONPATH=/root/workspaces/ros2_ws/build/ffw_teleop/prefix_override:/usr/lib/python3/dist-packages/colcon_core/task/python/colcon_distutils_commands:/root/workspaces/ros2_ws/install/ffw_teleop/lib/python3.12/site-packages:${PYTHONPATH} /usr/bin/python3 -W ignore:setup.py install is deprecated -W ignore:easy_install command is deprecated setup.py egg_info --egg-base ../../../build/ffw_teleop build --build-base /root/workspaces/ros2_ws/build/ffw_teleop/build install --record /root/workspaces/ros2_ws/build/ffw_teleop/install.log --install-scripts $base/lib/ffw_teleop --single-version-externally-managed install_data
[20.282s] DEBUG:colcon.colcon_core.event_handler.log_command:Invoked command in '/root/workspaces/ros2_ws/build/ffw_navigation' returned '0': CMAKE_PREFIX_PATH=${CMAKE_PREFIX_PATH}:/root/workspaces/ros2_ws/install/human_detector:/root/workspaces/ros2_ws/install/ffw_teleop:/root/workspaces/ros2_ws/install/ffw_bringup:/opt/ros/jazzy /usr/bin/cmake /root/workspaces/ros2_ws/src/ai-worker-sim/ffw_navigation -DCMAKE_INSTALL_PREFIX=/root/workspaces/ros2_ws/install/ffw_navigation
[20.284s] DEBUG:colcon.colcon_core.event_handler.log_command:Invoking command in '/root/workspaces/ros2_ws/build/ffw_navigation': CMAKE_PREFIX_PATH=${CMAKE_PREFIX_PATH}:/root/workspaces/ros2_ws/install/human_detector:/root/workspaces/ros2_ws/install/ffw_teleop:/root/workspaces/ros2_ws/install/ffw_bringup:/opt/ros/jazzy /usr/bin/cmake --build /root/workspaces/ros2_ws/build/ffw_navigation -- -j4 -l4
[21.437s] Level 1:colcon.colcon_core.environment:checking '/root/workspaces/ros2_ws/install/ffw_teleop' for CMake module files
[21.441s] DEBUG:colcon.colcon_core.event_handler.log_command:Invoked command in '/root/workspaces/ros2_ws/src/ai-worker-sim/ffw_teleop' returned '0': PYTHONPATH=/root/workspaces/ros2_ws/build/ffw_teleop/prefix_override:/usr/lib/python3/dist-packages/colcon_core/task/python/colcon_distutils_commands:/root/workspaces/ros2_ws/install/ffw_teleop/lib/python3.12/site-packages:${PYTHONPATH} /usr/bin/python3 -W ignore:setup.py install is deprecated -W ignore:easy_install command is deprecated setup.py egg_info --egg-base ../../../build/ffw_teleop build --build-base /root/workspaces/ros2_ws/build/ffw_teleop/build install --record /root/workspaces/ros2_ws/build/ffw_teleop/install.log --install-scripts $base/lib/ffw_teleop --single-version-externally-managed install_data
[21.452s] Level 1:colcon.colcon_core.environment:checking '/root/workspaces/ros2_ws/install/ffw_teleop' for CMake config files
[21.469s] Level 1:colcon.colcon_core.environment:checking '/root/workspaces/ros2_ws/install/ffw_teleop/lib'
[21.470s] Level 1:colcon.colcon_core.environment:checking '/root/workspaces/ros2_ws/install/ffw_teleop/bin'
[21.475s] Level 1:colcon.colcon_core.environment:checking '/root/workspaces/ros2_ws/install/ffw_teleop/lib/pkgconfig/ffw_teleop.pc'
[21.479s] Level 1:colcon.colcon_core.environment:checking '/root/workspaces/ros2_ws/install/ffw_teleop/lib/python3.12/site-packages'
[21.479s] Level 1:colcon.colcon_core.shell:create_environment_hook('ffw_teleop', 'pythonpath')
[21.479s] INFO:colcon.colcon_core.shell:Creating environment hook '/root/workspaces/ros2_ws/install/ffw_teleop/share/ffw_teleop/hook/pythonpath.ps1'
[21.497s] INFO:colcon.colcon_core.shell:Creating environment descriptor '/root/workspaces/ros2_ws/install/ffw_teleop/share/ffw_teleop/hook/pythonpath.dsv'
[21.546s] INFO:colcon.colcon_core.shell:Creating environment hook '/root/workspaces/ros2_ws/install/ffw_teleop/share/ffw_teleop/hook/pythonpath.sh'
[21.561s] Level 1:colcon.colcon_core.environment:checking '/root/workspaces/ros2_ws/install/ffw_teleop/bin'
[21.561s] Level 1:colcon.colcon_core.environment:create_environment_scripts_only(ffw_teleop)
[21.561s] INFO:colcon.colcon_core.shell:Creating package script '/root/workspaces/ros2_ws/install/ffw_teleop/share/ffw_teleop/package.ps1'
[21.584s] INFO:colcon.colcon_core.shell:Creating package descriptor '/root/workspaces/ros2_ws/install/ffw_teleop/share/ffw_teleop/package.dsv'
[21.595s] INFO:colcon.colcon_core.shell:Creating package script '/root/workspaces/ros2_ws/install/ffw_teleop/share/ffw_teleop/package.sh'
[21.648s] INFO:colcon.colcon_core.shell:Creating package script '/root/workspaces/ros2_ws/install/ffw_teleop/share/ffw_teleop/package.bash'
[21.662s] INFO:colcon.colcon_core.shell:Creating package script '/root/workspaces/ros2_ws/install/ffw_teleop/share/ffw_teleop/package.zsh'
[21.674s] Level 1:colcon.colcon_core.environment:create_file_with_runtime_dependencies(/root/workspaces/ros2_ws/install/ffw_teleop/share/colcon-core/packages/ffw_teleop)
[21.737s] INFO:colcon.colcon_ros.task.ament_python.build:Building ROS package in '/root/workspaces/ros2_ws/src/ai-worker-sim/human_detector' with build type 'ament_python'
[21.738s] Level 1:colcon.colcon_core.shell:create_environment_hook('human_detector', 'ament_prefix_path')
[21.738s] INFO:colcon.colcon_core.shell:Creating environment hook '/root/workspaces/ros2_ws/install/human_detector/share/human_detector/hook/ament_prefix_path.ps1'
[21.768s] INFO:colcon.colcon_core.shell:Creating environment descriptor '/root/workspaces/ros2_ws/install/human_detector/share/human_detector/hook/ament_prefix_path.dsv'
[21.780s] INFO:colcon.colcon_core.shell:Creating environment hook '/root/workspaces/ros2_ws/install/human_detector/share/human_detector/hook/ament_prefix_path.sh'
[21.794s] INFO:colcon.colcon_core.shell:Skip shell extension 'powershell' for command environment: Not usable outside of PowerShell
[21.794s] DEBUG:colcon.colcon_core.shell:Skip shell extension 'dsv' for command environment
[22.655s] INFO:colcon.colcon_core.task.python.build:Building Python package in '/root/workspaces/ros2_ws/src/ai-worker-sim/human_detector'
[22.655s] INFO:colcon.colcon_core.shell:Skip shell extension 'powershell' for command environment: Not usable outside of PowerShell
[22.655s] DEBUG:colcon.colcon_core.shell:Skip shell extension 'dsv' for command environment
[24.171s] Level 1:colcon.colcon_core.environment:create_environment_scripts_only(ffw_description)
[24.172s] Level 1:colcon.colcon_core.environment:checking '/root/workspaces/ros2_ws/install/ffw_description' for CMake module files
[24.171s] DEBUG:colcon.colcon_core.event_handler.log_command:Invoked command in '/root/workspaces/ros2_ws/build/ffw_description' returned '0': CMAKE_PREFIX_PATH=${CMAKE_PREFIX_PATH}:/root/workspaces/ros2_ws/install/human_detector:/root/workspaces/ros2_ws/install/ffw_teleop:/root/workspaces/ros2_ws/install/ffw_bringup:/opt/ros/jazzy /usr/bin/cmake --install /root/workspaces/ros2_ws/build/ffw_description
[24.184s] Level 1:colcon.colcon_core.environment:checking '/root/workspaces/ros2_ws/install/ffw_description' for CMake config files
[24.249s] Level 1:colcon.colcon_core.shell:create_environment_hook('ffw_description', 'cmake_prefix_path')
[24.250s] INFO:colcon.colcon_core.shell:Creating environment hook '/root/workspaces/ros2_ws/install/ffw_description/share/ffw_description/hook/cmake_prefix_path.ps1'
[24.269s] INFO:colcon.colcon_core.shell:Creating environment descriptor '/root/workspaces/ros2_ws/install/ffw_description/share/ffw_description/hook/cmake_prefix_path.dsv'
[24.282s] INFO:colcon.colcon_core.shell:Creating environment hook '/root/workspaces/ros2_ws/install/ffw_description/share/ffw_description/hook/cmake_prefix_path.sh'
[24.351s] Level 1:colcon.colcon_core.environment:checking '/root/workspaces/ros2_ws/install/ffw_description/bin'
[24.351s] Level 1:colcon.colcon_core.environment:checking '/root/workspaces/ros2_ws/install/ffw_description/lib/pkgconfig/ffw_description.pc'
[24.352s] Level 1:colcon.colcon_core.environment:checking '/root/workspaces/ros2_ws/install/ffw_description/lib/python3.12/site-packages'
[24.352s] Level 1:colcon.colcon_core.environment:checking '/root/workspaces/ros2_ws/install/ffw_description/bin'
[24.352s] INFO:colcon.colcon_core.shell:Creating package script '/root/workspaces/ros2_ws/install/ffw_description/share/ffw_description/package.ps1'
[24.364s] INFO:colcon.colcon_core.shell:Creating package descriptor '/root/workspaces/ros2_ws/install/ffw_description/share/ffw_description/package.dsv'
[24.377s] INFO:colcon.colcon_core.shell:Creating package script '/root/workspaces/ros2_ws/install/ffw_description/share/ffw_description/package.sh'
[24.388s] INFO:colcon.colcon_core.shell:Creating package script '/root/workspaces/ros2_ws/install/ffw_description/share/ffw_description/package.bash'
[24.437s] INFO:colcon.colcon_core.shell:Creating package script '/root/workspaces/ros2_ws/install/ffw_description/share/ffw_description/package.zsh'
[24.448s] Level 1:colcon.colcon_core.environment:create_file_with_runtime_dependencies(/root/workspaces/ros2_ws/install/ffw_description/share/colcon-core/packages/ffw_description)
[24.468s] Level 1:colcon.colcon_core.environment:create_environment_scripts_only(ffw_description)
[24.469s] Level 1:colcon.colcon_core.environment:checking '/root/workspaces/ros2_ws/install/ffw_description' for CMake module files
[24.473s] Level 1:colcon.colcon_core.environment:checking '/root/workspaces/ros2_ws/install/ffw_description' for CMake config files
[24.493s] Level 1:colcon.colcon_core.shell:create_environment_hook('ffw_description', 'cmake_prefix_path')
[24.493s] INFO:colcon.colcon_core.shell:Creating environment hook '/root/workspaces/ros2_ws/install/ffw_description/share/ffw_description/hook/cmake_prefix_path.ps1'
[24.548s] INFO:colcon.colcon_core.shell:Creating environment descriptor '/root/workspaces/ros2_ws/install/ffw_description/share/ffw_description/hook/cmake_prefix_path.dsv'
[24.561s] INFO:colcon.colcon_core.shell:Creating environment hook '/root/workspaces/ros2_ws/install/ffw_description/share/ffw_description/hook/cmake_prefix_path.sh'
[24.576s] Level 1:colcon.colcon_core.environment:checking '/root/workspaces/ros2_ws/install/ffw_description/bin'
[24.576s] Level 1:colcon.colcon_core.environment:checking '/root/workspaces/ros2_ws/install/ffw_description/lib/pkgconfig/ffw_description.pc'
[24.577s] Level 1:colcon.colcon_core.environment:checking '/root/workspaces/ros2_ws/install/ffw_description/lib/python3.12/site-packages'
[24.577s] Level 1:colcon.colcon_core.environment:checking '/root/workspaces/ros2_ws/install/ffw_description/bin'
[24.577s] INFO:colcon.colcon_core.shell:Creating package script '/root/workspaces/ros2_ws/install/ffw_description/share/ffw_description/package.ps1'
[24.593s] INFO:colcon.colcon_core.shell:Creating package descriptor '/root/workspaces/ros2_ws/install/ffw_description/share/ffw_description/package.dsv'
[24.641s] INFO:colcon.colcon_core.shell:Creating package script '/root/workspaces/ros2_ws/install/ffw_description/share/ffw_description/package.sh'
[24.655s] INFO:colcon.colcon_core.shell:Creating package script '/root/workspaces/ros2_ws/install/ffw_description/share/ffw_description/package.bash'
[24.669s] INFO:colcon.colcon_core.shell:Creating package script '/root/workspaces/ros2_ws/install/ffw_description/share/ffw_description/package.zsh'
[24.683s] Level 1:colcon.colcon_core.environment:create_file_with_runtime_dependencies(/root/workspaces/ros2_ws/install/ffw_description/share/colcon-core/packages/ffw_description)
[24.741s] INFO:colcon.colcon_ros.task.ament_cmake.build:Building ROS package in '/root/workspaces/ros2_ws/src/ai-worker-sim/library_world' with build type 'ament_cmake'
[24.741s] INFO:colcon.colcon_cmake.task.cmake.build:Building CMake package in '/root/workspaces/ros2_ws/src/ai-worker-sim/library_world'
[24.741s] INFO:colcon.colcon_core.shell:Skip shell extension 'powershell' for command environment: Not usable outside of PowerShell
[24.741s] DEBUG:colcon.colcon_core.shell:Skip shell extension 'dsv' for command environment
[24.943s] DEBUG:colcon.colcon_core.task.python.build:Available setuptools commands: install_data, install_headers, bdist_wheel, bdist_egg, install, extract_messages, symlink_data, register, upload_docs, alias, build_py, build_clib, setopt, rotate, clean, update_catalog, dist_info, install_lib, build, bdist, egg_info, test, init_catalog, sdist, editable_wheel, check, install_egg_info, easy_install, bdist_rpm, saveopts, build_ext, install_scripts, upload, build_scripts, develop, compile_catalog, bdist_dumb
[24.955s] DEBUG:colcon.colcon_core.event_handler.log_command:Invoking command in '/root/workspaces/ros2_ws/build/library_world': CMAKE_PREFIX_PATH=${CMAKE_PREFIX_PATH}:/root/workspaces/ros2_ws/install/human_detector:/root/workspaces/ros2_ws/install/ffw_teleop:/root/workspaces/ros2_ws/install/ffw_bringup:/opt/ros/jazzy /usr/bin/cmake /root/workspaces/ros2_ws/src/ai-worker-sim/library_world -DCMAKE_INSTALL_PREFIX=/root/workspaces/ros2_ws/install/library_world
[24.986s] DEBUG:colcon.colcon_core.event_handler.log_command:Invoking command in '/root/workspaces/ros2_ws/src/ai-worker-sim/human_detector': PYTHONPATH=/root/workspaces/ros2_ws/build/human_detector/prefix_override:/usr/lib/python3/dist-packages/colcon_core/task/python/colcon_distutils_commands:/root/workspaces/ros2_ws/install/human_detector/lib/python3.12/site-packages:${PYTHONPATH} /usr/bin/python3 -W ignore:setup.py install is deprecated -W ignore:easy_install command is deprecated setup.py egg_info --egg-base ../../../build/human_detector build --build-base /root/workspaces/ros2_ws/build/human_detector/build install --record /root/workspaces/ros2_ws/build/human_detector/install.log --install-scripts $base/lib/human_detector --single-version-externally-managed install_data
[28.450s] Level 1:colcon.colcon_core.environment:checking '/root/workspaces/ros2_ws/install/human_detector' for CMake module files
[28.450s] DEBUG:colcon.colcon_core.event_handler.log_command:Invoked command in '/root/workspaces/ros2_ws/src/ai-worker-sim/human_detector' returned '0': PYTHONPATH=/root/workspaces/ros2_ws/build/human_detector/prefix_override:/usr/lib/python3/dist-packages/colcon_core/task/python/colcon_distutils_commands:/root/workspaces/ros2_ws/install/human_detector/lib/python3.12/site-packages:${PYTHONPATH} /usr/bin/python3 -W ignore:setup.py install is deprecated -W ignore:easy_install command is deprecated setup.py egg_info --egg-base ../../../build/human_detector build --build-base /root/workspaces/ros2_ws/build/human_detector/build install --record /root/workspaces/ros2_ws/build/human_detector/install.log --install-scripts $base/lib/human_detector --single-version-externally-managed install_data
[28.463s] Level 1:colcon.colcon_core.environment:checking '/root/workspaces/ros2_ws/install/human_detector' for CMake config files
[28.547s] Level 1:colcon.colcon_core.environment:checking '/root/workspaces/ros2_ws/install/human_detector/lib'
[28.548s] Level 1:colcon.colcon_core.environment:checking '/root/workspaces/ros2_ws/install/human_detector/bin'
[28.557s] Level 1:colcon.colcon_core.environment:checking '/root/workspaces/ros2_ws/install/human_detector/lib/pkgconfig/human_detector.pc'
[28.558s] Level 1:colcon.colcon_core.environment:checking '/root/workspaces/ros2_ws/install/human_detector/lib/python3.12/site-packages'
[28.566s] Level 1:colcon.colcon_core.shell:create_environment_hook('human_detector', 'pythonpath')
[28.567s] INFO:colcon.colcon_core.shell:Creating environment hook '/root/workspaces/ros2_ws/install/human_detector/share/human_detector/hook/pythonpath.ps1'
[28.580s] INFO:colcon.colcon_core.shell:Creating environment descriptor '/root/workspaces/ros2_ws/install/human_detector/share/human_detector/hook/pythonpath.dsv'
[28.591s] INFO:colcon.colcon_core.shell:Creating environment hook '/root/workspaces/ros2_ws/install/human_detector/share/human_detector/hook/pythonpath.sh'
[28.638s] Level 1:colcon.colcon_core.environment:checking '/root/workspaces/ros2_ws/install/human_detector/bin'
[28.638s] Level 1:colcon.colcon_core.environment:create_environment_scripts_only(human_detector)
[28.638s] INFO:colcon.colcon_core.shell:Creating package script '/root/workspaces/ros2_ws/install/human_detector/share/human_detector/package.ps1'
[28.651s] INFO:colcon.colcon_core.shell:Creating package descriptor '/root/workspaces/ros2_ws/install/human_detector/share/human_detector/package.dsv'
[28.664s] INFO:colcon.colcon_core.shell:Creating package script '/root/workspaces/ros2_ws/install/human_detector/share/human_detector/package.sh'
[28.684s] INFO:colcon.colcon_core.shell:Creating package script '/root/workspaces/ros2_ws/install/human_detector/share/human_detector/package.bash'
[28.737s] INFO:colcon.colcon_core.shell:Creating package script '/root/workspaces/ros2_ws/install/human_detector/share/human_detector/package.zsh'
[28.751s] Level 1:colcon.colcon_core.environment:create_file_with_runtime_dependencies(/root/workspaces/ros2_ws/install/human_detector/share/colcon-core/packages/human_detector)
[28.774s] INFO:colcon.colcon_ros.task.ament_cmake.build:Building ROS package in '/root/workspaces/ros2_ws/src/Gazebo_worlds/warehouse_worlds' with build type 'ament_cmake'
[28.774s] INFO:colcon.colcon_cmake.task.cmake.build:Building CMake package in '/root/workspaces/ros2_ws/src/Gazebo_worlds/warehouse_worlds'
[28.783s] INFO:colcon.colcon_core.shell:Skip shell extension 'powershell' for command environment: Not usable outside of PowerShell
[28.783s] DEBUG:colcon.colcon_core.shell:Skip shell extension 'dsv' for command environment
[29.079s] DEBUG:colcon.colcon_core.event_handler.log_command:Invoking command in '/root/workspaces/ros2_ws/build/warehouse_worlds': CMAKE_PREFIX_PATH=${CMAKE_PREFIX_PATH}:/root/workspaces/ros2_ws/install/human_detector:/root/workspaces/ros2_ws/install/ffw_teleop:/root/workspaces/ros2_ws/install/ffw_bringup:/opt/ros/jazzy /usr/bin/cmake /root/workspaces/ros2_ws/src/Gazebo_worlds/warehouse_worlds -DCMAKE_INSTALL_PREFIX=/root/workspaces/ros2_ws/install/warehouse_worlds
[30.137s] DEBUG:colcon.colcon_core.event_handler.log_command:Invoked command in '/root/workspaces/ros2_ws/build/ffw_navigation' returned '0': CMAKE_PREFIX_PATH=${CMAKE_PREFIX_PATH}:/root/workspaces/ros2_ws/install/human_detector:/root/workspaces/ros2_ws/install/ffw_teleop:/root/workspaces/ros2_ws/install/ffw_bringup:/opt/ros/jazzy /usr/bin/cmake --build /root/workspaces/ros2_ws/build/ffw_navigation -- -j4 -l4
[30.141s] DEBUG:colcon.colcon_core.event_handler.log_command:Invoking command in '/root/workspaces/ros2_ws/build/ffw_navigation': CMAKE_PREFIX_PATH=${CMAKE_PREFIX_PATH}:/root/workspaces/ros2_ws/install/human_detector:/root/workspaces/ros2_ws/install/ffw_teleop:/root/workspaces/ros2_ws/install/ffw_bringup:/opt/ros/jazzy /usr/bin/cmake --install /root/workspaces/ros2_ws/build/ffw_navigation
[33.570s] Level 1:colcon.colcon_core.environment:create_environment_scripts_only(ffw_navigation)
[33.570s] Level 1:colcon.colcon_core.environment:checking '/root/workspaces/ros2_ws/install/ffw_navigation' for CMake module files
[33.571s] DEBUG:colcon.colcon_core.event_handler.log_command:Invoked command in '/root/workspaces/ros2_ws/build/ffw_navigation' returned '0': CMAKE_PREFIX_PATH=${CMAKE_PREFIX_PATH}:/root/workspaces/ros2_ws/install/human_detector:/root/workspaces/ros2_ws/install/ffw_teleop:/root/workspaces/ros2_ws/install/ffw_bringup:/opt/ros/jazzy /usr/bin/cmake --install /root/workspaces/ros2_ws/build/ffw_navigation
[33.584s] Level 1:colcon.colcon_core.environment:checking '/root/workspaces/ros2_ws/install/ffw_navigation' for CMake config files
[33.656s] Level 1:colcon.colcon_core.shell:create_environment_hook('ffw_navigation', 'cmake_prefix_path')
[33.656s] INFO:colcon.colcon_core.shell:Creating environment hook '/root/workspaces/ros2_ws/install/ffw_navigation/share/ffw_navigation/hook/cmake_prefix_path.ps1'
[33.680s] INFO:colcon.colcon_core.shell:Creating environment descriptor '/root/workspaces/ros2_ws/install/ffw_navigation/share/ffw_navigation/hook/cmake_prefix_path.dsv'
[33.737s] INFO:colcon.colcon_core.shell:Creating environment hook '/root/workspaces/ros2_ws/install/ffw_navigation/share/ffw_navigation/hook/cmake_prefix_path.sh'
[33.755s] Level 1:colcon.colcon_core.environment:checking '/root/workspaces/ros2_ws/install/ffw_navigation/lib'
[33.755s] Level 1:colcon.colcon_core.shell:create_environment_hook('ffw_navigation', 'ld_library_path_lib')
[33.765s] INFO:colcon.colcon_core.shell:Creating environment hook '/root/workspaces/ros2_ws/install/ffw_navigation/share/ffw_navigation/hook/ld_library_path_lib.ps1'
[33.786s] INFO:colcon.colcon_core.shell:Creating environment descriptor '/root/workspaces/ros2_ws/install/ffw_navigation/share/ffw_navigation/hook/ld_library_path_lib.dsv'
[33.842s] INFO:colcon.colcon_core.shell:Creating environment hook '/root/workspaces/ros2_ws/install/ffw_navigation/share/ffw_navigation/hook/ld_library_path_lib.sh'
[33.865s] Level 1:colcon.colcon_core.environment:checking '/root/workspaces/ros2_ws/install/ffw_navigation/bin'
[33.873s] Level 1:colcon.colcon_core.environment:checking '/root/workspaces/ros2_ws/install/ffw_navigation/lib/pkgconfig/ffw_navigation.pc'
[33.875s] Level 1:colcon.colcon_core.environment:checking '/root/workspaces/ros2_ws/install/ffw_navigation/lib/python3.12/site-packages'
[33.887s] Level 1:colcon.colcon_core.environment:checking '/root/workspaces/ros2_ws/install/ffw_navigation/bin'
[33.895s] INFO:colcon.colcon_core.shell:Creating package script '/root/workspaces/ros2_ws/install/ffw_navigation/share/ffw_navigation/package.ps1'
[33.945s] INFO:colcon.colcon_core.shell:Creating package descriptor '/root/workspaces/ros2_ws/install/ffw_navigation/share/ffw_navigation/package.dsv'
[33.964s] INFO:colcon.colcon_core.shell:Creating package script '/root/workspaces/ros2_ws/install/ffw_navigation/share/ffw_navigation/package.sh'
[33.977s] INFO:colcon.colcon_core.shell:Creating package script '/root/workspaces/ros2_ws/install/ffw_navigation/share/ffw_navigation/package.bash'
[33.990s] INFO:colcon.colcon_core.shell:Creating package script '/root/workspaces/ros2_ws/install/ffw_navigation/share/ffw_navigation/package.zsh'
[34.041s] Level 1:colcon.colcon_core.environment:create_file_with_runtime_dependencies(/root/workspaces/ros2_ws/install/ffw_navigation/share/colcon-core/packages/ffw_navigation)
[34.073s] Level 1:colcon.colcon_core.environment:create_environment_scripts_only(ffw_navigation)
[34.078s] Level 1:colcon.colcon_core.environment:checking '/root/workspaces/ros2_ws/install/ffw_navigation' for CMake module files
[34.084s] Level 1:colcon.colcon_core.environment:checking '/root/workspaces/ros2_ws/install/ffw_navigation' for CMake config files
[34.144s] Level 1:colcon.colcon_core.shell:create_environment_hook('ffw_navigation', 'cmake_prefix_path')
[34.145s] INFO:colcon.colcon_core.shell:Creating environment hook '/root/workspaces/ros2_ws/install/ffw_navigation/share/ffw_navigation/hook/cmake_prefix_path.ps1'
[34.162s] INFO:colcon.colcon_core.shell:Creating environment descriptor '/root/workspaces/ros2_ws/install/ffw_navigation/share/ffw_navigation/hook/cmake_prefix_path.dsv'
[34.175s] INFO:colcon.colcon_core.shell:Creating environment hook '/root/workspaces/ros2_ws/install/ffw_navigation/share/ffw_navigation/hook/cmake_prefix_path.sh'
[34.191s] Level 1:colcon.colcon_core.environment:checking '/root/workspaces/ros2_ws/install/ffw_navigation/lib'
[34.192s] Level 1:colcon.colcon_core.shell:create_environment_hook('ffw_navigation', 'ld_library_path_lib')
[34.237s] INFO:colcon.colcon_core.shell:Creating environment hook '/root/workspaces/ros2_ws/install/ffw_navigation/share/ffw_navigation/hook/ld_library_path_lib.ps1'
[34.260s] INFO:colcon.colcon_core.shell:Creating environment descriptor '/root/workspaces/ros2_ws/install/ffw_navigation/share/ffw_navigation/hook/ld_library_path_lib.dsv'
[34.281s] INFO:colcon.colcon_core.shell:Creating environment hook '/root/workspaces/ros2_ws/install/ffw_navigation/share/ffw_navigation/hook/ld_library_path_lib.sh'
[34.294s] Level 1:colcon.colcon_core.environment:checking '/root/workspaces/ros2_ws/install/ffw_navigation/bin'
[34.294s] Level 1:colcon.colcon_core.environment:checking '/root/workspaces/ros2_ws/install/ffw_navigation/lib/pkgconfig/ffw_navigation.pc'
[34.294s] Level 1:colcon.colcon_core.environment:checking '/root/workspaces/ros2_ws/install/ffw_navigation/lib/python3.12/site-packages'
[34.294s] Level 1:colcon.colcon_core.environment:checking '/root/workspaces/ros2_ws/install/ffw_navigation/bin'
[34.294s] INFO:colcon.colcon_core.shell:Creating package script '/root/workspaces/ros2_ws/install/ffw_navigation/share/ffw_navigation/package.ps1'
[34.353s] INFO:colcon.colcon_core.shell:Creating package descriptor '/root/workspaces/ros2_ws/install/ffw_navigation/share/ffw_navigation/package.dsv'
[34.369s] INFO:colcon.colcon_core.shell:Creating package script '/root/workspaces/ros2_ws/install/ffw_navigation/share/ffw_navigation/package.sh'
[34.385s] INFO:colcon.colcon_core.shell:Creating package script '/root/workspaces/ros2_ws/install/ffw_navigation/share/ffw_navigation/package.bash'
[34.403s] INFO:colcon.colcon_core.shell:Creating package script '/root/workspaces/ros2_ws/install/ffw_navigation/share/ffw_navigation/package.zsh'
[34.442s] Level 1:colcon.colcon_core.environment:create_file_with_runtime_dependencies(/root/workspaces/ros2_ws/install/ffw_navigation/share/colcon-core/packages/ffw_navigation)
[34.459s] INFO:colcon.colcon_ros.task.ament_python.build:Building ROS package in '/root/workspaces/ros2_ws/src/ai-worker-sim/ffw_bringup' with build type 'ament_python'
[34.459s] Level 1:colcon.colcon_core.shell:create_environment_hook('ffw_bringup', 'ament_prefix_path')
[34.459s] INFO:colcon.colcon_core.shell:Creating environment hook '/root/workspaces/ros2_ws/install/ffw_bringup/share/ffw_bringup/hook/ament_prefix_path.ps1'
[34.554s] INFO:colcon.colcon_core.shell:Creating environment descriptor '/root/workspaces/ros2_ws/install/ffw_bringup/share/ffw_bringup/hook/ament_prefix_path.dsv'
[34.568s] INFO:colcon.colcon_core.shell:Creating environment hook '/root/workspaces/ros2_ws/install/ffw_bringup/share/ffw_bringup/hook/ament_prefix_path.sh'
[34.581s] INFO:colcon.colcon_core.shell:Skip shell extension 'powershell' for command environment: Not usable outside of PowerShell
[34.581s] DEBUG:colcon.colcon_core.shell:Skip shell extension 'dsv' for command environment
[34.744s] DEBUG:colcon.colcon_core.event_handler.log_command:Invoked command in '/root/workspaces/ros2_ws/build/ffw_swerve_drive_controller' returned '0': CMAKE_PREFIX_PATH=${CMAKE_PREFIX_PATH}:/root/workspaces/ros2_ws/install/human_detector:/root/workspaces/ros2_ws/install/ffw_teleop:/root/workspaces/ros2_ws/install/ffw_bringup:/opt/ros/jazzy /usr/bin/cmake /root/workspaces/ros2_ws/src/ai-worker-sim/ffw_swerve_drive_controller -DCMAKE_INSTALL_PREFIX=/root/workspaces/ros2_ws/install/ffw_swerve_drive_controller
[34.767s] DEBUG:colcon.colcon_core.event_handler.log_command:Invoking command in '/root/workspaces/ros2_ws/build/ffw_swerve_drive_controller': CMAKE_PREFIX_PATH=${CMAKE_PREFIX_PATH}:/root/workspaces/ros2_ws/install/human_detector:/root/workspaces/ros2_ws/install/ffw_teleop:/root/workspaces/ros2_ws/install/ffw_bringup:/opt/ros/jazzy /usr/bin/cmake --build /root/workspaces/ros2_ws/build/ffw_swerve_drive_controller -- -j4 -l4
[35.440s] INFO:colcon.colcon_core.task.python.build:Building Python package in '/root/workspaces/ros2_ws/src/ai-worker-sim/ffw_bringup'
[35.440s] INFO:colcon.colcon_core.shell:Skip shell extension 'powershell' for command environment: Not usable outside of PowerShell
[35.452s] DEBUG:colcon.colcon_core.shell:Skip shell extension 'dsv' for command environment
[37.859s] DEBUG:colcon.colcon_core.task.python.build:Available setuptools commands: install_data, install_headers, bdist_wheel, bdist_egg, install, extract_messages, symlink_data, register, upload_docs, alias, build_py, build_clib, setopt, rotate, clean, update_catalog, dist_info, install_lib, build, bdist, egg_info, test, init_catalog, sdist, editable_wheel, check, install_egg_info, easy_install, bdist_rpm, saveopts, build_ext, install_scripts, upload, build_scripts, develop, compile_catalog, bdist_dumb
[37.943s] DEBUG:colcon.colcon_core.event_handler.log_command:Invoking command in '/root/workspaces/ros2_ws/src/ai-worker-sim/ffw_bringup': CMAKE_PREFIX_PATH=/root/workspaces/ros2_ws/install/ffw_description:/root/workspaces/ros2_ws/install/warehouse_worlds:/root/workspaces/ros2_ws/install/library_world:/root/workspaces/ros2_ws/install/ffw_swerve_drive_controller:/root/workspaces/ros2_ws/install/ffw_navigation:/root/workspaces/ros2_ws/install/ffw_moveit_config:/root/workspaces/turtlebot_ws/install/turtlebot3_simulations:/root/workspaces/turtlebot_ws/install/turtlebot3_gazebo:/root/workspaces/turtlebot_ws/install/turtlebot3_fake_node:/opt/ros/jazzy/opt/gz_sim_vendor:/opt/ros/jazzy/opt/gz_sensors_vendor:/opt/ros/jazzy/opt/gz_physics_vendor:/opt/ros/jazzy/opt/sdformat_vendor:/opt/ros/jazzy/opt/gz_gui_vendor:/opt/ros/jazzy/opt/gz_transport_vendor:/opt/ros/jazzy/opt/gz_rendering_vendor:/opt/ros/jazzy/opt/gz_plugin_vendor:/opt/ros/jazzy/opt/gz_fuel_tools_vendor:/opt/ros/jazzy/opt/gz_msgs_vendor:/opt/ros/jazzy/opt/gz_common_vendor:/opt/ros/jazzy/opt/gz_math_vendor:/opt/ros/jazzy/opt/gz_utils_vendor:/opt/ros/jazzy/opt/gz_tools_vendor:/opt/ros/jazzy/opt/gz_ogre_next_vendor:/opt/ros/jazzy/opt/gz_dartsim_vendor:/opt/ros/jazzy/opt/gz_cmake_vendor PYTHONPATH=/root/workspaces/ros2_ws/build/ffw_bringup/prefix_override:/usr/lib/python3/dist-packages/colcon_core/task/python/colcon_distutils_commands:/root/workspaces/ros2_ws/install/ffw_bringup/lib/python3.12/site-packages:${PYTHONPATH} /usr/bin/python3 -W ignore:setup.py install is deprecated -W ignore:easy_install command is deprecated setup.py egg_info --egg-base ../../../build/ffw_bringup build --build-base /root/workspaces/ros2_ws/build/ffw_bringup/build install --record /root/workspaces/ros2_ws/build/ffw_bringup/install.log --install-scripts $base/lib/ffw_bringup --single-version-externally-managed install_data
[39.259s] DEBUG:colcon.colcon_core.event_handler.log_command:Invoked command in '/root/workspaces/ros2_ws/build/library_world' returned '0': CMAKE_PREFIX_PATH=${CMAKE_PREFIX_PATH}:/root/workspaces/ros2_ws/install/human_detector:/root/workspaces/ros2_ws/install/ffw_teleop:/root/workspaces/ros2_ws/install/ffw_bringup:/opt/ros/jazzy /usr/bin/cmake /root/workspaces/ros2_ws/src/ai-worker-sim/library_world -DCMAKE_INSTALL_PREFIX=/root/workspaces/ros2_ws/install/library_world
[39.283s] DEBUG:colcon.colcon_core.event_handler.log_command:Invoking command in '/root/workspaces/ros2_ws/build/library_world': CMAKE_PREFIX_PATH=${CMAKE_PREFIX_PATH}:/root/workspaces/ros2_ws/install/human_detector:/root/workspaces/ros2_ws/install/ffw_teleop:/root/workspaces/ros2_ws/install/ffw_bringup:/opt/ros/jazzy /usr/bin/cmake --build /root/workspaces/ros2_ws/build/library_world -- -j4 -l4
[39.679s] DEBUG:colcon.colcon_core.event_handler.log_command:Invoked command in '/root/workspaces/ros2_ws/build/library_world' returned '0': CMAKE_PREFIX_PATH=${CMAKE_PREFIX_PATH}:/root/workspaces/ros2_ws/install/human_detector:/root/workspaces/ros2_ws/install/ffw_teleop:/root/workspaces/ros2_ws/install/ffw_bringup:/opt/ros/jazzy /usr/bin/cmake --build /root/workspaces/ros2_ws/build/library_world -- -j4 -l4
[39.737s] DEBUG:colcon.colcon_core.event_handler.log_command:Invoking command in '/root/workspaces/ros2_ws/build/library_world': CMAKE_PREFIX_PATH=${CMAKE_PREFIX_PATH}:/root/workspaces/ros2_ws/install/human_detector:/root/workspaces/ros2_ws/install/ffw_teleop:/root/workspaces/ros2_ws/install/ffw_bringup:/opt/ros/jazzy /usr/bin/cmake --install /root/workspaces/ros2_ws/build/library_world
[41.144s] Level 1:colcon.colcon_core.environment:checking '/root/workspaces/ros2_ws/install/ffw_bringup' for CMake module files
[41.146s] DEBUG:colcon.colcon_core.event_handler.log_command:Invoked command in '/root/workspaces/ros2_ws/src/ai-worker-sim/ffw_bringup' returned '0': CMAKE_PREFIX_PATH=/root/workspaces/ros2_ws/install/ffw_description:/root/workspaces/ros2_ws/install/warehouse_worlds:/root/workspaces/ros2_ws/install/library_world:/root/workspaces/ros2_ws/install/ffw_swerve_drive_controller:/root/workspaces/ros2_ws/install/ffw_navigation:/root/workspaces/ros2_ws/install/ffw_moveit_config:/root/workspaces/turtlebot_ws/install/turtlebot3_simulations:/root/workspaces/turtlebot_ws/install/turtlebot3_gazebo:/root/workspaces/turtlebot_ws/install/turtlebot3_fake_node:/opt/ros/jazzy/opt/gz_sim_vendor:/opt/ros/jazzy/opt/gz_sensors_vendor:/opt/ros/jazzy/opt/gz_physics_vendor:/opt/ros/jazzy/opt/sdformat_vendor:/opt/ros/jazzy/opt/gz_gui_vendor:/opt/ros/jazzy/opt/gz_transport_vendor:/opt/ros/jazzy/opt/gz_rendering_vendor:/opt/ros/jazzy/opt/gz_plugin_vendor:/opt/ros/jazzy/opt/gz_fuel_tools_vendor:/opt/ros/jazzy/opt/gz_msgs_vendor:/opt/ros/jazzy/opt/gz_common_vendor:/opt/ros/jazzy/opt/gz_math_vendor:/opt/ros/jazzy/opt/gz_utils_vendor:/opt/ros/jazzy/opt/gz_tools_vendor:/opt/ros/jazzy/opt/gz_ogre_next_vendor:/opt/ros/jazzy/opt/gz_dartsim_vendor:/opt/ros/jazzy/opt/gz_cmake_vendor PYTHONPATH=/root/workspaces/ros2_ws/build/ffw_bringup/prefix_override:/usr/lib/python3/dist-packages/colcon_core/task/python/colcon_distutils_commands:/root/workspaces/ros2_ws/install/ffw_bringup/lib/python3.12/site-packages:${PYTHONPATH} /usr/bin/python3 -W ignore:setup.py install is deprecated -W ignore:easy_install command is deprecated setup.py egg_info --egg-base ../../../build/ffw_bringup build --build-base /root/workspaces/ros2_ws/build/ffw_bringup/build install --record /root/workspaces/ros2_ws/build/ffw_bringup/install.log --install-scripts $base/lib/ffw_bringup --single-version-externally-managed install_data
[41.157s] Level 1:colcon.colcon_core.environment:checking '/root/workspaces/ros2_ws/install/ffw_bringup' for CMake config files
[41.261s] Level 1:colcon.colcon_core.environment:checking '/root/workspaces/ros2_ws/install/ffw_bringup/lib'
[41.262s] Level 1:colcon.colcon_core.environment:checking '/root/workspaces/ros2_ws/install/ffw_bringup/bin'
[41.263s] Level 1:colcon.colcon_core.environment:checking '/root/workspaces/ros2_ws/install/ffw_bringup/lib/pkgconfig/ffw_bringup.pc'
[41.264s] Level 1:colcon.colcon_core.environment:checking '/root/workspaces/ros2_ws/install/ffw_bringup/lib/python3.12/site-packages'
[41.264s] Level 1:colcon.colcon_core.shell:create_environment_hook('ffw_bringup', 'pythonpath')
[41.265s] INFO:colcon.colcon_core.shell:Creating environment hook '/root/workspaces/ros2_ws/install/ffw_bringup/share/ffw_bringup/hook/pythonpath.ps1'
[41.285s] INFO:colcon.colcon_core.shell:Creating environment descriptor '/root/workspaces/ros2_ws/install/ffw_bringup/share/ffw_bringup/hook/pythonpath.dsv'
[41.341s] INFO:colcon.colcon_core.shell:Creating environment hook '/root/workspaces/ros2_ws/install/ffw_bringup/share/ffw_bringup/hook/pythonpath.sh'
[41.352s] Level 1:colcon.colcon_core.environment:checking '/root/workspaces/ros2_ws/install/ffw_bringup/bin'
[41.352s] Level 1:colcon.colcon_core.environment:create_environment_scripts_only(ffw_bringup)
[41.353s] INFO:colcon.colcon_core.shell:Creating package script '/root/workspaces/ros2_ws/install/ffw_bringup/share/ffw_bringup/package.ps1'
[41.371s] INFO:colcon.colcon_core.shell:Creating package descriptor '/root/workspaces/ros2_ws/install/ffw_bringup/share/ffw_bringup/package.dsv'
[41.397s] INFO:colcon.colcon_core.shell:Creating package script '/root/workspaces/ros2_ws/install/ffw_bringup/share/ffw_bringup/package.sh'
[41.452s] INFO:colcon.colcon_core.shell:Creating package script '/root/workspaces/ros2_ws/install/ffw_bringup/share/ffw_bringup/package.bash'
[41.467s] INFO:colcon.colcon_core.shell:Creating package script '/root/workspaces/ros2_ws/install/ffw_bringup/share/ffw_bringup/package.zsh'
[41.479s] Level 1:colcon.colcon_core.environment:create_file_with_runtime_dependencies(/root/workspaces/ros2_ws/install/ffw_bringup/share/colcon-core/packages/ffw_bringup)
[43.580s] DEBUG:colcon.colcon_core.event_handler.log_command:Invoked command in '/root/workspaces/ros2_ws/build/warehouse_worlds' returned '0': CMAKE_PREFIX_PATH=${CMAKE_PREFIX_PATH}:/root/workspaces/ros2_ws/install/human_detector:/root/workspaces/ros2_ws/install/ffw_teleop:/root/workspaces/ros2_ws/install/ffw_bringup:/opt/ros/jazzy /usr/bin/cmake /root/workspaces/ros2_ws/src/Gazebo_worlds/warehouse_worlds -DCMAKE_INSTALL_PREFIX=/root/workspaces/ros2_ws/install/warehouse_worlds
[43.583s] DEBUG:colcon.colcon_core.event_handler.log_command:Invoking command in '/root/workspaces/ros2_ws/build/warehouse_worlds': CMAKE_PREFIX_PATH=${CMAKE_PREFIX_PATH}:/root/workspaces/ros2_ws/install/human_detector:/root/workspaces/ros2_ws/install/ffw_teleop:/root/workspaces/ros2_ws/install/ffw_bringup:/opt/ros/jazzy /usr/bin/cmake --build /root/workspaces/ros2_ws/build/warehouse_worlds -- -j4 -l4
[43.854s] DEBUG:colcon.colcon_core.event_handler.log_command:Invoked command in '/root/workspaces/ros2_ws/build/warehouse_worlds' returned '0': CMAKE_PREFIX_PATH=${CMAKE_PREFIX_PATH}:/root/workspaces/ros2_ws/install/human_detector:/root/workspaces/ros2_ws/install/ffw_teleop:/root/workspaces/ros2_ws/install/ffw_bringup:/opt/ros/jazzy /usr/bin/cmake --build /root/workspaces/ros2_ws/build/warehouse_worlds -- -j4 -l4
[43.870s] DEBUG:colcon.colcon_core.event_handler.log_command:Invoking command in '/root/workspaces/ros2_ws/build/warehouse_worlds': CMAKE_PREFIX_PATH=${CMAKE_PREFIX_PATH}:/root/workspaces/ros2_ws/install/human_detector:/root/workspaces/ros2_ws/install/ffw_teleop:/root/workspaces/ros2_ws/install/ffw_bringup:/opt/ros/jazzy /usr/bin/cmake --install /root/workspaces/ros2_ws/build/warehouse_worlds
[50.352s] Level 1:colcon.colcon_core.environment:create_environment_scripts_only(library_world)
[50.353s] Level 1:colcon.colcon_core.environment:checking '/root/workspaces/ros2_ws/install/library_world' for CMake module files
[50.352s] DEBUG:colcon.colcon_core.event_handler.log_command:Invoked command in '/root/workspaces/ros2_ws/build/library_world' returned '0': CMAKE_PREFIX_PATH=${CMAKE_PREFIX_PATH}:/root/workspaces/ros2_ws/install/human_detector:/root/workspaces/ros2_ws/install/ffw_teleop:/root/workspaces/ros2_ws/install/ffw_bringup:/opt/ros/jazzy /usr/bin/cmake --install /root/workspaces/ros2_ws/build/library_world
[50.385s] Level 1:colcon.colcon_core.environment:checking '/root/workspaces/ros2_ws/install/library_world' for CMake config files
[50.591s] Level 1:colcon.colcon_core.shell:create_environment_hook('library_world', 'cmake_prefix_path')
[50.591s] INFO:colcon.colcon_core.shell:Creating environment hook '/root/workspaces/ros2_ws/install/library_world/share/library_world/hook/cmake_prefix_path.ps1'
[50.650s] INFO:colcon.colcon_core.shell:Creating environment descriptor '/root/workspaces/ros2_ws/install/library_world/share/library_world/hook/cmake_prefix_path.dsv'
[50.668s] INFO:colcon.colcon_core.shell:Creating environment hook '/root/workspaces/ros2_ws/install/library_world/share/library_world/hook/cmake_prefix_path.sh'
[50.685s] Level 1:colcon.colcon_core.environment:checking '/root/workspaces/ros2_ws/install/library_world/bin'
[50.685s] Level 1:colcon.colcon_core.environment:checking '/root/workspaces/ros2_ws/install/library_world/lib/pkgconfig/library_world.pc'
[50.685s] Level 1:colcon.colcon_core.environment:checking '/root/workspaces/ros2_ws/install/library_world/lib/python3.12/site-packages'
[50.686s] Level 1:colcon.colcon_core.environment:checking '/root/workspaces/ros2_ws/install/library_world/bin'
[50.686s] INFO:colcon.colcon_core.shell:Creating package script '/root/workspaces/ros2_ws/install/library_world/share/library_world/package.ps1'
[50.737s] INFO:colcon.colcon_core.shell:Creating package descriptor '/root/workspaces/ros2_ws/install/library_world/share/library_world/package.dsv'
[50.758s] INFO:colcon.colcon_core.shell:Creating package script '/root/workspaces/ros2_ws/install/library_world/share/library_world/package.sh'
[50.770s] INFO:colcon.colcon_core.shell:Creating package script '/root/workspaces/ros2_ws/install/library_world/share/library_world/package.bash'
[50.785s] INFO:colcon.colcon_core.shell:Creating package script '/root/workspaces/ros2_ws/install/library_world/share/library_world/package.zsh'
[50.851s] Level 1:colcon.colcon_core.environment:create_file_with_runtime_dependencies(/root/workspaces/ros2_ws/install/library_world/share/colcon-core/packages/library_world)
[50.874s] Level 1:colcon.colcon_core.environment:create_environment_scripts_only(library_world)
[50.874s] Level 1:colcon.colcon_core.environment:checking '/root/workspaces/ros2_ws/install/library_world' for CMake module files
[50.881s] Level 1:colcon.colcon_core.environment:checking '/root/workspaces/ros2_ws/install/library_world' for CMake config files
[50.970s] Level 1:colcon.colcon_core.shell:create_environment_hook('library_world', 'cmake_prefix_path')
[50.970s] INFO:colcon.colcon_core.shell:Creating environment hook '/root/workspaces/ros2_ws/install/library_world/share/library_world/hook/cmake_prefix_path.ps1'
[51.037s] INFO:colcon.colcon_core.shell:Creating environment descriptor '/root/workspaces/ros2_ws/install/library_world/share/library_world/hook/cmake_prefix_path.dsv'
[51.051s] INFO:colcon.colcon_core.shell:Creating environment hook '/root/workspaces/ros2_ws/install/library_world/share/library_world/hook/cmake_prefix_path.sh'
[51.067s] Level 1:colcon.colcon_core.environment:checking '/root/workspaces/ros2_ws/install/library_world/bin'
[51.068s] Level 1:colcon.colcon_core.environment:checking '/root/workspaces/ros2_ws/install/library_world/lib/pkgconfig/library_world.pc'
[51.068s] Level 1:colcon.colcon_core.environment:checking '/root/workspaces/ros2_ws/install/library_world/lib/python3.12/site-packages'
[51.068s] Level 1:colcon.colcon_core.environment:checking '/root/workspaces/ros2_ws/install/library_world/bin'
[51.078s] INFO:colcon.colcon_core.shell:Creating package script '/root/workspaces/ros2_ws/install/library_world/share/library_world/package.ps1'
[51.151s] INFO:colcon.colcon_core.shell:Creating package descriptor '/root/workspaces/ros2_ws/install/library_world/share/library_world/package.dsv'
[51.166s] INFO:colcon.colcon_core.shell:Creating package script '/root/workspaces/ros2_ws/install/library_world/share/library_world/package.sh'
[51.182s] INFO:colcon.colcon_core.shell:Creating package script '/root/workspaces/ros2_ws/install/library_world/share/library_world/package.bash'
[51.237s] INFO:colcon.colcon_core.shell:Creating package script '/root/workspaces/ros2_ws/install/library_world/share/library_world/package.zsh'
[51.251s] Level 1:colcon.colcon_core.environment:create_file_with_runtime_dependencies(/root/workspaces/ros2_ws/install/library_world/share/colcon-core/packages/library_world)
[72.692s] Level 1:colcon.colcon_core.environment:create_environment_scripts_only(warehouse_worlds)
[72.693s] Level 1:colcon.colcon_core.environment:checking '/root/workspaces/ros2_ws/install/warehouse_worlds' for CMake module files
[72.737s] DEBUG:colcon.colcon_core.event_handler.log_command:Invoked command in '/root/workspaces/ros2_ws/build/warehouse_worlds' returned '0': CMAKE_PREFIX_PATH=${CMAKE_PREFIX_PATH}:/root/workspaces/ros2_ws/install/human_detector:/root/workspaces/ros2_ws/install/ffw_teleop:/root/workspaces/ros2_ws/install/ffw_bringup:/opt/ros/jazzy /usr/bin/cmake --install /root/workspaces/ros2_ws/build/warehouse_worlds
[72.746s] Level 1:colcon.colcon_core.environment:checking '/root/workspaces/ros2_ws/install/warehouse_worlds' for CMake config files
[72.846s] Level 1:colcon.colcon_core.shell:create_environment_hook('warehouse_worlds', 'cmake_prefix_path')
[72.847s] INFO:colcon.colcon_core.shell:Creating environment hook '/root/workspaces/ros2_ws/install/warehouse_worlds/share/warehouse_worlds/hook/cmake_prefix_path.ps1'
[72.864s] INFO:colcon.colcon_core.shell:Creating environment descriptor '/root/workspaces/ros2_ws/install/warehouse_worlds/share/warehouse_worlds/hook/cmake_prefix_path.dsv'
[72.877s] INFO:colcon.colcon_core.shell:Creating environment hook '/root/workspaces/ros2_ws/install/warehouse_worlds/share/warehouse_worlds/hook/cmake_prefix_path.sh'
[72.889s] Level 1:colcon.colcon_core.environment:checking '/root/workspaces/ros2_ws/install/warehouse_worlds/bin'
[72.890s] Level 1:colcon.colcon_core.environment:checking '/root/workspaces/ros2_ws/install/warehouse_worlds/lib/pkgconfig/warehouse_worlds.pc'
[72.898s] Level 1:colcon.colcon_core.environment:checking '/root/workspaces/ros2_ws/install/warehouse_worlds/lib/python3.12/site-packages'
[72.898s] Level 1:colcon.colcon_core.environment:checking '/root/workspaces/ros2_ws/install/warehouse_worlds/bin'
[72.899s] INFO:colcon.colcon_core.shell:Creating package script '/root/workspaces/ros2_ws/install/warehouse_worlds/share/warehouse_worlds/package.ps1'
[72.941s] INFO:colcon.colcon_core.shell:Creating package descriptor '/root/workspaces/ros2_ws/install/warehouse_worlds/share/warehouse_worlds/package.dsv'
[72.959s] INFO:colcon.colcon_core.shell:Creating package script '/root/workspaces/ros2_ws/install/warehouse_worlds/share/warehouse_worlds/package.sh'
[72.970s] INFO:colcon.colcon_core.shell:Creating package script '/root/workspaces/ros2_ws/install/warehouse_worlds/share/warehouse_worlds/package.bash'
[72.982s] INFO:colcon.colcon_core.shell:Creating package script '/root/workspaces/ros2_ws/install/warehouse_worlds/share/warehouse_worlds/package.zsh'
[72.993s] Level 1:colcon.colcon_core.environment:create_file_with_runtime_dependencies(/root/workspaces/ros2_ws/install/warehouse_worlds/share/colcon-core/packages/warehouse_worlds)
[73.055s] Level 1:colcon.colcon_core.environment:create_environment_scripts_only(warehouse_worlds)
[73.055s] Level 1:colcon.colcon_core.environment:checking '/root/workspaces/ros2_ws/install/warehouse_worlds' for CMake module files
[73.060s] Level 1:colcon.colcon_core.environment:checking '/root/workspaces/ros2_ws/install/warehouse_worlds' for CMake config files
[73.160s] Level 1:colcon.colcon_core.shell:create_environment_hook('warehouse_worlds', 'cmake_prefix_path')
[73.160s] INFO:colcon.colcon_core.shell:Creating environment hook '/root/workspaces/ros2_ws/install/warehouse_worlds/share/warehouse_worlds/hook/cmake_prefix_path.ps1'
[73.183s] INFO:colcon.colcon_core.shell:Creating environment descriptor '/root/workspaces/ros2_ws/install/warehouse_worlds/share/warehouse_worlds/hook/cmake_prefix_path.dsv'
[73.242s] INFO:colcon.colcon_core.shell:Creating environment hook '/root/workspaces/ros2_ws/install/warehouse_worlds/share/warehouse_worlds/hook/cmake_prefix_path.sh'
[73.256s] Level 1:colcon.colcon_core.environment:checking '/root/workspaces/ros2_ws/install/warehouse_worlds/bin'
[73.256s] Level 1:colcon.colcon_core.environment:checking '/root/workspaces/ros2_ws/install/warehouse_worlds/lib/pkgconfig/warehouse_worlds.pc'
[73.257s] Level 1:colcon.colcon_core.environment:checking '/root/workspaces/ros2_ws/install/warehouse_worlds/lib/python3.12/site-packages'
[73.257s] Level 1:colcon.colcon_core.environment:checking '/root/workspaces/ros2_ws/install/warehouse_worlds/bin'
[73.257s] INFO:colcon.colcon_core.shell:Creating package script '/root/workspaces/ros2_ws/install/warehouse_worlds/share/warehouse_worlds/package.ps1'
[73.270s] INFO:colcon.colcon_core.shell:Creating package descriptor '/root/workspaces/ros2_ws/install/warehouse_worlds/share/warehouse_worlds/package.dsv'
[73.283s] INFO:colcon.colcon_core.shell:Creating package script '/root/workspaces/ros2_ws/install/warehouse_worlds/share/warehouse_worlds/package.sh'
[73.343s] INFO:colcon.colcon_core.shell:Creating package script '/root/workspaces/ros2_ws/install/warehouse_worlds/share/warehouse_worlds/package.bash'
[73.363s] INFO:colcon.colcon_core.shell:Creating package script '/root/workspaces/ros2_ws/install/warehouse_worlds/share/warehouse_worlds/package.zsh'
[73.376s] Level 1:colcon.colcon_core.environment:create_file_with_runtime_dependencies(/root/workspaces/ros2_ws/install/warehouse_worlds/share/colcon-core/packages/warehouse_worlds)
[131.257s] DEBUG:colcon.colcon_core.event_handler.log_command:Invoked command in '/root/workspaces/ros2_ws/build/ffw_swerve_drive_controller' returned '0': CMAKE_PREFIX_PATH=${CMAKE_PREFIX_PATH}:/root/workspaces/ros2_ws/install/human_detector:/root/workspaces/ros2_ws/install/ffw_teleop:/root/workspaces/ros2_ws/install/ffw_bringup:/opt/ros/jazzy /usr/bin/cmake --build /root/workspaces/ros2_ws/build/ffw_swerve_drive_controller -- -j4 -l4
[131.280s] DEBUG:colcon.colcon_core.event_handler.log_command:Invoking command in '/root/workspaces/ros2_ws/build/ffw_swerve_drive_controller': CMAKE_PREFIX_PATH=${CMAKE_PREFIX_PATH}:/root/workspaces/ros2_ws/install/human_detector:/root/workspaces/ros2_ws/install/ffw_teleop:/root/workspaces/ros2_ws/install/ffw_bringup:/opt/ros/jazzy /usr/bin/cmake --install /root/workspaces/ros2_ws/build/ffw_swerve_drive_controller
[134.551s] Level 1:colcon.colcon_core.environment:create_environment_scripts_only(ffw_swerve_drive_controller)
[134.552s] Level 1:colcon.colcon_core.environment:checking '/root/workspaces/ros2_ws/install/ffw_swerve_drive_controller' for CMake module files
[134.558s] DEBUG:colcon.colcon_core.event_handler.log_command:Invoked command in '/root/workspaces/ros2_ws/build/ffw_swerve_drive_controller' returned '0': CMAKE_PREFIX_PATH=${CMAKE_PREFIX_PATH}:/root/workspaces/ros2_ws/install/human_detector:/root/workspaces/ros2_ws/install/ffw_teleop:/root/workspaces/ros2_ws/install/ffw_bringup:/opt/ros/jazzy /usr/bin/cmake --install /root/workspaces/ros2_ws/build/ffw_swerve_drive_controller
[134.564s] Level 1:colcon.colcon_core.environment:checking '/root/workspaces/ros2_ws/install/ffw_swerve_drive_controller' for CMake config files
[134.586s] Level 1:colcon.colcon_core.shell:create_environment_hook('ffw_swerve_drive_controller', 'cmake_prefix_path')
[134.592s] INFO:colcon.colcon_core.shell:Creating environment hook '/root/workspaces/ros2_ws/install/ffw_swerve_drive_controller/share/ffw_swerve_drive_controller/hook/cmake_prefix_path.ps1'
[134.641s] INFO:colcon.colcon_core.shell:Creating environment descriptor '/root/workspaces/ros2_ws/install/ffw_swerve_drive_controller/share/ffw_swerve_drive_controller/hook/cmake_prefix_path.dsv'
[134.654s] INFO:colcon.colcon_core.shell:Creating environment hook '/root/workspaces/ros2_ws/install/ffw_swerve_drive_controller/share/ffw_swerve_drive_controller/hook/cmake_prefix_path.sh'
[134.666s] Level 1:colcon.colcon_core.environment:checking '/root/workspaces/ros2_ws/install/ffw_swerve_drive_controller/lib'
[134.677s] Level 1:colcon.colcon_core.shell:create_environment_hook('ffw_swerve_drive_controller', 'ld_library_path_lib')
[134.685s] INFO:colcon.colcon_core.shell:Creating environment hook '/root/workspaces/ros2_ws/install/ffw_swerve_drive_controller/share/ffw_swerve_drive_controller/hook/ld_library_path_lib.ps1'
[134.695s] INFO:colcon.colcon_core.shell:Creating environment descriptor '/root/workspaces/ros2_ws/install/ffw_swerve_drive_controller/share/ffw_swerve_drive_controller/hook/ld_library_path_lib.dsv'
[134.707s] INFO:colcon.colcon_core.shell:Creating environment hook '/root/workspaces/ros2_ws/install/ffw_swerve_drive_controller/share/ffw_swerve_drive_controller/hook/ld_library_path_lib.sh'
[134.756s] Level 1:colcon.colcon_core.environment:checking '/root/workspaces/ros2_ws/install/ffw_swerve_drive_controller/bin'
[134.756s] Level 1:colcon.colcon_core.environment:checking '/root/workspaces/ros2_ws/install/ffw_swerve_drive_controller/lib/pkgconfig/ffw_swerve_drive_controller.pc'
[134.756s] Level 1:colcon.colcon_core.environment:checking '/root/workspaces/ros2_ws/install/ffw_swerve_drive_controller/lib/python3.12/site-packages'
[134.766s] Level 1:colcon.colcon_core.environment:checking '/root/workspaces/ros2_ws/install/ffw_swerve_drive_controller/bin'
[134.775s] INFO:colcon.colcon_core.shell:Creating package script '/root/workspaces/ros2_ws/install/ffw_swerve_drive_controller/share/ffw_swerve_drive_controller/package.ps1'
[134.788s] INFO:colcon.colcon_core.shell:Creating package descriptor '/root/workspaces/ros2_ws/install/ffw_swerve_drive_controller/share/ffw_swerve_drive_controller/package.dsv'
[134.803s] INFO:colcon.colcon_core.shell:Creating package script '/root/workspaces/ros2_ws/install/ffw_swerve_drive_controller/share/ffw_swerve_drive_controller/package.sh'
[134.836s] INFO:colcon.colcon_core.shell:Creating package script '/root/workspaces/ros2_ws/install/ffw_swerve_drive_controller/share/ffw_swerve_drive_controller/package.bash'
[134.848s] INFO:colcon.colcon_core.shell:Creating package script '/root/workspaces/ros2_ws/install/ffw_swerve_drive_controller/share/ffw_swerve_drive_controller/package.zsh'
[134.859s] Level 1:colcon.colcon_core.environment:create_file_with_runtime_dependencies(/root/workspaces/ros2_ws/install/ffw_swerve_drive_controller/share/colcon-core/packages/ffw_swerve_drive_controller)
[134.890s] Level 1:colcon.colcon_core.environment:create_environment_scripts_only(ffw_swerve_drive_controller)
[134.890s] Level 1:colcon.colcon_core.environment:checking '/root/workspaces/ros2_ws/install/ffw_swerve_drive_controller' for CMake module files
[134.937s] Level 1:colcon.colcon_core.environment:checking '/root/workspaces/ros2_ws/install/ffw_swerve_drive_controller' for CMake config files
[134.957s] Level 1:colcon.colcon_core.shell:create_environment_hook('ffw_swerve_drive_controller', 'cmake_prefix_path')
[134.957s] INFO:colcon.colcon_core.shell:Creating environment hook '/root/workspaces/ros2_ws/install/ffw_swerve_drive_controller/share/ffw_swerve_drive_controller/hook/cmake_prefix_path.ps1'
[134.973s] INFO:colcon.colcon_core.shell:Creating environment descriptor '/root/workspaces/ros2_ws/install/ffw_swerve_drive_controller/share/ffw_swerve_drive_controller/hook/cmake_prefix_path.dsv'
[134.986s] INFO:colcon.colcon_core.shell:Creating environment hook '/root/workspaces/ros2_ws/install/ffw_swerve_drive_controller/share/ffw_swerve_drive_controller/hook/cmake_prefix_path.sh'
[135.044s] Level 1:colcon.colcon_core.environment:checking '/root/workspaces/ros2_ws/install/ffw_swerve_drive_controller/lib'
[135.045s] Level 1:colcon.colcon_core.shell:create_environment_hook('ffw_swerve_drive_controller', 'ld_library_path_lib')
[135.054s] INFO:colcon.colcon_core.shell:Creating environment hook '/root/workspaces/ros2_ws/install/ffw_swerve_drive_controller/share/ffw_swerve_drive_controller/hook/ld_library_path_lib.ps1'
[135.067s] INFO:colcon.colcon_core.shell:Creating environment descriptor '/root/workspaces/ros2_ws/install/ffw_swerve_drive_controller/share/ffw_swerve_drive_controller/hook/ld_library_path_lib.dsv'
[135.084s] INFO:colcon.colcon_core.shell:Creating environment hook '/root/workspaces/ros2_ws/install/ffw_swerve_drive_controller/share/ffw_swerve_drive_controller/hook/ld_library_path_lib.sh'
[135.098s] Level 1:colcon.colcon_core.environment:checking '/root/workspaces/ros2_ws/install/ffw_swerve_drive_controller/bin'
[135.098s] Level 1:colcon.colcon_core.environment:checking '/root/workspaces/ros2_ws/install/ffw_swerve_drive_controller/lib/pkgconfig/ffw_swerve_drive_controller.pc'
[135.099s] Level 1:colcon.colcon_core.environment:checking '/root/workspaces/ros2_ws/install/ffw_swerve_drive_controller/lib/python3.12/site-packages'
[135.099s] Level 1:colcon.colcon_core.environment:checking '/root/workspaces/ros2_ws/install/ffw_swerve_drive_controller/bin'
[135.099s] INFO:colcon.colcon_core.shell:Creating package script '/root/workspaces/ros2_ws/install/ffw_swerve_drive_controller/share/ffw_swerve_drive_controller/package.ps1'
[135.147s] INFO:colcon.colcon_core.shell:Creating package descriptor '/root/workspaces/ros2_ws/install/ffw_swerve_drive_controller/share/ffw_swerve_drive_controller/package.dsv'
[135.168s] INFO:colcon.colcon_core.shell:Creating package script '/root/workspaces/ros2_ws/install/ffw_swerve_drive_controller/share/ffw_swerve_drive_controller/package.sh'
[135.181s] INFO:colcon.colcon_core.shell:Creating package script '/root/workspaces/ros2_ws/install/ffw_swerve_drive_controller/share/ffw_swerve_drive_controller/package.bash'
[135.200s] INFO:colcon.colcon_core.shell:Creating package script '/root/workspaces/ros2_ws/install/ffw_swerve_drive_controller/share/ffw_swerve_drive_controller/package.zsh'
[135.240s] Level 1:colcon.colcon_core.environment:create_file_with_runtime_dependencies(/root/workspaces/ros2_ws/install/ffw_swerve_drive_controller/share/colcon-core/packages/ffw_swerve_drive_controller)
[135.255s] DEBUG:colcon.colcon_parallel_executor.executor.parallel:closing loop
[135.255s] DEBUG:colcon.colcon_parallel_executor.executor.parallel:loop closed
[135.255s] DEBUG:colcon.colcon_parallel_executor.executor.parallel:run_until_complete finished with '0'
[135.255s] DEBUG:colcon.colcon_core.event_reactor:joining thread
[135.344s] INFO:colcon.colcon_core.plugin_system:Skipping extension 'colcon_notification.desktop_notification.notify_send': Could not find 'notify-send'
[135.344s] INFO:colcon.colcon_core.plugin_system:Skipping extension 'colcon_notification.desktop_notification.terminal_notifier': Not used on non-Darwin systems
[135.352s] INFO:colcon.colcon_core.plugin_system:Skipping extension 'colcon_notification.desktop_notification.win32': Not used on non-Windows systems
[135.361s] INFO:colcon.colcon_notification.desktop_notification:Sending desktop notification using 'notify2'
[135.395s] DEBUG:colcon.colcon_notification.desktop_notification.notify2:Failed to initialize notify2: org.freedesktop.DBus.Error.Spawn.ExecFailed: /usr/bin/dbus-launch terminated abnormally without any error message
[135.437s] DEBUG:colcon.colcon_core.event_reactor:joined thread
[135.447s] INFO:colcon.colcon_core.shell:Creating prefix script '/root/workspaces/ros2_ws/install/local_setup.ps1'
[135.467s] INFO:colcon.colcon_core.shell:Creating prefix util module '/root/workspaces/ros2_ws/install/_local_setup_util_ps1.py'
[135.483s] INFO:colcon.colcon_core.shell:Creating prefix chain script '/root/workspaces/ros2_ws/install/setup.ps1'
[135.563s] INFO:colcon.colcon_core.shell:Creating prefix script '/root/workspaces/ros2_ws/install/local_setup.sh'
[135.577s] INFO:colcon.colcon_core.shell:Creating prefix util module '/root/workspaces/ros2_ws/install/_local_setup_util_sh.py'
[135.591s] INFO:colcon.colcon_core.shell:Creating prefix chain script '/root/workspaces/ros2_ws/install/setup.sh'
[135.668s] INFO:colcon.colcon_core.shell:Creating prefix script '/root/workspaces/ros2_ws/install/local_setup.bash'
[135.679s] INFO:colcon.colcon_core.shell:Creating prefix chain script '/root/workspaces/ros2_ws/install/setup.bash'
[135.754s] INFO:colcon.colcon_core.shell:Creating prefix script '/root/workspaces/ros2_ws/install/local_setup.zsh'
[135.766s] INFO:colcon.colcon_core.shell:Creating prefix chain script '/root/workspaces/ros2_ws/install/setup.zsh'
